sample_index,toi,tid,tfopwg_disp,pl_orbper,pl_tranmid,pl_trandurh,pl_trandep,st_tmag,st_teff,st_rad,ra,dec,toi_created,rowupdate,label,search_status,spoc_120_available,n_sectors,group_fold,split,manifest_index,selected_sector,status,global_nan_count,local_nan_count,n_clean_points,global_interpolated_percent,local_interpolated_percent,max_interpolated_percent,sample_file
0,1064.01,79748331,CP,6.4438657,2458656.668478,1.9309449,1121.9512275,10.0059,4803.0,0.737189,296.003935,-47.56203,2019-08-16 20:20:42,2024-04-25 10:08:01,1,ok,True,6,6,train,0,13,cached,0,0,16591,0.0,0.0,0.0,c:\Users\user\Documents\HSFlensburgMaster\Sommersemester2026\AdvancedDeepLearning\Projekt\Exoplanets\data\interim\spoc120_dataset_generation\samples\toi_1064_01.npz
1,1064.02,79748331,CP,12.2265595,2458664.490132,2.1904379,1206.3693293,10.0059,4803.0,0.737189,296.003935,-47.56203,2019-08-16 20:20:42,2024-04-25 10:08:01,1,ok,True,6,6,train,1,13,success,0,0,16591,0.0,0.0,0.0,c:\Users\user\Documents\HSFlensburgMaster\Sommersemester2026\AdvancedDeepLearning\Projekt\Exoplanets\data\interim\spoc120_dataset_generation\samples\toi_1064_02.npz
2,1065.01,7088246,KP,2.1605155,2458654.345755,1.4806956,13774.8794619,13.2851,5780.0,1.2,286.36675,-50.06735,2019-08-16 20:20:41,2026-04-15 10:08:02,1,ok,True,4,19,test,2,13,success,0,0,17072,0.0,0.0,0.0,c:\Users\user\Documents\HSFlensburgMaster\Sommersemester2026\AdvancedDeepLearning\Projekt\Exoplanets\data\interim\spoc120_dataset_generation\samples\toi_1065_01.npz
3,1066.01,201604954,KP,4.606184,2458657.832537,3.121643,13793.034867,11.9707,5670.0,1.07,285.096517,-54.893341,2019-08-16 20:20:44,2021-10-29 12:59:15,1,ok,True,5,4,train,3,13,success,0,0,19378,0.0,0.0,0.0,c:\Users\user\Documents\HSFlensburgMaster\Sommersemester2026\AdvancedDeepLearning\Projekt\Exoplanets\data\interim\spoc120_dataset_generation\samples\toi_1066_01.npz
4,1067.01,201642601,KP,3.1316735,2458656.987874,2.4579197,14915.6943722,13.1686,4351.0,0.76701,288.672005,-59.57935,2019-08-16 20:20:44,2024-03-14 16:54:32,1,ok,True,7,2,train,4,13,success,0,0,19439,0.0,0.0,0.0,c:\Users\user\Documents\HSFlensburgMaster\Sommersemester2026\AdvancedDeepLearning\Projekt\Exoplanets\data\interim\spoc120_dataset_generation\samples\toi_1067_01.npz
5,1068.01,6663331,KP,3.180362,2458656.633231,2.111521,21192.463324,13.2887,5498.0,0.92,284.399762,-49.138513,2019-08-16 20:20:41,2021-10-29 12:59:15,1,ok,True,4,19,test,5,13,success,0,0,16648,0.0,0.0,0.0,c:\Users\user\Documents\HSFlensburgMaster\Sommersemester2026\AdvancedDeepLearning\Projekt\Exoplanets\data\interim\spoc120_dataset_generation\samples\toi_1068_01.npz
6,1069.01,31858843,KP,2.9776446,2460147.378764,2.962,13022.0,10.4293,5703.0,1.22,289.479212,-32.860124,2019-08-16 20:20:41,2023-10-16 16:02:02,1,ok,True,5,7,train,6,13,success,0,0,17047,0.0,0.0,0.0,c:\Users\user\Documents\HSFlensburgMaster\Sommersemester2026\AdvancedDeepLearning\Projekt\Exoplanets\data\interim\spoc120_dataset_generation\samples\toi_1069_01.npz
7,107.01,92352620,KP,3.9502008,2460176.993334,4.444,13914.0,9.6433,6153.0,1.71,313.783239,-34.135751,2018-09-05 18:49:20,2023-11-15 16:02:02,1,ok,True,5,6,train,7,1,success,0,0,18181,0.0,0.0,0.0,c:\Users\user\Documents\HSFlensburgMaster\Sommersemester2026\AdvancedDeepLearning\Projekt\Exoplanets\data\interim\spoc120_dataset_generation\samples\toi_107_01.npz
8,1070.01,31858844,FP,2.9776152,2458655.579241,3.25697,43218.111683,15.7114,5740.0,1.28,289.478541,-32.861327,2019-08-16 20:20:41,2021-10-29 12:59:15,0,ok,True,2,2,train,8,13,success,0,0,17046,0.0,0.0,0.0,c:\Users\user\Documents\HSFlensburgMaster\Sommersemester2026\AdvancedDeepLearning\Projekt\Exoplanets\data\interim\spoc120_dataset_generation\samples\toi_1070_01.npz
9,1071.01,120247528,KP,3.5544026,2458655.394059,2.0550535,10164.8753396,11.5803,5639.0,1.11499,280.184169,-58.459388,2019-08-16 20:20:42,2025-08-29 16:00:02,1,ok,True,6,4,train,9,13,success,0,0,19438,0.0,0.0,0.0,c:\Users\user\Documents\HSFlensburgMaster\Sommersemester2026\AdvancedDeepLearning\Projekt\Exoplanets\data\interim\spoc120_dataset_generation\samples\toi_1071_01.npz
10,1072.01,140830390,FP,12.8379689,2459211.732146,9.8464123,10539.0192794,11.7106,5765.0,2.4494,75.627307,-72.913998,2019-08-16 20:20:43,2021-10-29 12:59:15,0,ok,True,32,8,train,10,11,success,18,0,14293,8.955223880597014,0.0,8.955223880597014,c:\Users\user\Documents\HSFlensburgMaster\Sommersemester2026\AdvancedDeepLearning\Projekt\Exoplanets\data\interim\spoc120_dataset_generation\samples\toi_1072_01.npz
11,1073.01,158297421,CP,3.9228016,2459036.472812,1.8736007,31510.9004906,13.6699,4444.0,0.6983,287.484402,-49.664942,2019-08-16 20:20:43,2021-12-09 10:10:02,1,ok,True,5,15,validation,11,13,success,0,0,16626,0.0,0.0,0.0,c:\Users\user\Documents\HSFlensburgMaster\Sommersemester2026\AdvancedDeepLearning\Projekt\Exoplanets\data\interim\spoc120_dataset_generation\samples\toi_1073_01.npz
12,1075.01,351601843,CP,0.6047392,2458654.249503,1.0403847,1027.6833479,11.1186,4046.0,0.580337,309.971209,-65.449699,2019-08-16 20:20:48,2024-09-09 10:08:01,1,ok,True,8,10,train,12,13,success,0,0,13881,0.0,0.0,0.0,c:\Users\user\Documents\HSFlensburgMaster\Sommersemester2026\AdvancedDeepLearning\Projekt\Exoplanets\data\interim\spoc120_dataset_generation\samples\toi_1075_01.npz
13,1076.01,360742636,KP,2.5495611,2458654.163257,2.6173308,14921.4021936,11.2474,5659.0,1.03997,294.633694,-55.330269,2019-08-16 20:20:48,2024-09-09 10:08:01,1,ok,True,5,12,train,13,13,success,0,0,19110,0.0,0.0,0.0,c:\Users\user\Documents\HSFlensburgMaster\Sommersemester2026\AdvancedDeepLearning\Projekt\Exoplanets\data\interim\spoc120_dataset_generation\samples\toi_1076_01.npz
14,1000.01,50365310,FP,2.1713484,2459229.630046,2.0172196,656.8860989,9.604,10249.0,2.16986,112.357708,-12.69596,2019-07-24 15:58:33,2024-09-09 10:08:01,0,ok,True,1,14,validation,14,34,success,0,0,16900,0.0,0.0,0.0,c:\Users\user\Documents\HSFlensburgMaster\Sommersemester2026\AdvancedDeepLearning\Projekt\Exoplanets\data\interim\spoc120_dataset_generation\samples\toi_1000_01.npz
15,1002.01,124709665,FP,1.8675574,2459224.687802,1.408,1500.0,9.299501,8924.0,5.73,104.726966,-10.580455,2019-07-24 15:58:33,2022-07-11 16:02:02,0,ok,True,1,12,train,15,33,success,0,0,17458,0.0,0.0,0.0,c:\Users\user\Documents\HSFlensburgMaster\Sommersemester2026\AdvancedDeepLearning\Projekt\Exoplanets\data\interim\spoc120_dataset_generation\samples\toi_1002_01.npz
16,1003.01,106997505,FP,2.74323,2458493.3957,3.167,383.41,9.3003,5388.5,,110.559945,-25.207017,2019-07-24 15:58:33,2022-02-23 10:10:02,0,ok,True,1,0,train,16,34,success,0,0,16796,0.0,0.0,0.0,c:\Users\user\Documents\HSFlensburgMaster\Sommersemester2026\AdvancedDeepLearning\Projekt\Exoplanets\data\interim\spoc120_dataset_generation\samples\toi_1003_01.npz
17,1004.01,238597883,FP,3.5730141,2459987.047262,3.37,755.0,9.1355,9219.0,2.15,122.178195,-48.802811,2019-07-24 15:58:33,2024-09-09 10:08:01,0,ok,True,1,11,train,17,34,success,0,0,16956,0.0,0.0,0.0,c:\Users\user\Documents\HSFlensburgMaster\Sommersemester2026\AdvancedDeepLearning\Projekt\Exoplanets\data\interim\spoc120_dataset_generation\samples\toi_1004_01.npz
18,1005.01,169904935,FP,4.5505945,2459985.156855,2.654,3731.0,9.1309,5613.0,1.09,120.704811,-11.101521,2019-07-24 15:58:33,2025-07-08 10:08:01,0,ok,True,1,18,test,18,34,success,0,0,16900,0.0,0.0,0.0,c:\Users\user\Documents\HSFlensburgMaster\Sommersemester2026\AdvancedDeepLearning\Projekt\Exoplanets\data\interim\spoc120_dataset_generation\samples\toi_1005_01.npz
19,1006.01,156115721,FP,2.5047918,2459229.984579,4.3797563,2270.5402194,9.2386,6616.0,1.53429,124.359239,-27.273521,2019-07-24 15:58:33,2021-10-29 12:59:15,0,ok,True,1,11,train,19,34,success,0,0,16912,0.0,0.0,0.0,c:\Users\user\Documents\HSFlensburgMaster\Sommersemester2026\AdvancedDeepLearning\Projekt\Exoplanets\data\interim\spoc120_dataset_generation\samples\toi_1006_01.npz
20,1008.01,440801822,FP,2.0483755,2460258.236122,2.767,483.0,8.9362,6858.5,1.57,109.382839,13.395219,2019-07-24 15:58:33,2023-12-08 16:02:02,0,ok,True,4,15,validation,20,33,success,0,0,17458,0.0,0.0,0.0,c:\Users\user\Documents\HSFlensburgMaster\Sommersemester2026\AdvancedDeepLearning\Projekt\Exoplanets\data\interim\spoc120_dataset_generation\samples\toi_1008_01.npz
21,101.01,231663901,KP,1.4303699,2458326.009117,1.6165994,18960.7122944,12.4069,5600.0,0.890774,318.737012,-55.871863,2018-09-05 18:49:20,2024-09-06 10:08:02,1,ok,True,9,10,train,21,1,success,0,0,18276,0.0,0.0,0.0,c:\Users\user\Documents\HSFlensburgMaster\Sommersemester2026\AdvancedDeepLearning\Projekt\Exoplanets\data\interim\spoc120_dataset_generation\samples\toi_101_01.npz
22,1010.01,139853601,FP,0.6808702,2459228.878101,2.4634563,1507.8006889,8.45086,9438.0,1.0,112.293981,-21.832912,2019-07-24 15:58:33,2021-10-29 12:59:15,0,ok,True,1,14,validation,22,34,success,0,0,16809,0.0,0.0,0.0,c:\Users\user\Documents\HSFlensburgMaster\Sommersemester2026\AdvancedDeepLearning\Projekt\Exoplanets\data\interim\spoc120_dataset_generation\samples\toi_1010_01.npz
23,1013.01,97700520,FP,5.4255548,2459232.248322,3.9637474,14939.6342222,7.6095,8868.7,,107.286063,-31.933523,2019-07-24 15:58:33,2021-10-29 12:59:15,0,ok,True,2,4,train,23,33,success,0,0,17453,0.0,0.0,0.0,c:\Users\user\Documents\HSFlensburgMaster\Sommersemester2026\AdvancedDeepLearning\Projekt\Exoplanets\data\interim\spoc120_dataset_generation\samples\toi_1013_01.npz
24,1014.01,96246348,FP,1.4095184,2459985.657041,0.9484999,2841.5103258,7.678,9307.0,,103.561602,-34.22282,2019-07-24 15:58:33,2023-11-20 10:08:02,0,ok,True,3,6,train,24,33,success,0,0,17453,0.0,0.0,0.0,c:\Users\user\Documents\HSFlensburgMaster\Sommersemester2026\AdvancedDeepLearning\Projekt\Exoplanets\data\interim\spoc120_dataset_generation\samples\toi_1014_01.npz
25,1015.01,155044736,FP,1.3730466,2459963.610065,2.5708515,1301.5065338,10.7069,4897.0,6.7996101,122.895964,-27.971896,2019-04-01 16:51:56,2023-12-20 16:02:19,0,ok,True,2,6,train,25,34,success,0,0,16896,0.0,0.0,0.0,c:\Users\user\Documents\HSFlensburgMaster\Sommersemester2026\AdvancedDeepLearning\Projekt\Exoplanets\data\interim\spoc120_dataset_generation\samples\toi_1015_01.npz
26,1016.01,175310067,FP,12.6889415,2459238.831138,7.9201001,3232.8527885,10.6257,7601.0,1.53641,116.110771,-36.098285,2019-04-01 16:52:03,2024-09-09 10:08:01,0,ok,True,1,15,validation,26,34,success,4,0,16950,1.9900497512437811,0.0,1.9900497512437811,c:\Users\user\Documents\HSFlensburgMaster\Sommersemester2026\AdvancedDeepLearning\Projekt\Exoplanets\data\interim\spoc120_dataset_generation\samples\toi_1016_01.npz
27,1017.01,182943944,FP,1.10422,2458518.96536,2.37,14177.7,10.6019,6995.2,1.61,124.726411,-37.78325,2019-07-24 17:08:12,2021-10-29 12:59:15,0,ok,True,2,4,train,27,34,success,0,0,16941,0.0,0.0,0.0,c:\Users\user\Documents\HSFlensburgMaster\Sommersemester2026\AdvancedDeepLearning\Projekt\Exoplanets\data\interim\spoc120_dataset_generation\samples\toi_1017_01.npz
28,1018.01,291555748,FP,4.95912,2458492.78078,2.509,7440.0,10.6254,5889.0,2.0,111.716019,-50.266567,2019-04-01 16:52:01,2021-10-29 12:59:15,0,ok,True,3,10,train,28,33,success,0,0,17457,0.0,0.0,0.0,c:\Users\user\Documents\HSFlensburgMaster\Sommersemester2026\AdvancedDeepLearning\Projekt\Exoplanets\data\interim\spoc120_dataset_generation\samples\toi_1018_01.npz
29,102.01,149603524,KP,4.4119372,2460982.065462,3.6321285,14711.8810303,9.7109,6280.0,1.21,87.139821,-63.988329,2019-05-07 17:42:37,2026-04-17 10:08:01,1,ok,True,38,0,train,29,1,success,0,0,18278,0.0,0.0,0.0,c:\Users\user\Documents\HSFlensburgMaster\Sommersemester2026\AdvancedDeepLearning\Projekt\Exoplanets\data\interim\spoc120_dataset_generation\samples\toi_102_01.npz
30,1020.01,140706664,FP,3.28892,2458521.29108,3.793,10518.9,10.7173,8734.2,,128.381976,-43.828421,2019-07-24 17:08:12,2021-10-29 12:59:15,0,ok,True,1,16,validation,30,35,success,0,0,13780,0.0,0.0,0.0,c:\Users\user\Documents\HSFlensburgMaster\Sommersemester2026\AdvancedDeepLearning\Projekt\Exoplanets\data\interim\spoc120_dataset_generation\samples\toi_1020_01.npz
31,1021.01,143994283,FP,1.90879,2458492.90429,1.909,618.482,10.5551,6022.6,1.22,119.30075,-42.999149,2019-07-24 17:08:12,2021-10-29 12:59:15,0,ok,True,2,1,train,31,34,success,0,0,16939,0.0,0.0,0.0,c:\Users\user\Documents\HSFlensburgMaster\Sommersemester2026\AdvancedDeepLearning\Projekt\Exoplanets\data\interim\spoc120_dataset_generation\samples\toi_1021_01.npz
32,1022.01,47384844,FA,3.09574,2458547.448,4.475,380.0,8.72924,6084.0,1.41,162.96491,-5.788708,2019-06-04 14:32:44,2023-06-06 12:02:56,0,ok,True,3,0,train,32,9,success,0,0,15779,0.0,0.0,0.0,c:\Users\user\Documents\HSFlensburgMaster\Sommersemester2026\AdvancedDeepLearning\Projekt\Exoplanets\data\interim\spoc120_dataset_generation\samples\toi_1022_01.npz
33,1023.01,238374636,FP,1.3214483,2459303.303969,3.435,2180.0,9.697,5050.8,2.99,120.837688,-51.345626,2019-07-24 18:44:12,2021-12-07 16:02:02,0,ok,True,5,6,train,33,34,success,0,0,16929,0.0,0.0,0.0,c:\Users\user\Documents\HSFlensburgMaster\Sommersemester2026\AdvancedDeepLearning\Projekt\Exoplanets\data\interim\spoc120_dataset_generation\samples\toi_1023_01.npz
34,1024.01,141482386,FP,18.0157,2458339.72276,2.524,610.0,10.0814,4709.0,7.61,86.820714,-72.422611,2019-07-24 18:44:12,2021-10-29 12:59:15,0,ok,True,12,13,train,34,27,success,15,1,16153,7.462686567164178,1.639344262295082,7.462686567164178,c:\Users\user\Documents\HSFlensburgMaster\Sommersemester2026\AdvancedDeepLearning\Projekt\Exoplanets\data\interim\spoc120_dataset_generation\samples\toi_1024_01.npz
35,1025.01,297967252,FP,9.6837908,2460733.686688,1.6988586,4965.2496516,5.5324,8598.7,,142.521159,-51.517114,2019-07-24 18:44:12,2025-12-11 10:08:01,0,ok,True,8,4,train,35,9,success,0,0,16518,0.0,0.0,0.0,c:\Users\user\Documents\HSFlensburgMaster\Sommersemester2026\AdvancedDeepLearning\Projekt\Exoplanets\data\interim\spoc120_dataset_generation\samples\toi_1025_01.npz
36,1026.01,388624270,FP,14.2628757,2460720.807674,6.9350494,913.2067174,9.9138,5690.0,0.853898,125.434634,-51.759442,2019-06-11 14:45:00,2025-09-02 16:00:02,0,ok,True,3,9,train,36,34,success,20,0,16961,9.950248756218906,0.0,9.950248756218906,c:\Users\user\Documents\HSFlensburgMaster\Sommersemester2026\AdvancedDeepLearning\Projekt\Exoplanets\data\interim\spoc120_dataset_generation\samples\toi_1026_01.npz
37,1028.01,447283466,FP,1.01606,2458544.48066,2.843,240.0,7.9059,4634.0,0.68,157.098337,-51.705409,2019-07-24 18:44:12,2021-10-29 12:59:15,0,ok,True,6,18,test,37,9,success,0,0,16519,0.0,0.0,0.0,c:\Users\user\Documents\HSFlensburgMaster\Sommersemester2026\AdvancedDeepLearning\Projekt\Exoplanets\data\interim\spoc120_dataset_generation\samples\toi_1028_01.npz
38,103.01,336732616,KP,3.547854,2458327.25256,3.494333,10424.3718,11.5232,6351.0,1.4,312.457488,-24.428694,2018-09-05 18:49:20,2024-09-07 10:08:02,1,ok,True,2,8,train,38,1,success,0,0,18182,0.0,0.0,0.0,c:\Users\user\Documents\HSFlensburgMaster\Sommersemester2026\AdvancedDeepLearning\Projekt\Exoplanets\data\interim\spoc120_dataset_generation\samples\toi_103_01.npz
39,1030.01,464296022,FP,12.1246519,2460054.783937,4.612,7279.0,9.5706,4807.6,1.07,155.831478,-57.590248,2019-07-24 18:44:12,2023-05-31 10:10:01,0,ok,True,3,12,train,39,36,success,0,0,16295,0.0,0.0,0.0,c:\Users\user\Documents\HSFlensburgMaster\Sommersemester2026\AdvancedDeepLearning\Projekt\Exoplanets\data\interim\spoc120_dataset_generation\samples\toi_1030_01.npz
40,1031.01,304021498,FP,5.652623,2459304.837939,3.434,1250.0,9.7318,6415.4,1.92,140.88389,-67.026006,2019-06-25 15:58:39,2024-09-19 10:08:01,0,ok,True,2,3,train,40,36,success,0,0,15920,0.0,0.0,0.0,c:\Users\user\Documents\HSFlensburgMaster\Sommersemester2026\AdvancedDeepLearning\Projekt\Exoplanets\data\interim\spoc120_dataset_generation\samples\toi_1031_01.npz
41,1034.01,400595342,FP,3.6404389,2460768.617427,2.5339234,476.3077321,9.8174,9810.0,1.60776,134.441752,-49.000578,2019-07-24 18:44:12,2025-09-05 10:08:01,0,ok,True,2,7,train,42,35,success,0,0,13829,0.0,0.0,0.0,c:\Users\user\Documents\HSFlensburgMaster\Sommersemester2026\AdvancedDeepLearning\Projekt\Exoplanets\data\interim\spoc120_dataset_generation\samples\toi_1034_01.npz
42,1037.01,363260203,FP,1.2025238,2459331.124512,1.991,390.0,9.0211,9158.0,1.74,147.385172,-63.306478,2019-07-24 18:44:12,2024-09-07 10:08:02,0,ok,True,2,11,train,43,36,success,0,0,15920,0.0,0.0,0.0,c:\Users\user\Documents\HSFlensburgMaster\Sommersemester2026\AdvancedDeepLearning\Projekt\Exoplanets\data\interim\spoc120_dataset_generation\samples\toi_1037_01.npz
43,1038.01,90544017,FP,3.2235985,2459273.371643,2.159,680.0,8.7157,8904.0,2.17,128.454638,-49.940347,2019-07-24 18:44:12,2021-10-29 12:59:15,0,ok,True,1,0,train,44,35,success,0,0,13826,0.0,0.0,0.0,c:\Users\user\Documents\HSFlensburgMaster\Sommersemester2026\AdvancedDeepLearning\Projekt\Exoplanets\data\interim\spoc120_dataset_generation\samples\toi_1038_01.npz
44,104.01,231670397,KP,4.0872956,2460150.608677,5.586113,3572.1712499,9.8638,6036.0,2.2186699,319.949697,-58.148933,2018-09-05 18:49:20,2023-10-16 16:02:02,1,ok,True,8,1,train,45,1,success,0,0,18277,0.0,0.0,0.0,c:\Users\user\Documents\HSFlensburgMaster\Sommersemester2026\AdvancedDeepLearning\Projekt\Exoplanets\data\interim\spoc120_dataset_generation\samples\toi_104_01.npz
45,1040.01,310483807,FP,2.55555,2460756.129789,1.566,397.9246747,8.3854,10037.0,6.04,128.61421,-61.488262,2019-07-24 18:44:12,2025-11-06 16:00:01,0,ok,True,3,16,validation,46,35,success,0,0,13777,0.0,0.0,0.0,c:\Users\user\Documents\HSFlensburgMaster\Sommersemester2026\AdvancedDeepLearning\Projekt\Exoplanets\data\interim\spoc120_dataset_generation\samples\toi_1040_01.npz
46,1041.01,385624852,FP,8.30792,2459261.801216,3.228,8350.0,8.0981,9081.0,3.05,138.402252,-55.19791,2019-07-24 18:44:12,2021-10-29 12:59:15,0,ok,True,6,6,train,47,35,success,0,0,13775,0.0,0.0,0.0,c:\Users\user\Documents\HSFlensburgMaster\Sommersemester2026\AdvancedDeepLearning\Projekt\Exoplanets\data\interim\spoc120_dataset_generation\samples\toi_1041_01.npz
47,1042.01,360286627,FP,0.758082,2459281.337956,1.8184632,583.93181,9.718,9917.0,3.5086601,141.975215,-61.33004,2019-07-24 18:44:12,2025-12-11 10:08:01,0,ok,True,5,2,train,48,36,success,0,0,15918,0.0,0.0,0.0,c:\Users\user\Documents\HSFlensburgMaster\Sommersemester2026\AdvancedDeepLearning\Projekt\Exoplanets\data\interim\spoc120_dataset_generation\samples\toi_1042_01.npz
48,1043.01,90448944,FP,1.4415577,2459985.770425,2.349,507.0,9.5719,6902.0,1.52,128.302319,-52.714202,2019-07-24 18:44:12,2024-09-09 10:08:01,0,ok,True,2,16,validation,49,35,success,0,0,13777,0.0,0.0,0.0,c:\Users\user\Documents\HSFlensburgMaster\Sommersemester2026\AdvancedDeepLearning\Projekt\Exoplanets\data\interim\spoc120_dataset_generation\samples\toi_1043_01.npz
49,1045.01,54044474,FP,3.7039994,2459301.544126,4.277,7590.0,9.6306,7013.8,1.9,159.887704,-32.51188,2019-07-24 18:44:12,2021-12-07 16:02:02,0,ok,True,1,3,train,50,36,success,0,0,15515,0.0,0.0,0.0,c:\Users\user\Documents\HSFlensburgMaster\Sommersemester2026\AdvancedDeepLearning\Projekt\Exoplanets\data\interim\spoc120_dataset_generation\samples\toi_1045_01.npz
50,1046.01,309787037,FP,1.3042553,2460177.867195,1.706,914.0,10.0119,6762.0,1.75,126.419468,-60.907514,2019-07-24 18:44:12,2024-09-19 10:08:01,0,ok,True,3,15,validation,51,35,success,0,0,13780,0.0,0.0,0.0,c:\Users\user\Documents\HSFlensburgMaster\Sommersemester2026\AdvancedDeepLearning\Projekt\Exoplanets\data\interim\spoc120_dataset_generation\samples\toi_1046_01.npz
51,1047.01,370745311,FP,0.62627,2458544.79061,0.666,1880.0,10.2355,5622.0,0.93,144.581535,-67.505097,2019-07-24 18:44:12,2021-10-29 12:59:15,0,ok,True,3,7,train,52,36,success,0,0,15918,0.0,0.0,0.0,c:\Users\user\Documents\HSFlensburgMaster\Sommersemester2026\AdvancedDeepLearning\Projekt\Exoplanets\data\interim\spoc120_dataset_generation\samples\toi_1047_01.npz
52,1048.01,384549882,FP,0.30412,2458518.376,0.748,1330.0,8.802,11892.0,2.52,136.527702,-54.903922,2019-07-24 18:44:12,2021-10-29 12:59:15,0,ok,True,2,17,test,53,35,success,0,0,13772,0.0,0.0,0.0,c:\Users\user\Documents\HSFlensburgMaster\Sommersemester2026\AdvancedDeepLearning\Projekt\Exoplanets\data\interim\spoc120_dataset_generation\samples\toi_1048_01.npz
53,1049.01,16288184,KP,2.1805333,2458626.801546,2.9443745,16399.8584641,11.0657,6599.0,1.2714601,253.768848,-28.710584,2019-07-15 19:20:04,2026-01-15 16:00:02,1,ok,True,3,11,train,54,12,success,0,0,15997,0.0,0.0,0.0,c:\Users\user\Documents\HSFlensburgMaster\Sommersemester2026\AdvancedDeepLearning\Projekt\Exoplanets\data\interim\spoc120_dataset_generation\samples\toi_1049_01.npz
54,105.01,144065872,KP,2.1846669,2460904.412675,2.6989102,11535.5475157,9.4995,5630.0,1.23824,337.457824,-48.003099,2018-09-05 18:49:20,2026-04-08 16:00:02,1,ok,True,5,0,train,55,1,success,0,0,18276,0.0,0.0,0.0,c:\Users\user\Documents\HSFlensburgMaster\Sommersemester2026\AdvancedDeepLearning\Projekt\Exoplanets\data\interim\spoc120_dataset_generation\samples\toi_105_01.npz
55,1050.01,66818296,KP,3.7354838,2459355.54563,4.142,17030.0,11.0261,6650.0,1.57,239.962248,-28.061794,2019-07-15 19:20:05,2022-10-05 10:10:01,1,ok,True,3,5,train,56,12,success,0,0,13936,0.0,0.0,0.0,c:\Users\user\Documents\HSFlensburgMaster\Sommersemester2026\AdvancedDeepLearning\Projekt\Exoplanets\data\interim\spoc120_dataset_generation\samples\toi_1050_01.npz
56,1051.01,259863352,FA,21.701669,2458657.736625,8.2676424,211.6567325,7.1278,5625.0,1.56486,40.365939,-71.462749,2019-08-16 20:20:45,2024-09-17 10:08:02,0,ok,True,8,7,train,57,1,success,10,0,18273,4.975124378109453,0.0,4.975124378109453,c:\Users\user\Documents\HSFlensburgMaster\Sommersemester2026\AdvancedDeepLearning\Projekt\Exoplanets\data\interim\spoc120_dataset_generation\samples\toi_1051_01.npz
57,1052.01,317060587,CP,9.139804,2458332.941229,3.0912936,358.4157801,9.0197,5958.2,1.58,337.510274,-75.646561,2019-08-16 20:20:47,2023-07-24 12:03:31,1,ok,True,8,13,train,58,1,success,0,0,18276,0.0,0.0,0.0,c:\Users\user\Documents\HSFlensburgMaster\Sommersemester2026\AdvancedDeepLearning\Projekt\Exoplanets\data\interim\spoc120_dataset_generation\samples\toi_1052_01.npz
58,1053.01,112395568,FP,5.742625,2458657.999179,2.860293,1105.760867,8.8849,5664.0,3.86959,290.977117,-33.351416,2019-08-16 20:20:42,2024-09-19 10:08:01,0,ok,True,4,3,train,59,13,success,0,0,17258,0.0,0.0,0.0,c:\Users\user\Documents\HSFlensburgMaster\Sommersemester2026\AdvancedDeepLearning\Projekt\Exoplanets\data\interim\spoc120_dataset_generation\samples\toi_1053_01.npz
59,1054.01,366989877,CP,15.5077855,2460122.700139,4.565,513.0,8.4362,6122.0,1.17,302.114174,-54.317501,2019-08-16 20:20:48,2023-09-14 16:02:01,1,ok,True,6,3,train,60,13,success,11,0,19436,5.472636815920398,0.0,5.472636815920398,c:\Users\user\Documents\HSFlensburgMaster\Sommersemester2026\AdvancedDeepLearning\Projekt\Exoplanets\data\interim\spoc120_dataset_generation\samples\toi_1054_01.npz
60,1055.01,320004517,CP,17.4713078,2458661.062711,4.4284819,1199.7541483,8.0888,5783.54,0.974669,293.286615,-54.532728,2019-08-16 20:20:47,2024-10-01 10:08:01,1,ok,True,5,2,train,61,13,success,10,0,19435,4.975124378109453,0.0,4.975124378109453,c:\Users\user\Documents\HSFlensburgMaster\Sommersemester2026\AdvancedDeepLearning\Projekt\Exoplanets\data\interim\spoc120_dataset_generation\samples\toi_1055_01.npz
61,106.01,38846515,KP,2.8493827,2460988.068249,3.548888,7740.4889995,10.3157,6900.0,1.77,68.959816,-64.027039,2019-05-07 17:42:35,2026-02-17 16:00:01,1,ok,True,43,19,test,62,1,success,0,0,15882,0.0,0.0,0.0,c:\Users\user\Documents\HSFlensburgMaster\Sommersemester2026\AdvancedDeepLearning\Projekt\Exoplanets\data\interim\spoc120_dataset_generation\samples\toi_106_01.npz
62,1061.01,253990973,FP,0.540933,2458654.253249,1.674337,257.347459,9.7345,5525.0,1.21935,284.688908,-41.242483,2019-08-16 20:20:44,2021-10-29 12:59:15,0,ok,True,1,5,train,63,13,success,0,0,17220,0.0,0.0,0.0,c:\Users\user\Documents\HSFlensburgMaster\Sommersemester2026\AdvancedDeepLearning\Projekt\Exoplanets\data\interim\spoc120_dataset_generation\samples\toi_1061_01.npz
63,1062.01,299799658,CP,4.1150576,2460177.200429,1.08,487.0,9.478,5394.0,0.89,38.120968,-78.023683,2019-08-16 20:20:47,2023-10-16 16:02:02,1,ok,True,10,10,train,64,1,success,0,0,18275,0.0,0.0,0.0,c:\Users\user\Documents\HSFlensburgMaster\Sommersemester2026\AdvancedDeepLearning\Projekt\Exoplanets\data\interim\spoc120_dataset_generation\samples\toi_1062_01.npz
64,1127.01,269450900,FP,2.32439,2458657.63073,4.453,2704.18,7.3163,8268.5,,292.195297,-36.00026,2019-08-22 14:42:11,2024-09-07 10:08:02,0,ok,True,2,1,train,65,13,success,0,0,17277,0.0,0.0,0.0,c:\Users\user\Documents\HSFlensburgMaster\Sommersemester2026\AdvancedDeepLearning\Projekt\Exoplanets\data\interim\spoc120_dataset_generation\samples\toi_1127_01.npz
65,1128.01,425721385,FP,13.5499,2458663.15245,1.795,1180.0,9.7298,6209.0,1.63,289.761799,-43.074223,2019-08-22 14:42:11,2021-10-29 12:59:15,0,ok,True,1,12,train,66,27,success,53,0,12844,26.368159203980102,0.0,26.368159203980102,c:\Users\user\Documents\HSFlensburgMaster\Sommersemester2026\AdvancedDeepLearning\Projekt\Exoplanets\data\interim\spoc120_dataset_generation\samples\toi_1128_01.npz
66,113.01,97409519,KP,3.372877,2458327.053085,2.63426,17163.60419,12.1893,6050.0,1.02,332.714337,-30.749719,2018-09-05 18:49:20,2021-10-29 12:59:15,1,ok,True,3,6,train,67,1,success,0,0,17477,0.0,0.0,0.0,c:\Users\user\Documents\HSFlensburgMaster\Sommersemester2026\AdvancedDeepLearning\Projekt\Exoplanets\data\interim\spoc120_dataset_generation\samples\toi_113_01.npz
67,1130.01,254113311,CP,8.34998,2460144.137122,1.836,16680.0,10.1429,4236.0,0.74,286.376004,-41.43764,2019-08-22 14:42:11,2025-07-22 12:04:25,1,ok,True,4,4,train,68,27,success,0,0,13476,0.0,0.0,0.0,c:\Users\user\Documents\HSFlensburgMaster\Sommersemester2026\AdvancedDeepLearning\Projekt\Exoplanets\data\interim\spoc120_dataset_generation\samples\toi_1130_01.npz
68,1130.02,254113311,CP,4.0686405,2460126.924264,1.8373729,2650.0950013,10.1429,4236.0,0.741921,286.376004,-41.43764,2019-09-03 17:42:04,2025-07-22 12:04:25,1,ok,True,4,4,train,69,27,success,0,0,13476,0.0,0.0,0.0,c:\Users\user\Documents\HSFlensburgMaster\Sommersemester2026\AdvancedDeepLearning\Projekt\Exoplanets\data\interim\spoc120_dataset_generation\samples\toi_1130_02.npz
69,1132.01,267489265,FP,1.5502952,2460351.800169,2.938,411.0,9.2293,7851.0,1.86,298.781281,54.781445,2019-08-27 16:09:23,2024-03-04 10:08:01,0,ok,True,3,2,train,70,15,success,0,0,15119,0.0,0.0,0.0,c:\Users\user\Documents\HSFlensburgMaster\Sommersemester2026\AdvancedDeepLearning\Projekt\Exoplanets\data\interim\spoc120_dataset_generation\samples\toi_1132_01.npz
70,1133.01,69997672,FP,1.80709,2458684.2349,3.297,450.0,9.11458,6244.0,2.2,294.824079,31.958037,2019-09-03 15:31:11,2021-10-29 12:59:15,0,ok,True,3,15,validation,71,40,success,0,0,19607,0.0,0.0,0.0,c:\Users\user\Documents\HSFlensburgMaster\Sommersemester2026\AdvancedDeepLearning\Projekt\Exoplanets\data\interim\spoc120_dataset_generation\samples\toi_1133_01.npz
71,1134.01,122220263,FP,18.6922101,2460333.437983,7.765,11126.0,9.03609,6277.0,1.65,290.02096,36.637774,2019-09-03 15:31:11,2024-03-08 10:08:02,0,ok,True,4,18,test,72,14,success,48,0,11707,23.88059701492537,0.0,23.88059701492537,c:\Users\user\Documents\HSFlensburgMaster\Sommersemester2026\AdvancedDeepLearning\Projekt\Exoplanets\data\interim\spoc120_dataset_generation\samples\toi_1134_01.npz
72,1135.01,154872375,CP,8.0277326,2460658.97426,4.284,5705.0,9.02855,5962.7,1.15,193.39637,85.129495,2019-08-27 16:09:24,2025-07-18 16:00:01,1,ok,True,11,4,train,73,14,success,0,0,18420,0.0,0.0,0.0,c:\Users\user\Documents\HSFlensburgMaster\Sommersemester2026\AdvancedDeepLearning\Projekt\Exoplanets\data\interim\spoc120_dataset_generation\samples\toi_1135_01.npz
73,1136.01,142276270,CP,12.5187279,2459612.447691,5.38,2320.0,8.9361,5729.0,0.98,192.184898,64.855276,2019-08-27 12:09:00,2024-05-16 10:08:02,1,ok,True,7,2,train,74,14,success,0,0,17784,0.0,0.0,0.0,c:\Users\user\Documents\HSFlensburgMaster\Sommersemester2026\AdvancedDeepLearning\Projekt\Exoplanets\data\interim\spoc120_dataset_generation\samples\toi_1136_01.npz
74,1136.02,142276270,CP,6.2586065,2460366.026514,3.201,813.0,8.9361,5729.0,0.98,192.184898,64.855276,2019-10-17 00:30:12,2024-05-08 10:08:01,1,ok,True,7,2,train,75,14,success,0,0,17784,0.0,0.0,0.0,c:\Users\user\Documents\HSFlensburgMaster\Sommersemester2026\AdvancedDeepLearning\Projekt\Exoplanets\data\interim\spoc120_dataset_generation\samples\toi_1136_02.npz
75,1136.03,142276270,CP,26.3208756,2459594.183463,4.414,800.0,8.9361,5729.0,0.98,192.184898,64.855276,2019-11-15 23:57:09,2024-05-16 10:08:02,1,ok,True,7,2,train,76,14,success,7,0,17784,3.482587064676617,0.0,3.482587064676617,c:\Users\user\Documents\HSFlensburgMaster\Sommersemester2026\AdvancedDeepLearning\Projekt\Exoplanets\data\interim\spoc120_dataset_generation\samples\toi_1136_03.npz
76,1136.04,142276270,CP,18.795547,2458697.755807,4.3425576,470.6731965,8.9361,5729.0,0.977727,192.184898,64.855276,2020-07-16 04:56:45,2024-09-17 10:08:02,1,ok,True,7,2,train,77,14,success,12,0,17784,5.970149253731343,0.0,5.970149253731343,c:\Users\user\Documents\HSFlensburgMaster\Sommersemester2026\AdvancedDeepLearning\Projekt\Exoplanets\data\interim\spoc120_dataset_generation\samples\toi_1136_04.npz
77,1078.01,370133522,CP,0.5182425,2458654.10332,0.8565249,831.8920424,10.1165,3325.0,0.390989,306.928646,-56.462287,2019-08-16 20:20:48,2024-09-09 10:08:01,1,ok,True,8,6,train,78,13,success,0,0,17542,0.0,0.0,0.0,c:\Users\user\Documents\HSFlensburgMaster\Sommersemester2026\AdvancedDeepLearning\Projekt\Exoplanets\data\interim\spoc120_dataset_generation\samples\toi_1078_01.npz
78,108.01,289793076,KP,3.0440495,2458328.085025,2.6523472,22807.0101774,13.163,5523.0,0.809868,316.96148,-26.09672,2018-09-05 18:49:20,2026-01-10 10:08:01,1,ok,True,5,14,validation,79,1,success,0,0,18181,0.0,0.0,0.0,c:\Users\user\Documents\HSFlensburgMaster\Sommersemester2026\AdvancedDeepLearning\Projekt\Exoplanets\data\interim\spoc120_dataset_generation\samples\toi_108_01.npz
79,1080.01,161032923,CP,3.9652485,2458654.060577,1.0112593,3680.7544436,12.7067,3296.0,0.199988,276.368325,-52.214573,2019-08-16 20:20:43,2026-03-03 12:06:51,1,ok,True,5,10,train,80,13,success,0,0,17122,0.0,0.0,0.0,c:\Users\user\Documents\HSFlensburgMaster\Sommersemester2026\AdvancedDeepLearning\Projekt\Exoplanets\data\interim\spoc120_dataset_generation\samples\toi_1080_01.npz
80,1084.01,380589029,KP,1.3484961,2458653.973305,2.4074261,18463.7636682,12.2851,6346.0,1.14759,268.890707,-61.7474,2019-08-16 20:20:49,2024-09-09 10:08:01,1,ok,True,9,3,train,81,13,success,0,0,19235,0.0,0.0,0.0,c:\Users\user\Documents\HSFlensburgMaster\Sommersemester2026\AdvancedDeepLearning\Projekt\Exoplanets\data\interim\spoc120_dataset_generation\samples\toi_1084_01.npz
81,1087.01,426077080,FP,9.30992,2458630.77194,3.464,2220.0,9.4142,6907.0,3.09,238.001011,-76.49349,2019-08-06 19:30:24,2021-10-29 12:59:15,0,ok,True,1,0,train,82,39,success,0,0,19336,0.0,0.0,0.0,c:\Users\user\Documents\HSFlensburgMaster\Sommersemester2026\AdvancedDeepLearning\Projekt\Exoplanets\data\interim\spoc120_dataset_generation\samples\toi_1087_01.npz
82,1088.01,343648136,FA,1.15395,2458626.38955,2.236,1550.0,10.4613,6093.0,1.4,272.311383,-76.300955,2019-08-06 19:30:24,2021-10-29 12:59:15,0,ok,True,1,10,train,83,39,success,0,0,19337,0.0,0.0,0.0,c:\Users\user\Documents\HSFlensburgMaster\Sommersemester2026\AdvancedDeepLearning\Projekt\Exoplanets\data\interim\spoc120_dataset_generation\samples\toi_1088_01.npz
83,1089.01,129319156,FP,4.73703,2458643.10264,3.902,2410.0,10.3918,11600.0,2.48,228.84306,-52.885989,2019-08-06 19:30:00,2021-10-29 12:59:15,0,ok,True,1,13,train,84,38,success,0,0,18494,0.0,0.0,0.0,c:\Users\user\Documents\HSFlensburgMaster\Sommersemester2026\AdvancedDeepLearning\Projekt\Exoplanets\data\interim\spoc120_dataset_generation\samples\toi_1089_01.npz
84,109.01,29344935,KP,2.76676,2458326.127479,2.6872178,14947.4387827,13.2366,5346.0,0.984866,313.215475,-25.687376,2018-09-05 18:34:19,2024-09-09 10:08:01,1,ok,True,5,10,train,85,1,success,0,0,18169,0.0,0.0,0.0,c:\Users\user\Documents\HSFlensburgMaster\Sommersemester2026\AdvancedDeepLearning\Projekt\Exoplanets\data\interim\spoc120_dataset_generation\samples\toi_109_01.npz
85,1092.01,387079085,FP,1.1923,2458601.38096,3.119,3730.0,9.0039,6534.0,2.04,217.022882,-64.634285,2019-08-06 19:29:59,2021-10-29 12:59:15,0,ok,True,1,17,test,86,38,success,0,0,18494,0.0,0.0,0.0,c:\Users\user\Documents\HSFlensburgMaster\Sommersemester2026\AdvancedDeepLearning\Projekt\Exoplanets\data\interim\spoc120_dataset_generation\samples\toi_1092_01.npz
86,1093.01,382331352,FP,11.47606,2458601.33791,6.083,3050.0,10.0067,,,215.805264,-63.045983,2019-08-06 19:29:59,2021-10-29 12:59:15,0,ok,True,1,10,train,87,38,success,0,0,18493,0.0,0.0,0.0,c:\Users\user\Documents\HSFlensburgMaster\Sommersemester2026\AdvancedDeepLearning\Projekt\Exoplanets\data\interim\spoc120_dataset_generation\samples\toi_1093_01.npz
87,1096.01,375225453,FP,0.9209526,2459307.93577,1.8602735,360.8801529,10.11,6553.0,2.8908899,133.826684,-73.173308,2019-08-12 16:22:54,2021-10-29 12:59:15,0,ok,True,4,5,train,88,36,success,0,0,15429,0.0,0.0,0.0,c:\Users\user\Documents\HSFlensburgMaster\Sommersemester2026\AdvancedDeepLearning\Projekt\Exoplanets\data\interim\spoc120_dataset_generation\samples\toi_1096_01.npz
88,1097.01,360630575,CP,9.188506,2459376.410518,2.492,460.0,8.7215,5876.0,0.98,189.775859,-74.57402,2019-08-12 16:22:54,2024-09-10 10:08:02,1,ok,True,3,11,train,89,38,success,0,0,18493,0.0,0.0,0.0,c:\Users\user\Documents\HSFlensburgMaster\Sommersemester2026\AdvancedDeepLearning\Projekt\Exoplanets\data\interim\spoc120_dataset_generation\samples\toi_1097_01.npz
89,1097.02,360630575,CP,13.9028391,2459344.461827,2.1264429,647.2701039,8.7215,5876.0,0.983215,189.775859,-74.57402,2022-03-24 22:19:26,2023-03-03 12:03:04,1,ok,True,3,11,train,90,38,success,8,0,18493,3.9800995024875623,0.0,3.9800995024875623,c:\Users\user\Documents\HSFlensburgMaster\Sommersemester2026\AdvancedDeepLearning\Projekt\Exoplanets\data\interim\spoc120_dataset_generation\samples\toi_1097_02.npz
90,1098.01,383390264,CP,10.1826983,2458629.909082,2.8275109,667.4752458,8.7581,6153.0,1.14582,192.589285,-88.121111,2019-08-16 20:20:49,2024-02-13 10:08:02,1,ok,True,8,6,train,91,12,success,0,0,15104,0.0,0.0,0.0,c:\Users\user\Documents\HSFlensburgMaster\Sommersemester2026\AdvancedDeepLearning\Projekt\Exoplanets\data\interim\spoc120_dataset_generation\samples\toi_1098_01.npz
91,1099.01,290348383,CP,6.441006,2460140.220927,1.812,914.0,7.3661,4867.0,0.8,328.718171,-77.338802,2019-08-16 20:20:46,2023-12-03 12:03:15,1,ok,True,7,13,train,92,13,success,0,0,19431,0.0,0.0,0.0,c:\Users\user\Documents\HSFlensburgMaster\Sommersemester2026\AdvancedDeepLearning\Projekt\Exoplanets\data\interim\spoc120_dataset_generation\samples\toi_1099_01.npz
92,110.01,281459670,KP,3.1743504,2458328.039934,2.751086,15457.3247576,11.6714,5943.0,1.15706,5.618525,-59.942589,2018-11-14 15:06:55,2024-09-09 10:08:01,1,ok,True,11,12,train,93,1,success,0,0,18271,0.0,0.0,0.0,c:\Users\user\Documents\HSFlensburgMaster\Sommersemester2026\AdvancedDeepLearning\Projekt\Exoplanets\data\interim\spoc120_dataset_generation\samples\toi_110_01.npz
93,1100.01,318608749,FP,20.0731588,2459044.494531,3.8449215,1152.9645461,10.5135,6033.0,1.14849,9.126138,-83.567067,2019-08-15 15:39:13,2024-10-18 10:08:02,0,ok,True,4,11,train,94,27,success,10,0,16155,4.975124378109453,0.0,4.975124378109453,c:\Users\user\Documents\HSFlensburgMaster\Sommersemester2026\AdvancedDeepLearning\Projekt\Exoplanets\data\interim\spoc120_dataset_generation\samples\toi_1100_01.npz
94,1101.01,271581073,FP,2.66903,2459058.79277,1.548,3110.0,10.5891,5803.5,1.56,319.551469,-77.529113,2019-08-15 15:39:15,2024-09-07 10:08:02,0,ok,True,1,9,train,95,27,success,0,0,16778,0.0,0.0,0.0,c:\Users\user\Documents\HSFlensburgMaster\Sommersemester2026\AdvancedDeepLearning\Projekt\Exoplanets\data\interim\spoc120_dataset_generation\samples\toi_1101_01.npz
95,1107.01,394561119,CP,4.0782392,2459336.073646,4.8475616,6046.6959687,10.0068,6501.0,1.74836,155.607863,-82.218869,2019-08-15 15:39:15,2024-02-15 10:08:02,1,ok,True,5,10,train,97,38,success,0,0,16899,0.0,0.0,0.0,c:\Users\user\Documents\HSFlensburgMaster\Sommersemester2026\AdvancedDeepLearning\Projekt\Exoplanets\data\interim\spoc120_dataset_generation\samples\toi_1107_01.npz
96,1108.01,295599256,FP,7.14386,2458655.54872,1.467,11146.4,9.941,7860.0,1.91,274.221618,-68.197779,2019-08-15 15:39:15,2021-10-29 12:59:15,0,ok,True,4,8,train,98,100,success,0,0,15580,0.0,0.0,0.0,c:\Users\user\Documents\HSFlensburgMaster\Sommersemester2026\AdvancedDeepLearning\Projekt\Exoplanets\data\interim\spoc120_dataset_generation\samples\toi_1108_01.npz
97,1109.01,50309953,FP,7.04083,2459083.35168,2.979,1580.0,9.7906,5317.0,0.91,30.198486,-77.610376,2019-08-15 15:39:14,2024-09-07 10:08:02,0,ok,True,5,1,train,99,1,success,0,0,18277,0.0,0.0,0.0,c:\Users\user\Documents\HSFlensburgMaster\Sommersemester2026\AdvancedDeepLearning\Projekt\Exoplanets\data\interim\spoc120_dataset_generation\samples\toi_1109_01.npz
98,111.01,355703913,KP,2.1061569,2458326.105486,1.4688934,12142.2238514,13.183,5380.0,0.940697,0.774487,-62.469317,2018-10-22 18:35:39,2024-03-14 16:54:32,1,ok,True,10,17,test,100,1,success,0,0,18274,0.0,0.0,0.0,c:\Users\user\Documents\HSFlensburgMaster\Sommersemester2026\AdvancedDeepLearning\Projekt\Exoplanets\data\interim\spoc120_dataset_generation\samples\toi_111_01.npz
99,1110.01,446549905,FP,2.4545635,2460146.990136,2.321,4248.0,9.6789,6610.0,1.64,286.791829,-58.697242,2019-08-15 15:39:14,2023-08-28 10:08:02,0,ok,True,3,3,train,101,27,success,0,0,16744,0.0,0.0,0.0,c:\Users\user\Documents\HSFlensburgMaster\Sommersemester2026\AdvancedDeepLearning\Projekt\Exoplanets\data\interim\spoc120_dataset_generation\samples\toi_1110_01.npz
100,1111.01,412014494,FP,11.4756978,2460131.889805,0.808,8341.0,9.3871,7262.0,2.13,291.373783,-60.941042,2019-08-15 15:39:14,2023-09-14 16:02:01,0,ok,True,1,14,validation,102,27,success,0,0,15573,0.0,0.0,0.0,c:\Users\user\Documents\HSFlensburgMaster\Sommersemester2026\AdvancedDeepLearning\Projekt\Exoplanets\data\interim\spoc120_dataset_generation\samples\toi_1111_01.npz
101,1112.01,369864738,FP,2.7817956,2460879.801151,2.2489868,637.6922029,9.5162,6819.0,2.21,163.628917,-87.269735,2019-08-15 15:39:13,2026-07-15 16:00:02,0,ok,True,3,11,train,103,27,success,0,0,16156,0.0,0.0,0.0,c:\Users\user\Documents\HSFlensburgMaster\Sommersemester2026\AdvancedDeepLearning\Projekt\Exoplanets\data\interim\spoc120_dataset_generation\samples\toi_1112_01.npz
102,112.01,388104525,KP,2.4997996,2460069.773646,2.865171,14621.2059647,11.6035,5650.0,1.13732,55.933639,-65.19378,2019-05-07 17:42:43,2023-08-10 16:02:02,1,ok,True,28,7,train,104,1,success,0,0,18278,0.0,0.0,0.0,c:\Users\user\Documents\HSFlensburgMaster\Sommersemester2026\AdvancedDeepLearning\Projekt\Exoplanets\data\interim\spoc120_dataset_generation\samples\toi_112_01.npz
103,1120.01,143257766,FP,1.66226,2458656.45082,3.321,6030.0,10.4063,7301.0,1.64,293.389272,-45.892667,2019-08-22 14:42:11,2022-07-14 16:02:02,0,ok,True,1,0,train,105,27,success,0,0,10693,0.0,0.0,0.0,c:\Users\user\Documents\HSFlensburgMaster\Sommersemester2026\AdvancedDeepLearning\Projekt\Exoplanets\data\interim\spoc120_dataset_generation\samples\toi_1120_01.npz
104,1191.01,237185205,FP,15.7335693,2459441.423236,3.288,2540.0,9.7831,6800.0,2.21,283.526697,37.720014,2019-08-27 16:09:24,2021-10-29 12:59:15,0,ok,True,6,10,train,106,40,success,11,0,18342,5.472636815920398,0.0,5.472636815920398,c:\Users\user\Documents\HSFlensburgMaster\Sommersemester2026\AdvancedDeepLearning\Projekt\Exoplanets\data\interim\spoc120_dataset_generation\samples\toi_1191_01.npz
105,1193.01,89643259,FP,2.2219839,2460337.368138,1.996,4394.0,10.4813,7166.8,1.87,301.41088,33.049205,2019-09-03 15:31:12,2024-03-18 10:08:02,0,ok,True,6,4,train,107,54,success,0,0,15583,0.0,0.0,0.0,c:\Users\user\Documents\HSFlensburgMaster\Sommersemester2026\AdvancedDeepLearning\Projekt\Exoplanets\data\interim\spoc120_dataset_generation\samples\toi_1193_01.npz
106,1194.01,147950620,CP,2.3106428,2460367.07216,1.294,6911.0,10.4782,5339.9,0.99,167.821481,69.964775,2019-08-27 16:09:25,2025-04-20 12:03:53,1,ok,True,9,16,validation,108,14,success,0,0,18423,0.0,0.0,0.0,c:\Users\user\Documents\HSFlensburgMaster\Sommersemester2026\AdvancedDeepLearning\Projekt\Exoplanets\data\interim\spoc120_dataset_generation\samples\toi_1194_01.npz
107,1195.01,24364065,FP,4.05135,2458686.84696,2.4,1132.23,10.4717,4974.4,3.85,291.12047,33.273702,2019-09-03 15:31:11,2021-10-29 12:59:15,0,ok,True,3,17,test,109,40,success,0,0,19609,0.0,0.0,0.0,c:\Users\user\Documents\HSFlensburgMaster\Sommersemester2026\AdvancedDeepLearning\Projekt\Exoplanets\data\interim\spoc120_dataset_generation\samples\toi_1195_01.npz
108,1198.01,203189770,KP,3.612771,2460551.040398,4.142,11794.0,10.4219,8324.0,1.71,304.800032,32.581045,2019-09-03 15:31:11,2024-11-14 10:08:02,1,ok,True,5,7,train,110,41,success,0,0,18322,0.0,0.0,0.0,c:\Users\user\Documents\HSFlensburgMaster\Sommersemester2026\AdvancedDeepLearning\Projekt\Exoplanets\data\interim\spoc120_dataset_generation\samples\toi_1198_01.npz
109,1199.01,99869022,CP,3.6714717,2460360.434669,2.149,4340.0,10.4221,5618.0,1.54,166.880658,61.352572,2019-08-27 16:09:24,2024-05-08 10:08:01,1,ok,True,3,9,train,111,41,success,0,0,17807,0.0,0.0,0.0,c:\Users\user\Documents\HSFlensburgMaster\Sommersemester2026\AdvancedDeepLearning\Projekt\Exoplanets\data\interim\spoc120_dataset_generation\samples\toi_1199_01.npz
110,120.01,394137592,CP,11.535076,2458332.082805,8.555958,2389.90616,7.1062,5479.3,2.48771,4.447163,-66.358928,2018-09-05 18:34:19,2021-12-08 10:10:01,1,ok,True,5,5,train,112,1,success,0,0,18269,0.0,0.0,0.0,c:\Users\user\Documents\HSFlensburgMaster\Sommersemester2026\AdvancedDeepLearning\Projekt\Exoplanets\data\interim\spoc120_dataset_generation\samples\toi_120_01.npz
111,1200.01,288185138,FP,0.8352406,2460365.995576,1.043,2065.0,10.402,6105.0,1.24,222.841424,82.952258,2019-08-27 16:09:24,2024-04-18 10:08:02,0,ok,True,6,19,test,113,40,success,0,0,19611,0.0,0.0,0.0,c:\Users\user\Documents\HSFlensburgMaster\Sommersemester2026\AdvancedDeepLearning\Projekt\Exoplanets\data\interim\spoc120_dataset_generation\samples\toi_1200_01.npz
112,1201.01,29960110,CP,2.4919771,2458411.670877,1.4338141,2093.9594201,10.9473,3948.0,0.482388,42.2477,-14.537283,2019-01-31 17:54:44,2024-05-17 10:08:01,1,ok,True,2,5,train,114,4,success,0,0,14759,0.0,0.0,0.0,c:\Users\user\Documents\HSFlensburgMaster\Sommersemester2026\AdvancedDeepLearning\Projekt\Exoplanets\data\interim\spoc120_dataset_generation\samples\toi_1201_01.npz
113,1203.01,23434737,CP,25.5195307,2458553.062116,6.6877451,558.3758637,7.9995,5742.22,1.17321,168.226736,-34.406937,2019-08-26 21:36:04,2025-07-28 12:04:23,1,ok,True,7,14,validation,115,9,success,22,0,16087,10.945273631840797,0.0,10.945273631840797,c:\Users\user\Documents\HSFlensburgMaster\Sommersemester2026\AdvancedDeepLearning\Projekt\Exoplanets\data\interim\spoc120_dataset_generation\samples\toi_1203_01.npz
114,1138.01,110428269,FP,0.64971,2458684.20504,2.076,620.0,8.90601,9994.0,2.59,291.463084,25.189437,2019-09-03 15:31:11,2021-10-29 12:59:15,0,ok,True,5,8,train,116,14,success,0,0,10939,0.0,0.0,0.0,c:\Users\user\Documents\HSFlensburgMaster\Sommersemester2026\AdvancedDeepLearning\Projekt\Exoplanets\data\interim\spoc120_dataset_generation\samples\toi_1138_01.npz
115,114.01,25155310,KP,3.2887898,2458327.519958,3.4367717,7005.7247902,10.6103,5800.0,1.24175,63.374706,-69.226593,2019-05-07 17:42:34,2024-09-09 10:08:01,1,ok,True,42,11,train,117,1,success,0,0,18278,0.0,0.0,0.0,c:\Users\user\Documents\HSFlensburgMaster\Sommersemester2026\AdvancedDeepLearning\Projekt\Exoplanets\data\interim\spoc120_dataset_generation\samples\toi_114_01.npz
116,1140.01,320525204,FP,13.7431084,2460637.861679,2.285,5688.0,8.88797,5941.5,1.34,264.961539,56.078974,2019-08-27 16:09:25,2025-07-23 10:08:02,0,ok,True,28,17,test,118,40,success,0,0,19608,0.0,0.0,0.0,c:\Users\user\Documents\HSFlensburgMaster\Sommersemester2026\AdvancedDeepLearning\Projekt\Exoplanets\data\interim\spoc120_dataset_generation\samples\toi_1140_01.npz
117,1142.01,284450803,FP,3.3686634,2460335.937572,3.012,3288.0,8.64028,7518.0,2.68,290.708965,56.615386,2019-08-27 16:09:26,2024-03-04 10:08:01,0,ok,True,14,5,train,120,40,success,0,0,19607,0.0,0.0,0.0,c:\Users\user\Documents\HSFlensburgMaster\Sommersemester2026\AdvancedDeepLearning\Projekt\Exoplanets\data\interim\spoc120_dataset_generation\samples\toi_1142_01.npz
118,1143.01,160268701,FP,11.2071839,2460352.734057,4.366,3276.0,8.63287,6152.0,2.24,182.538652,77.352264,2019-08-27 16:09:26,2024-03-04 10:08:01,0,ok,True,4,0,train,121,40,success,0,0,19609,0.0,0.0,0.0,c:\Users\user\Documents\HSFlensburgMaster\Sommersemester2026\AdvancedDeepLearning\Projekt\Exoplanets\data\interim\spoc120_dataset_generation\samples\toi_1143_01.npz
119,1144.01,28230919,KP,4.8878037,2460554.347022,2.184,4279.0,8.5077,4757.3,0.76,297.710176,48.081864,2019-08-27 16:09:25,2024-11-14 10:08:02,1,ok,True,11,2,train,122,14,success,0,0,18424,0.0,0.0,0.0,c:\Users\user\Documents\HSFlensburgMaster\Sommersemester2026\AdvancedDeepLearning\Projekt\Exoplanets\data\interim\spoc120_dataset_generation\samples\toi_1144_01.npz
120,1145.01,350995812,FP,2.97164,2458685.81643,1.534,7350.0,8.5011,8562.5,,291.92142,36.529898,2019-09-03 15:31:11,2022-02-16 12:02:11,0,ok,True,6,6,train,123,40,success,0,0,19604,0.0,0.0,0.0,c:\Users\user\Documents\HSFlensburgMaster\Sommersemester2026\AdvancedDeepLearning\Projekt\Exoplanets\data\interim\spoc120_dataset_generation\samples\toi_1145_01.npz
121,1146.01,21755546,FP,0.660179,2459420.415267,1.6349369,473.0939303,8.40386,8598.7,2.62432,292.286802,30.297329,2019-09-03 15:31:11,2022-02-16 10:10:02,0,ok,True,5,17,test,124,40,success,0,0,19609,0.0,0.0,0.0,c:\Users\user\Documents\HSFlensburgMaster\Sommersemester2026\AdvancedDeepLearning\Projekt\Exoplanets\data\interim\spoc120_dataset_generation\samples\toi_1146_01.npz
122,1147.01,288391628,FP,10.9278415,2460331.315598,2.468,2743.0,8.36544,6259.0,2.92,266.962207,83.428826,2019-08-27 16:09:23,2024-03-04 10:08:01,0,ok,True,5,4,train,125,40,success,0,0,19606,0.0,0.0,0.0,c:\Users\user\Documents\HSFlensburgMaster\Sommersemester2026\AdvancedDeepLearning\Projekt\Exoplanets\data\interim\spoc120_dataset_generation\samples\toi_1147_01.npz
123,1148.01,349827430,KP,5.5514888,2460361.366521,4.335,9493.0,7.9179,6403.9,1.55,161.909027,71.655727,2019-08-27 16:09:25,2024-05-17 10:08:01,1,ok,True,10,7,train,126,14,success,0,0,18419,0.0,0.0,0.0,c:\Users\user\Documents\HSFlensburgMaster\Sommersemester2026\AdvancedDeepLearning\Projekt\Exoplanets\data\interim\spoc120_dataset_generation\samples\toi_1148_01.npz
124,115.01,281541555,KP,4.7423709,2458329.903155,2.4988145,12650.8110411,13.0417,5377.0,0.877585,6.70264,-56.316102,2018-10-22 18:35:28,2024-09-09 10:08:01,1,ok,True,12,14,validation,127,1,success,0,0,18277,0.0,0.0,0.0,c:\Users\user\Documents\HSFlensburgMaster\Sommersemester2026\AdvancedDeepLearning\Projekt\Exoplanets\data\interim\spoc120_dataset_generation\samples\toi_115_01.npz
125,1150.01,16740101,KP,1.4810903,2458683.457596,4.1588291,6788.5145388,7.58204,9435.0,2.28773,307.8599,39.938916,2019-09-03 15:31:11,2024-05-17 10:08:01,1,ok,True,6,8,train,128,14,success,0,0,13816,0.0,0.0,0.0,c:\Users\user\Documents\HSFlensburgMaster\Sommersemester2026\AdvancedDeepLearning\Projekt\Exoplanets\data\interim\spoc120_dataset_generation\samples\toi_1150_01.npz
126,1151.01,69679391,KP,3.4741012,2460337.986375,3.317,15748.0,7.55216,8894.8,1.62,294.661413,31.2192,2019-09-03 15:31:10,2024-04-02 10:08:02,1,ok,True,7,16,validation,129,14,success,0,0,11999,0.0,0.0,0.0,c:\Users\user\Documents\HSFlensburgMaster\Sommersemester2026\AdvancedDeepLearning\Projekt\Exoplanets\data\interim\spoc120_dataset_generation\samples\toi_1151_01.npz
127,1152.01,237184773,FA,6.5011911,2459392.715052,5.5463587,4501.3454064,8.0348,5485.0,,283.489697,37.380825,2019-09-03 15:31:12,2022-08-15 16:02:01,0,ok,True,7,9,train,130,40,success,0,0,19607,0.0,0.0,0.0,c:\Users\user\Documents\HSFlensburgMaster\Sommersemester2026\AdvancedDeepLearning\Projekt\Exoplanets\data\interim\spoc120_dataset_generation\samples\toi_1152_01.npz
128,1155.01,161450762,FP,1.32003,2458683.92594,3.175,552.468,9.711,,,309.275852,32.471019,2019-09-03 15:31:11,2021-10-29 12:59:15,0,ok,True,1,1,train,131,55,success,0,0,13169,0.0,0.0,0.0,c:\Users\user\Documents\HSFlensburgMaster\Sommersemester2026\AdvancedDeepLearning\Projekt\Exoplanets\data\interim\spoc120_dataset_generation\samples\toi_1155_01.npz
129,1156.01,117256577,FP,1.6865822,2459443.850453,2.429,1770.0,9.7032,,,300.419309,26.971662,2019-09-03 15:31:12,2022-02-16 12:02:11,0,ok,True,4,10,train,132,41,success,0,0,18321,0.0,0.0,0.0,c:\Users\user\Documents\HSFlensburgMaster\Sommersemester2026\AdvancedDeepLearning\Projekt\Exoplanets\data\interim\spoc120_dataset_generation\samples\toi_1156_01.npz
130,1157.01,147576037,FP,13.0727479,2459603.765773,3.044,4080.0,9.6043,5709.8,3.59,144.341393,68.458705,2019-08-27 16:09:25,2022-08-18 12:02:41,0,ok,True,5,4,train,133,40,success,0,0,19263,0.0,0.0,0.0,c:\Users\user\Documents\HSFlensburgMaster\Sommersemester2026\AdvancedDeepLearning\Projekt\Exoplanets\data\interim\spoc120_dataset_generation\samples\toi_1157_01.npz
131,1158.01,379931600,FP,2.9258727,2459446.175877,4.075,6720.0,9.5967,4884.5,1.3,293.427359,29.596296,2019-09-03 15:31:11,2024-09-12 10:08:02,0,ok,True,4,6,train,134,40,success,0,0,19610,0.0,0.0,0.0,c:\Users\user\Documents\HSFlensburgMaster\Sommersemester2026\AdvancedDeepLearning\Projekt\Exoplanets\data\interim\spoc120_dataset_generation\samples\toi_1158_01.npz
132,1159.01,48188920,FP,0.73774,2458683.94707,0.636,524.852,9.5937,6449.5,2.1,282.42081,48.098942,2019-08-27 16:09:26,2021-10-29 12:59:15,0,ok,True,1,12,train,135,54,success,0,0,17725,0.0,0.0,0.0,c:\Users\user\Documents\HSFlensburgMaster\Sommersemester2026\AdvancedDeepLearning\Projekt\Exoplanets\data\interim\spoc120_dataset_generation\samples\toi_1159_01.npz
133,116.01,238176110,KP,2.7985802,2458326.688916,2.3801043,16708.7151957,11.0443,4920.0,0.906655,357.846434,-70.152862,2018-09-05 18:49:20,2024-09-09 10:08:01,1,ok,True,10,3,train,136,1,success,0,0,18276,0.0,0.0,0.0,c:\Users\user\Documents\HSFlensburgMaster\Sommersemester2026\AdvancedDeepLearning\Projekt\Exoplanets\data\interim\spoc120_dataset_generation\samples\toi_116_01.npz
134,1160.01,89510024,FP,2.3664127,2459446.146751,2.591,300.0,9.577,,,301.317709,30.67067,2019-09-03 15:31:10,2022-10-05 16:02:02,0,ok,True,7,18,test,137,41,success,0,0,18319,0.0,0.0,0.0,c:\Users\user\Documents\HSFlensburgMaster\Sommersemester2026\AdvancedDeepLearning\Projekt\Exoplanets\data\interim\spoc120_dataset_generation\samples\toi_1160_01.npz
135,1161.01,158324245,KP,1.7635881,2460556.484069,3.092,6650.0,10.2306,7986.1,,286.971388,46.868246,2019-08-27 16:09:25,2024-11-14 10:08:02,1,ok,True,12,1,train,138,14,success,0,0,18420,0.0,0.0,0.0,c:\Users\user\Documents\HSFlensburgMaster\Sommersemester2026\AdvancedDeepLearning\Projekt\Exoplanets\data\interim\spoc120_dataset_generation\samples\toi_1161_01.npz
136,1165.01,458478250,KP,2.2552845,2460352.823449,2.05,20820.0,9.76703,5787.0,0.96,232.146641,66.35871,2019-08-27 16:09:25,2024-04-02 10:08:02,1,ok,True,19,1,train,139,14,success,0,0,15097,0.0,0.0,0.0,c:\Users\user\Documents\HSFlensburgMaster\Sommersemester2026\AdvancedDeepLearning\Projekt\Exoplanets\data\interim\spoc120_dataset_generation\samples\toi_1165_01.npz
137,1166.01,138361973,FP,1.8824539,2460556.103196,2.46,1391.0,9.7604,5900.4,1.13,293.764981,37.53859,2019-09-03 15:31:12,2024-10-08 10:08:02,0,ok,True,3,5,train,140,40,success,0,0,19611,0.0,0.0,0.0,c:\Users\user\Documents\HSFlensburgMaster\Sommersemester2026\AdvancedDeepLearning\Projekt\Exoplanets\data\interim\spoc120_dataset_generation\samples\toi_1166_01.npz
138,1167.01,232967666,FP,15.196,2458689.11633,1.792,1970.0,10.3874,5807.0,1.14,198.152378,71.618139,2019-08-27 16:09:25,2021-10-29 12:59:15,0,ok,True,5,0,train,141,21,success,14,0,18614,6.965174129353234,0.0,6.965174129353234,c:\Users\user\Documents\HSFlensburgMaster\Sommersemester2026\AdvancedDeepLearning\Projekt\Exoplanets\data\interim\spoc120_dataset_generation\samples\toi_1167_01.npz
139,1168.01,41330864,FP,2.1358631,2460363.632024,1.559,10325.0,10.381,5969.0,1.5,301.710466,38.431023,2019-09-03 15:31:11,2024-04-10 10:08:02,0,ok,True,1,3,train,142,75,success,0,0,18961,0.0,0.0,0.0,c:\Users\user\Documents\HSFlensburgMaster\Sommersemester2026\AdvancedDeepLearning\Projekt\Exoplanets\data\interim\spoc120_dataset_generation\samples\toi_1168_01.npz
140,117.01,322307342,KP,3.5862962,2459063.655791,3.3710943,5729.3246858,11.7806,5704.8,2.00441,15.006077,-58.904724,2018-09-05 18:50:25,2022-10-17 16:02:02,1,ok,True,9,12,train,143,28,success,0,0,15273,0.0,0.0,0.0,c:\Users\user\Documents\HSFlensburgMaster\Sommersemester2026\AdvancedDeepLearning\Projekt\Exoplanets\data\interim\spoc120_dataset_generation\samples\toi_117_01.npz
141,1170.01,294176967,FP,1.8296155,2460556.995021,2.166,1406.0,10.349,7875.0,3.5,300.805115,52.040842,2019-08-27 16:09:24,2024-12-17 16:02:02,0,ok,True,6,9,train,144,55,success,0,0,18882,0.0,0.0,0.0,c:\Users\user\Documents\HSFlensburgMaster\Sommersemester2026\AdvancedDeepLearning\Projekt\Exoplanets\data\interim\spoc120_dataset_generation\samples\toi_1170_01.npz
142,1171.01,101929303,FP,11.1876137,2460541.381489,3.183,4924.0,10.3075,7266.0,2.05,299.273862,35.988359,2019-09-03 15:31:11,2024-10-08 10:08:02,0,ok,True,3,15,validation,145,74,success,0,0,18788,0.0,0.0,0.0,c:\Users\user\Documents\HSFlensburgMaster\Sommersemester2026\AdvancedDeepLearning\Projekt\Exoplanets\data\interim\spoc120_dataset_generation\samples\toi_1171_01.npz
143,1172.01,1717732429,FP,7.8513949,2460634.945689,6.835,22029.0,10.3018,,,282.474539,55.26639,2019-08-27 16:09:24,2025-07-23 16:00:01,0,ok,True,12,17,test,146,40,success,0,0,19610,0.0,0.0,0.0,c:\Users\user\Documents\HSFlensburgMaster\Sommersemester2026\AdvancedDeepLearning\Projekt\Exoplanets\data\interim\spoc120_dataset_generation\samples\toi_1172_01.npz
144,1173.01,232967440,CP,7.0643978,2460341.784305,2.424,8268.0,10.2938,5429.6,0.96,197.683097,70.768012,2019-08-27 16:09:26,2024-03-29 10:08:02,1,ok,True,9,16,validation,147,14,success,0,0,18191,0.0,0.0,0.0,c:\Users\user\Documents\HSFlensburgMaster\Sommersemester2026\AdvancedDeepLearning\Projekt\Exoplanets\data\interim\spoc120_dataset_generation\samples\toi_1173_01.npz
145,1174.01,154089169,CP,8.9534775,2460355.403307,2.696,1136.0,10.2549,5029.5,0.76,209.217175,68.618211,2019-08-27 16:09:26,2025-04-20 12:03:53,1,ok,True,10,12,train,148,14,success,0,0,18422,0.0,0.0,0.0,c:\Users\user\Documents\HSFlensburgMaster\Sommersemester2026\AdvancedDeepLearning\Projekt\Exoplanets\data\interim\spoc120_dataset_generation\samples\toi_1174_01.npz
146,1175.01,30329585,FP,7.5022708,2459437.549479,2.605,1760.0,10.2026,6229.0,1.27,289.238688,31.323574,2019-09-03 15:31:12,2024-05-17 10:08:01,0,ok,True,6,12,train,149,40,success,0,0,19610,0.0,0.0,0.0,c:\Users\user\Documents\HSFlensburgMaster\Sommersemester2026\AdvancedDeepLearning\Projekt\Exoplanets\data\interim\spoc120_dataset_generation\samples\toi_1175_01.npz
147,1178.01,359496368,FP,2.6652007,2460646.783967,3.49,819.0,10.1358,4043.4,0.56,279.101036,55.391781,2019-08-27 16:09:26,2025-07-23 16:00:01,0,ok,True,25,13,train,150,14,success,0,0,13655,0.0,0.0,0.0,c:\Users\user\Documents\HSFlensburgMaster\Sommersemester2026\AdvancedDeepLearning\Projekt\Exoplanets\data\interim\spoc120_dataset_generation\samples\toi_1178_01.npz
148,118.01,266980320,CP,6.0344634,2460899.883842,2.052901,1750.6457632,9.179,5586.0,1.05,349.559266,-56.903986,2018-09-05 18:51:57,2026-04-09 10:08:01,1,ok,True,8,1,train,151,1,success,0,0,18273,0.0,0.0,0.0,c:\Users\user\Documents\HSFlensburgMaster\Sommersemester2026\AdvancedDeepLearning\Projekt\Exoplanets\data\interim\spoc120_dataset_generation\samples\toi_118_01.npz
149,1180.01,158002130,CP,9.6867516,2460473.411486,2.512,1669.0,10.112,4738.1,0.73,214.555774,82.193764,2019-08-27 16:09:25,2025-04-20 12:03:53,1,ok,True,15,8,train,152,14,success,0,0,18423,0.0,0.0,0.0,c:\Users\user\Documents\HSFlensburgMaster\Sommersemester2026\AdvancedDeepLearning\Projekt\Exoplanets\data\interim\spoc120_dataset_generation\samples\toi_1180_01.npz
150,1181.01,229510866,CP,2.1031647,2460556.242383,5.059,7142.0,10.079,6122.0,1.93,297.215817,64.354351,2019-08-27 16:09:24,2024-11-14 10:08:02,1,ok,True,32,19,test,153,24,success,0,0,18212,0.0,0.0,0.0,c:\Users\user\Documents\HSFlensburgMaster\Sommersemester2026\AdvancedDeepLearning\Projekt\Exoplanets\data\interim\spoc120_dataset_generation\samples\toi_1181_01.npz
151,1182.01,341544930,FP,7.6416041,2460386.22206,2.654,6025.0,10.0049,6496.7,2.05,201.614657,65.306346,2019-08-27 16:09:26,2024-05-23 10:08:02,0,ok,True,5,3,train,154,41,success,0,0,18321,0.0,0.0,0.0,c:\Users\user\Documents\HSFlensburgMaster\Sommersemester2026\AdvancedDeepLearning\Projekt\Exoplanets\data\interim\spoc120_dataset_generation\samples\toi_1182_01.npz
152,1183.01,258777137,FP,5.9294088,2460654.565628,2.933,10226.0,9.9478,5095.6,1.06,286.74712,71.712377,2019-08-27 16:09:27,2025-07-23 10:08:02,0,ok,True,40,11,train,155,14,success,0,0,18424,0.0,0.0,0.0,c:\Users\user\Documents\HSFlensburgMaster\Sommersemester2026\AdvancedDeepLearning\Projekt\Exoplanets\data\interim\spoc120_dataset_generation\samples\toi_1183_01.npz
153,1184.01,233087860,CP,5.7484439,2460558.350441,1.76,1041.0,9.9469,4534.0,0.69,272.20452,60.678785,2019-08-27 16:09:26,2025-04-20 12:03:53,1,ok,True,41,13,train,156,14,success,0,0,14128,0.0,0.0,0.0,c:\Users\user\Documents\HSFlensburgMaster\Sommersemester2026\AdvancedDeepLearning\Projekt\Exoplanets\data\interim\spoc120_dataset_generation\samples\toi_1184_01.npz
154,1186.01,289539327,FP,11.2464616,2460649.2545,7.391,7576.0,9.92402,6115.7,2.01,251.633465,65.715035,2019-08-27 16:09:25,2025-07-23 10:08:02,0,ok,True,28,5,train,157,24,success,0,0,15571,0.0,0.0,0.0,c:\Users\user\Documents\HSFlensburgMaster\Sommersemester2026\AdvancedDeepLearning\Projekt\Exoplanets\data\interim\spoc120_dataset_generation\samples\toi_1186_01.npz
155,1188.01,15247229,FP,8.5112,2458687.19253,3.486,4172.76,9.886581,8156.0,,306.730853,38.93227,2019-09-03 15:31:12,2021-10-29 12:59:15,0,ok,True,1,15,validation,158,41,success,0,0,18322,0.0,0.0,0.0,c:\Users\user\Documents\HSFlensburgMaster\Sommersemester2026\AdvancedDeepLearning\Projekt\Exoplanets\data\interim\spoc120_dataset_generation\samples\toi_1188_01.npz
156,122.01,231702397,CP,5.0780325,2458329.118988,1.2100353,5923.1283069,13.084,3318.0,0.334125,332.948236,-58.946085,2018-09-05 18:51:57,2024-09-09 10:08:01,1,ok,True,10,12,train,159,1,success,0,0,18276,0.0,0.0,0.0,c:\Users\user\Documents\HSFlensburgMaster\Sommersemester2026\AdvancedDeepLearning\Projekt\Exoplanets\data\interim\spoc120_dataset_generation\samples\toi_122_01.npz
157,1223.01,382437043,FP,14.64319,2458337.747012,2.5483426,242.7923919,9.3109,6516.0,2.04178,117.214876,-63.720125,2019-08-26 21:37:13,2024-09-19 10:08:01,0,ok,True,40,3,train,161,1,success,14,0,18278,6.965174129353234,0.0,6.965174129353234,c:\Users\user\Documents\HSFlensburgMaster\Sommersemester2026\AdvancedDeepLearning\Projekt\Exoplanets\data\interim\spoc120_dataset_generation\samples\toi_1223_01.npz
158,1224.01,299798795,CP,4.1782656,2458327.705053,1.675904,2537.6781602,11.556,3442.0,0.404403,37.197836,-80.899105,2019-08-26 21:36:51,2025-04-20 12:03:53,1,ok,True,10,0,train,162,1,success,0,0,18272,0.0,0.0,0.0,c:\Users\user\Documents\HSFlensburgMaster\Sommersemester2026\AdvancedDeepLearning\Projekt\Exoplanets\data\interim\spoc120_dataset_generation\samples\toi_1224_01.npz
159,1224.02,299798795,CP,17.9453645,2458329.862603,3.0740072,5480.684864,11.556,3442.0,0.404403,37.197836,-80.899105,2024-03-14 22:31:28,2025-04-20 12:03:53,1,ok,True,10,0,train,163,1,success,12,0,18272,5.970149253731343,0.0,5.970149253731343,c:\Users\user\Documents\HSFlensburgMaster\Sommersemester2026\AdvancedDeepLearning\Projekt\Exoplanets\data\interim\spoc120_dataset_generation\samples\toi_1224_02.npz
160,1227.01,360156606,CP,27.3613778,2458617.479256,4.0586418,20690.6684294,13.802,3050.0,0.44128,186.767363,-72.45185,2019-08-26 21:37:09,2024-02-15 10:08:02,1,ok,True,7,4,train,164,11,success,39,0,15533,19.402985074626866,0.0,19.402985074626866,c:\Users\user\Documents\HSFlensburgMaster\Sommersemester2026\AdvancedDeepLearning\Projekt\Exoplanets\data\interim\spoc120_dataset_generation\samples\toi_1227_01.npz
161,1228.01,300038935,CP,29.0496801,2460904.701871,7.3129572,297.0644469,9.0963,8208.0,1.8,107.843685,-68.83334,2019-08-26 19:21:33,2026-04-09 16:00:01,1,ok,True,43,5,train,165,1,success,14,11,18275,6.965174129353234,18.0327868852459,18.0327868852459,c:\Users\user\Documents\HSFlensburgMaster\Sommersemester2026\AdvancedDeepLearning\Projekt\Exoplanets\data\interim\spoc120_dataset_generation\samples\toi_1228_01.npz
162,123.01,290131778,CP,3.3088922,2460175.035028,6.114,4736.0,7.87598,6188.0,2.62,319.699588,-26.616374,2018-09-05 18:51:57,2023-11-15 16:02:02,1,ok,True,5,6,train,166,1,success,0,0,18179,0.0,0.0,0.0,c:\Users\user\Documents\HSFlensburgMaster\Sommersemester2026\AdvancedDeepLearning\Projekt\Exoplanets\data\interim\spoc120_dataset_generation\samples\toi_123_01.npz
163,1230.01,287156968,CP,25.0571312,2458620.316686,7.5424225,533.486013,9.6245,5696.0,1.15281,118.129594,-83.825063,2019-08-26 19:21:33,2024-02-15 10:08:02,1,ok,True,11,0,train,167,11,success,28,0,15065,13.930348258706468,0.0,13.930348258706468,c:\Users\user\Documents\HSFlensburgMaster\Sommersemester2026\AdvancedDeepLearning\Projekt\Exoplanets\data\interim\spoc120_dataset_generation\samples\toi_1230_01.npz
164,1231.01,447061717,CP,24.2454967,2458563.890468,3.3725583,6260.6703602,10.2565,3535.0,0.465271,156.74726,-52.467872,2019-08-26 19:21:34,2024-09-18 10:08:02,1,ok,True,7,2,train,168,9,success,14,0,16231,6.965174129353234,0.0,6.965174129353234,c:\Users\user\Documents\HSFlensburgMaster\Sommersemester2026\AdvancedDeepLearning\Projekt\Exoplanets\data\interim\spoc120_dataset_generation\samples\toi_1231_01.npz
165,1232.01,364395234,CP,14.2545623,2460938.773643,4.7250029,7899.6939555,11.7835,5739.0,1.09597,116.501399,-61.879794,2019-08-26 19:20:39,2026-05-21 10:08:02,1,ok,True,29,11,train,169,9,success,27,0,15862,13.432835820895523,0.0,13.432835820895523,c:\Users\user\Documents\HSFlensburgMaster\Sommersemester2026\AdvancedDeepLearning\Projekt\Exoplanets\data\interim\spoc120_dataset_generation\samples\toi_1232_01.npz
166,1233.01,260647166,CP,14.1758947,2459308.481159,3.7543827,907.1324529,8.6522,5723.87,0.864173,186.574063,-51.363052,2019-08-26 19:21:33,2024-07-03 12:03:06,1,ok,True,6,0,train,170,10,success,42,0,15491,20.8955223880597,0.0,20.8955223880597,c:\Users\user\Documents\HSFlensburgMaster\Sommersemester2026\AdvancedDeepLearning\Projekt\Exoplanets\data\interim\spoc120_dataset_generation\samples\toi_1233_01.npz
167,1233.02,260647166,CP,19.5901578,2459311.402774,4.002861,1182.6678641,8.6522,5723.87,0.864173,186.574063,-51.363052,2019-08-26 19:21:33,2024-07-03 12:03:06,1,ok,True,6,0,train,171,10,success,30,0,15491,14.925373134328357,0.0,14.925373134328357,c:\Users\user\Documents\HSFlensburgMaster\Sommersemester2026\AdvancedDeepLearning\Projekt\Exoplanets\data\interim\spoc120_dataset_generation\samples\toi_1233_02.npz
168,1233.03,260647166,CP,6.2036219,2459310.632995,3.01098,548.9044399,8.6522,5723.87,0.864173,186.574063,-51.363052,2019-08-26 19:21:33,2024-07-03 12:03:06,1,ok,True,6,0,train,172,10,success,0,0,15491,0.0,0.0,0.0,c:\Users\user\Documents\HSFlensburgMaster\Sommersemester2026\AdvancedDeepLearning\Projekt\Exoplanets\data\interim\spoc120_dataset_generation\samples\toi_1233_03.npz
169,1233.04,260647166,CP,3.79589,2458572.107559,2.4602856,317.5272928,8.6522,5723.87,0.864173,186.574063,-51.363052,2019-08-26 19:21:33,2022-03-30 16:02:02,1,ok,True,6,0,train,173,10,success,0,0,15491,0.0,0.0,0.0,c:\Users\user\Documents\HSFlensburgMaster\Sommersemester2026\AdvancedDeepLearning\Projekt\Exoplanets\data\interim\spoc120_dataset_generation\samples\toi_1233_04.npz
170,1234.01,90504905,FP,2.2645386,2458685.613152,3.8193701,15019.9420903,13.7991,3443.0,0.411471,290.57223,26.319493,2019-10-17 00:30:12,2023-09-08 12:03:07,0,ok,True,4,12,train,174,14,success,0,0,10919,0.0,0.0,0.0,c:\Users\user\Documents\HSFlensburgMaster\Sommersemester2026\AdvancedDeepLearning\Projekt\Exoplanets\data\interim\spoc120_dataset_generation\samples\toi_1234_01.npz
171,1235.01,103633434,CP,3.4447015,2460333.631473,1.912,796.0,9.91924,3912.0,0.63,152.218255,69.27662,2019-10-17 00:30:12,2024-04-02 10:08:02,1,ok,True,8,10,train,175,14,success,0,0,18421,0.0,0.0,0.0,c:\Users\user\Documents\HSFlensburgMaster\Sommersemester2026\AdvancedDeepLearning\Projekt\Exoplanets\data\interim\spoc120_dataset_generation\samples\toi_1235_01.npz
172,1236.01,120757718,KP,3.0300715,2459422.690639,2.5466671,21794.6136956,11.0248,5242.82,0.857369,286.040876,36.632536,2019-10-17 00:30:12,2023-03-15 16:02:02,1,ok,True,8,16,validation,176,14,success,0,0,11599,0.0,0.0,0.0,c:\Users\user\Documents\HSFlensburgMaster\Sommersemester2026\AdvancedDeepLearning\Projekt\Exoplanets\data\interim\spoc120_dataset_generation\samples\toi_1236_01.npz
173,1237.01,120960812,KP,12.72038,2459781.665928,2.401,1070.0,10.2768,6212.0,1.48,286.638391,39.487904,2019-10-17 00:30:12,2022-10-05 10:10:01,1,ok,True,8,18,test,177,14,success,0,0,18424,0.0,0.0,0.0,c:\Users\user\Documents\HSFlensburgMaster\Sommersemester2026\AdvancedDeepLearning\Projekt\Exoplanets\data\interim\spoc120_dataset_generation\samples\toi_1237_01.npz
174,1237.02,120960812,KP,6.238755,2458685.409943,3.6178567,373.5681138,10.2768,6212.0,1.47768,286.638391,39.487904,2022-06-02 21:17:12,2023-03-15 16:02:02,1,ok,True,8,18,test,178,14,success,0,0,18424,0.0,0.0,0.0,c:\Users\user\Documents\HSFlensburgMaster\Sommersemester2026\AdvancedDeepLearning\Projekt\Exoplanets\data\interim\spoc120_dataset_generation\samples\toi_1237_02.npz
175,1238.01,153951307,CP,3.2947689,2458684.28731,1.7483103,1324.0402774,11.2582,3853.0,0.62326,201.382339,68.836068,2019-10-17 00:30:12,2025-08-01 10:05:58,1,ok,True,8,14,validation,179,14,success,0,0,17065,0.0,0.0,0.0,c:\Users\user\Documents\HSFlensburgMaster\Sommersemester2026\AdvancedDeepLearning\Projekt\Exoplanets\data\interim\spoc120_dataset_generation\samples\toi_1238_01.npz
176,1238.02,153951307,CP,0.7645807,2458684.104681,1.07057,394.9832006,11.2582,3853.0,0.62326,201.382339,68.836068,2019-11-15 23:57:09,2025-08-01 10:05:58,1,ok,True,8,14,validation,180,14,success,0,0,17065,0.0,0.0,0.0,c:\Users\user\Documents\HSFlensburgMaster\Sommersemester2026\AdvancedDeepLearning\Projekt\Exoplanets\data\interim\spoc120_dataset_generation\samples\toi_1238_02.npz
177,1206.01,308034948,FP,0.831542,2458569.713498,1.985538,248.969585,8.6014,5824.0,1.1512,180.325704,-60.200439,2019-08-26 21:36:57,2021-10-29 12:59:15,0,ok,True,7,2,train,181,10,success,0,0,15497,0.0,0.0,0.0,c:\Users\user\Documents\HSFlensburgMaster\Sommersemester2026\AdvancedDeepLearning\Projekt\Exoplanets\data\interim\spoc120_dataset_generation\samples\toi_1206_01.npz
178,1213.01,399144800,FP,27.2149622,2458576.189436,3.7190483,4731.4046225,10.6392,6270.0,0.989667,163.198824,-67.387472,2019-08-26 21:37:16,2024-09-18 10:08:02,0,ok,True,6,14,validation,183,10,success,37,0,15829,18.407960199004975,0.0,18.407960199004975,c:\Users\user\Documents\HSFlensburgMaster\Sommersemester2026\AdvancedDeepLearning\Projekt\Exoplanets\data\interim\spoc120_dataset_generation\samples\toi_1213_01.npz
179,1276.01,43064903,FA,6.261169,2459770.682182,2.0369188,4005.022808,12.5405,3145.0,0.211257,302.669134,40.668628,2019-10-17 00:30:12,2022-10-06 16:02:01,0,ok,True,7,19,test,184,15,success,0,0,13211,0.0,0.0,0.0,c:\Users\user\Documents\HSFlensburgMaster\Sommersemester2026\AdvancedDeepLearning\Projekt\Exoplanets\data\interim\spoc120_dataset_generation\samples\toi_1276_01.npz
180,1278.01,163539739,CP,14.4751062,2459826.540249,1.6182484,9618.5798534,11.7819,3841.0,0.55035,320.478444,35.648625,2019-10-17 00:30:12,2023-06-13 16:02:07,1,ok,True,6,19,test,185,15,success,60,0,12778,29.850746268656714,0.0,29.850746268656714,c:\Users\user\Documents\HSFlensburgMaster\Sommersemester2026\AdvancedDeepLearning\Projekt\Exoplanets\data\interim\spoc120_dataset_generation\samples\toi_1278_01.npz
181,1279.01,224297258,CP,9.6141636,2459659.673503,3.4271882,933.6532689,9.99454,5477.0,0.840608,185.062873,56.201409,2019-10-17 00:30:12,2025-04-20 12:03:53,1,ok,True,8,17,test,186,15,success,0,0,12983,0.0,0.0,0.0,c:\Users\user\Documents\HSFlensburgMaster\Sommersemester2026\AdvancedDeepLearning\Projekt\Exoplanets\data\interim\spoc120_dataset_generation\samples\toi_1279_01.npz
182,128.01,391949880,CP,4.9404714,2460175.867159,1.954,455.0,7.9849,6086.0,1.13,79.520938,-80.964384,2018-09-05 18:34:19,2023-11-16 16:02:02,1,ok,True,20,6,train,187,1,success,0,0,18276,0.0,0.0,0.0,c:\Users\user\Documents\HSFlensburgMaster\Sommersemester2026\AdvancedDeepLearning\Projekt\Exoplanets\data\interim\spoc120_dataset_generation\samples\toi_128_01.npz
183,1282.01,236445129,KP,0.9689927,2459445.892853,2.5496309,13532.9710157,11.4373,6430.0,1.41398,314.268523,31.661019,2019-10-17 00:30:12,2026-06-24 12:06:12,1,ok,True,3,2,train,188,15,success,0,0,12949,0.0,0.0,0.0,c:\Users\user\Documents\HSFlensburgMaster\Sommersemester2026\AdvancedDeepLearning\Projekt\Exoplanets\data\interim\spoc120_dataset_generation\samples\toi_1282_01.npz
184,1283.01,266593143,KP,10.338505,2460539.055031,4.242,18162.0,9.7525,5336.96,0.84,324.535978,30.488188,2019-10-17 00:30:12,2024-11-05 10:08:02,1,ok,True,5,9,train,189,15,success,0,0,12710,0.0,0.0,0.0,c:\Users\user\Documents\HSFlensburgMaster\Sommersemester2026\AdvancedDeepLearning\Projekt\Exoplanets\data\interim\spoc120_dataset_generation\samples\toi_1283_01.npz
185,1284.01,267561446,FP,1.283251,2458711.815604,2.012261,1961.318203,12.5313,3855.0,0.560391,311.513651,56.86715,2019-10-17 00:30:12,2021-10-29 12:59:15,0,ok,True,3,1,train,190,15,success,0,0,17615,0.0,0.0,0.0,c:\Users\user\Documents\HSFlensburgMaster\Sommersemester2026\AdvancedDeepLearning\Projekt\Exoplanets\data\interim\spoc120_dataset_generation\samples\toi_1284_01.npz
186,1285.01,274662200,FP,1.2284388,2458712.3664,1.9190118,1229.4965125,10.9313,3526.0,0.53023,316.86724,46.865373,2019-10-17 00:30:12,2021-10-29 12:59:15,0,ok,True,6,10,train,191,15,success,0,0,12603,0.0,0.0,0.0,c:\Users\user\Documents\HSFlensburgMaster\Sommersemester2026\AdvancedDeepLearning\Projekt\Exoplanets\data\interim\spoc120_dataset_generation\samples\toi_1285_01.npz
187,1288.01,365733349,CP,2.6998294,2460445.649979,2.208,2798.0,9.93119,6180.0,0.92,313.167029,65.608783,2019-10-17 00:30:12,2024-08-24 10:08:02,1,ok,True,13,11,train,192,15,success,0,0,13321,0.0,0.0,0.0,c:\Users\user\Documents\HSFlensburgMaster\Sommersemester2026\AdvancedDeepLearning\Projekt\Exoplanets\data\interim\spoc120_dataset_generation\samples\toi_1288_01.npz
188,1289.01,408203470,FP,0.581322,2458711.410631,1.3261177,3206.6010016,12.9984,3446.0,0.38621,307.210941,33.413959,2019-10-17 00:30:12,2021-10-29 12:59:15,0,ok,True,4,19,test,193,14,success,0,0,13575,0.0,0.0,0.0,c:\Users\user\Documents\HSFlensburgMaster\Sommersemester2026\AdvancedDeepLearning\Projekt\Exoplanets\data\interim\spoc120_dataset_generation\samples\toi_1289_01.npz
189,1240.01,158170594,KP,1.7208555,2459421.32991,1.8346409,10014.2587401,13.8046,5832.83,1.33402,286.110305,43.680961,2019-10-17 00:30:12,2023-03-15 16:02:02,1,ok,True,11,1,train,194,14,success,0,0,18231,0.0,0.0,0.0,c:\Users\user\Documents\HSFlensburgMaster\Sommersemester2026\AdvancedDeepLearning\Projekt\Exoplanets\data\interim\spoc120_dataset_generation\samples\toi_1240_01.npz
190,1243.01,219698776,CP,4.6595169,2459598.143164,0.9011821,1725.1706259,11.1966,3489.0,0.490729,135.732641,71.636416,2019-10-17 00:30:12,2026-01-14 12:03:42,1,ok,True,7,3,train,195,14,success,0,0,18423,0.0,0.0,0.0,c:\Users\user\Documents\HSFlensburgMaster\Sommersemester2026\AdvancedDeepLearning\Projekt\Exoplanets\data\interim\spoc120_dataset_generation\samples\toi_1243_01.npz
191,1244.01,219850915,CP,6.4002807,2459913.810947,2.1559875,1026.6018729,11.0157,4599.0,0.720551,256.279559,69.519093,2019-10-17 00:30:12,2025-04-20 12:03:53,1,ok,True,39,9,train,196,14,success,0,0,18422,0.0,0.0,0.0,c:\Users\user\Documents\HSFlensburgMaster\Sommersemester2026\AdvancedDeepLearning\Projekt\Exoplanets\data\interim\spoc120_dataset_generation\samples\toi_1244_01.npz
192,1246.01,230127302,CP,18.6548829,2459733.643821,5.4431451,1495.4449473,11.1802,5141.0,0.876154,251.11587,70.429992,2019-10-17 00:30:12,2023-02-24 10:10:01,1,ok,True,40,1,train,197,14,success,10,0,17659,4.975124378109453,0.0,4.975124378109453,c:\Users\user\Documents\HSFlensburgMaster\Sommersemester2026\AdvancedDeepLearning\Projekt\Exoplanets\data\interim\spoc120_dataset_generation\samples\toi_1246_01.npz
193,1246.02,230127302,CP,4.3074513,2459737.587215,2.3379196,1094.8419495,11.1802,5141.0,0.876154,251.11587,70.429992,2019-10-17 00:30:12,2023-06-13 16:02:07,1,ok,True,40,1,train,198,14,success,0,0,17659,0.0,0.0,0.0,c:\Users\user\Documents\HSFlensburgMaster\Sommersemester2026\AdvancedDeepLearning\Projekt\Exoplanets\data\interim\spoc120_dataset_generation\samples\toi_1246_02.npz
194,1246.03,230127302,CP,5.9041278,2459740.304262,2.7678313,773.9266468,11.1802,5141.0,0.876154,251.11587,70.429992,2019-11-15 23:57:09,2023-06-13 16:02:07,1,ok,True,40,1,train,199,14,success,0,0,17659,0.0,0.0,0.0,c:\Users\user\Documents\HSFlensburgMaster\Sommersemester2026\AdvancedDeepLearning\Projekt\Exoplanets\data\interim\spoc120_dataset_generation\samples\toi_1246_03.npz
195,1247.01,232540264,CP,15.9234883,2460311.844914,4.021,493.0,8.4724,5711.85,1.08,227.867864,71.841296,2019-10-17 00:30:12,2025-04-20 12:03:53,1,ok,True,18,11,train,201,14,success,19,0,16216,9.45273631840796,0.0,9.45273631840796,c:\Users\user\Documents\HSFlensburgMaster\Sommersemester2026\AdvancedDeepLearning\Projekt\Exoplanets\data\interim\spoc120_dataset_generation\samples\toi_1247_01.npz
196,1248.01,232612416,CP,4.3601536,2458687.1215,2.3408909,5592.2909183,11.1153,5227.0,0.874131,259.023592,63.105607,2019-10-17 00:30:12,2025-04-20 12:03:53,1,ok,True,39,12,train,202,14,success,0,0,18421,0.0,0.0,0.0,c:\Users\user\Documents\HSFlensburgMaster\Sommersemester2026\AdvancedDeepLearning\Projekt\Exoplanets\data\interim\spoc120_dataset_generation\samples\toi_1248_01.npz
197,1249.01,232976128,CP,13.0791581,2460342.349121,2.97,1143.0,10.2108,5453.0,1.0,200.561576,66.308533,2019-10-17 00:30:12,2025-04-20 12:03:53,1,ok,True,9,0,train,203,14,success,3,0,17108,1.4925373134328357,0.0,1.4925373134328357,c:\Users\user\Documents\HSFlensburgMaster\Sommersemester2026\AdvancedDeepLearning\Projekt\Exoplanets\data\interim\spoc120_dataset_generation\samples\toi_1249_01.npz
198,125.01,52368076,CP,4.6517186,2460206.744249,2.709,978.0,10.1985,5154.0,0.85,23.593425,-66.676349,2018-10-19 23:49:42,2023-11-15 16:02:02,1,ok,True,7,17,test,204,1,success,0,0,18276,0.0,0.0,0.0,c:\Users\user\Documents\HSFlensburgMaster\Sommersemester2026\AdvancedDeepLearning\Projekt\Exoplanets\data\interim\spoc120_dataset_generation\samples\toi_125_01.npz
199,125.02,52368076,CP,9.1549418,2460202.049893,2.457,1101.0,10.1985,5154.0,0.85,23.593425,-66.676349,2018-10-19 23:49:42,2024-10-03 10:08:02,1,ok,True,7,17,test,205,1,success,0,0,18276,0.0,0.0,0.0,c:\Users\user\Documents\HSFlensburgMaster\Sommersemester2026\AdvancedDeepLearning\Projekt\Exoplanets\data\interim\spoc120_dataset_generation\samples\toi_125_02.npz
200,125.03,52368076,CP,19.9815709,2460181.146579,2.724,909.0,10.1985,5154.0,0.85,23.593425,-66.676349,2018-10-19 23:49:42,2023-10-18 10:08:02,1,ok,True,7,17,test,206,1,success,10,0,18276,4.975124378109453,0.0,4.975124378109453,c:\Users\user\Documents\HSFlensburgMaster\Sommersemester2026\AdvancedDeepLearning\Projekt\Exoplanets\data\interim\spoc120_dataset_generation\samples\toi_125_03.npz
201,1250.01,233059608,FA,1.4415044,2458683.642967,0.9274524,547.3172736,6.895,6603.0,1.58365,269.807391,64.142644,2019-10-17 00:30:12,2023-05-10 10:10:02,0,ok,True,36,8,train,207,14,success,0,0,18419,0.0,0.0,0.0,c:\Users\user\Documents\HSFlensburgMaster\Sommersemester2026\AdvancedDeepLearning\Projekt\Exoplanets\data\interim\spoc120_dataset_generation\samples\toi_1250_01.npz
202,1253.01,233684822,FP,4.6756655,2460658.633557,1.914,738.0,9.89947,5779.0,1.45,260.902889,64.862363,2019-10-17 00:30:12,2025-07-23 10:08:02,0,ok,True,33,5,train,208,14,success,0,0,18423,0.0,0.0,0.0,c:\Users\user\Documents\HSFlensburgMaster\Sommersemester2026\AdvancedDeepLearning\Projekt\Exoplanets\data\interim\spoc120_dataset_generation\samples\toi_1253_01.npz
203,1255.01,237222864,CP,10.288886,2460646.544681,1.391,854.0,9.1416,5126.0,0.87,296.24462,74.062858,2019-10-17 00:30:12,2025-07-23 10:08:02,1,ok,True,39,4,train,209,14,success,0,0,18424,0.0,0.0,0.0,c:\Users\user\Documents\HSFlensburgMaster\Sommersemester2026\AdvancedDeepLearning\Projekt\Exoplanets\data\interim\spoc120_dataset_generation\samples\toi_1255_01.npz
204,1256.01,274762761,FP,1.0332441,2458683.947476,3.8017836,26111.5081972,13.5608,2972.0,0.156193,301.346363,38.228325,2019-10-17 00:30:12,2021-10-29 12:59:15,0,ok,True,7,0,train,210,14,success,0,0,13292,0.0,0.0,0.0,c:\Users\user\Documents\HSFlensburgMaster\Sommersemester2026\AdvancedDeepLearning\Projekt\Exoplanets\data\interim\spoc120_dataset_generation\samples\toi_1256_01.npz
205,1257.01,278348461,KP,5.4526479,2459820.977365,3.401,7750.0,9.87463,6509.0,1.57,303.195436,18.104778,2019-10-17 00:30:12,2022-10-05 10:10:01,1,ok,True,4,2,train,211,14,success,0,0,13346,0.0,0.0,0.0,c:\Users\user\Documents\HSFlensburgMaster\Sommersemester2026\AdvancedDeepLearning\Projekt\Exoplanets\data\interim\spoc120_dataset_generation\samples\toi_1257_01.npz
206,1259.01,288735205,CP,3.4779776,2459764.874089,2.5103489,27021.6932424,11.1534,4699.0,0.765001,282.100166,79.256476,2019-10-17 00:30:12,2023-06-13 16:02:07,1,ok,True,32,16,validation,212,14,success,0,0,18423,0.0,0.0,0.0,c:\Users\user\Documents\HSFlensburgMaster\Sommersemester2026\AdvancedDeepLearning\Projekt\Exoplanets\data\interim\spoc120_dataset_generation\samples\toi_1259_01.npz
207,126.01,70440470,KP,3.0354017,2458326.730861,2.8809533,16196.2158157,12.7923,5751.0,1.07224,339.489275,-35.154203,2018-11-07 18:01:53,2025-09-20 10:08:01,1,ok,True,5,5,train,213,1,success,0,0,18086,0.0,0.0,0.0,c:\Users\user\Documents\HSFlensburgMaster\Sommersemester2026\AdvancedDeepLearning\Projekt\Exoplanets\data\interim\spoc120_dataset_generation\samples\toi_126_01.npz
208,1260.01,355867695,CP,3.1274634,2459634.760516,1.9812695,1331.83693,10.8116,4225.0,0.693431,157.144071,65.854199,2019-10-17 00:30:12,2022-11-09 16:02:01,1,ok,True,7,10,train,214,14,success,0,0,18424,0.0,0.0,0.0,c:\Users\user\Documents\HSFlensburgMaster\Sommersemester2026\AdvancedDeepLearning\Projekt\Exoplanets\data\interim\spoc120_dataset_generation\samples\toi_1260_01.npz
209,1260.02,355867695,CP,7.4931613,2458686.119718,1.9339295,1650.6470497,10.8116,4225.0,0.693431,157.144071,65.854199,2019-10-17 00:30:12,2022-11-09 16:02:01,1,ok,True,7,10,train,215,14,success,0,0,18424,0.0,0.0,0.0,c:\Users\user\Documents\HSFlensburgMaster\Sommersemester2026\AdvancedDeepLearning\Projekt\Exoplanets\data\interim\spoc120_dataset_generation\samples\toi_1260_02.npz
210,1265.01,424865156,KP,2.2047452,2460558.800568,3.996,6872.0,10.0274,6532.23,1.99,292.24719,47.969543,2019-10-17 00:30:12,2024-11-14 10:08:02,1,ok,True,10,14,validation,217,14,success,0,0,18420,0.0,0.0,0.0,c:\Users\user\Documents\HSFlensburgMaster\Sommersemester2026\AdvancedDeepLearning\Projekt\Exoplanets\data\interim\spoc120_dataset_generation\samples\toi_1265_01.npz
211,1266.01,467179528,CP,10.8948421,2459649.751299,2.0719394,3168.3853584,11.0402,3618.0,0.435666,197.996583,65.833697,2019-10-17 00:30:12,2022-11-09 16:02:01,1,ok,True,9,9,train,218,14,success,0,0,16812,0.0,0.0,0.0,c:\Users\user\Documents\HSFlensburgMaster\Sommersemester2026\AdvancedDeepLearning\Projekt\Exoplanets\data\interim\spoc120_dataset_generation\samples\toi_1266_01.npz
212,1266.02,467179528,CP,18.8016111,2459630.046434,1.9093524,1686.7881033,11.0402,3618.0,0.435666,197.996583,65.833697,2019-11-15 23:57:09,2022-11-09 16:02:01,1,ok,True,9,9,train,219,14,success,14,0,16812,6.965174129353234,0.0,6.965174129353234,c:\Users\user\Documents\HSFlensburgMaster\Sommersemester2026\AdvancedDeepLearning\Projekt\Exoplanets\data\interim\spoc120_dataset_generation\samples\toi_1266_02.npz
213,1267.01,158561566,KP,6.7900981,2459425.412816,6.0786576,2158.1733568,11.636,6378.0,2.00068,287.708814,47.33305,2019-10-17 00:30:12,2023-03-15 16:02:02,1,ok,True,13,3,train,220,14,success,0,0,18292,0.0,0.0,0.0,c:\Users\user\Documents\HSFlensburgMaster\Sommersemester2026\AdvancedDeepLearning\Projekt\Exoplanets\data\interim\spoc120_dataset_generation\samples\toi_1267_01.npz
214,1268.01,142394656,CP,8.157721,2460359.607231,3.788,10273.0,10.1495,5091.2,0.9,198.388583,62.30538,2019-10-17 00:30:12,2024-05-08 10:08:01,1,ok,True,8,5,train,221,15,success,0,0,15239,0.0,0.0,0.0,c:\Users\user\Documents\HSFlensburgMaster\Sommersemester2026\AdvancedDeepLearning\Projekt\Exoplanets\data\interim\spoc120_dataset_generation\samples\toi_1268_01.npz
215,1269.01,198241702,CP,4.2529641,2458686.60881,2.5733867,758.584999,10.9897,5591.0,0.848906,249.69664,64.559181,2019-10-17 00:30:12,2025-04-20 12:03:53,1,ok,True,42,18,test,222,14,success,0,0,16236,0.0,0.0,0.0,c:\Users\user\Documents\HSFlensburgMaster\Sommersemester2026\AdvancedDeepLearning\Projekt\Exoplanets\data\interim\spoc120_dataset_generation\samples\toi_1269_01.npz
216,127.01,234523599,CP,3.7955178,2458325.650603,2.0198135,52278.9940979,14.1266,3424.0,0.445372,15.551889,-61.756133,2018-11-14 15:06:55,2021-12-09 10:10:02,1,ok,True,10,6,train,223,1,success,0,0,18276,0.0,0.0,0.0,c:\Users\user\Documents\HSFlensburgMaster\Sommersemester2026\AdvancedDeepLearning\Projekt\Exoplanets\data\interim\spoc120_dataset_generation\samples\toi_127_01.npz
217,1270.01,237200747,FP,14.3034613,2459695.445887,3.135,48840.0,11.463,5056.6,0.83,293.032494,74.891073,2019-10-17 00:30:12,2022-08-18 12:02:41,0,ok,True,42,0,train,224,14,success,12,0,18422,5.970149253731343,0.0,5.970149253731343,c:\Users\user\Documents\HSFlensburgMaster\Sommersemester2026\AdvancedDeepLearning\Projekt\Exoplanets\data\interim\spoc120_dataset_generation\samples\toi_1270_01.npz
218,1271.01,286923464,KP,6.1349783,2459657.449461,5.661,3860.0,7.4556,5828.7,2.05,203.509956,53.728188,2019-10-17 00:30:12,2022-05-20 10:10:02,1,ok,True,5,12,train,225,15,success,0,0,15248,0.0,0.0,0.0,c:\Users\user\Documents\HSFlensburgMaster\Sommersemester2026\AdvancedDeepLearning\Projekt\Exoplanets\data\interim\spoc120_dataset_generation\samples\toi_1271_01.npz
219,1272.01,417948359,CP,3.3159772,2459661.401357,1.494,2770.0,11.0244,4972.7,0.81,199.196204,49.861059,2019-10-17 00:30:12,2023-03-03 12:03:04,1,ok,True,5,6,train,226,15,success,0,0,15248,0.0,0.0,0.0,c:\Users\user\Documents\HSFlensburgMaster\Sommersemester2026\AdvancedDeepLearning\Projekt\Exoplanets\data\interim\spoc120_dataset_generation\samples\toi_1272_01.npz
220,1273.01,445859771,CP,4.6313014,2459684.920137,1.435,4860.0,10.418,5736.0,1.07,214.120856,58.390253,2019-10-17 00:30:12,2024-02-13 12:03:01,1,ok,True,7,18,test,227,15,success,0,0,14936,0.0,0.0,0.0,c:\Users\user\Documents\HSFlensburgMaster\Sommersemester2026\AdvancedDeepLearning\Projekt\Exoplanets\data\interim\spoc120_dataset_generation\samples\toi_1273_01.npz
221,1275.01,13499636,FA,11.3246821,2458714.596964,5.9704136,1937.5829721,10.5954,5518.0,0.824734,320.201905,28.055829,2019-10-17 00:30:12,2023-06-18 12:02:58,0,ok,True,3,2,train,228,15,success,4,0,12244,1.9900497512437811,0.0,1.9900497512437811,c:\Users\user\Documents\HSFlensburgMaster\Sommersemester2026\AdvancedDeepLearning\Projekt\Exoplanets\data\interim\spoc120_dataset_generation\samples\toi_1275_01.npz
222,134.01,234994474,CP,1.4015183,2458326.034032,1.1583061,593.7540922,9.22978,3794.0,0.597007,350.028592,-60.065729,2018-09-05 18:51:57,2024-10-01 10:08:01,1,ok,True,7,4,train,231,1,success,0,0,18276,0.0,0.0,0.0,c:\Users\user\Documents\HSFlensburgMaster\Sommersemester2026\AdvancedDeepLearning\Projekt\Exoplanets\data\interim\spoc120_dataset_generation\samples\toi_134_01.npz
223,1340.01,233681149,FP,8.5865509,2458683.690471,4.6739293,1754.7731836,10.8037,5929.0,0.987583,260.36481,65.012281,2019-10-30 21:47:36,2026-05-26 16:00:01,0,ok,True,37,1,train,232,14,success,0,0,18423,0.0,0.0,0.0,c:\Users\user\Documents\HSFlensburgMaster\Sommersemester2026\AdvancedDeepLearning\Projekt\Exoplanets\data\interim\spoc120_dataset_generation\samples\toi_1340_01.npz
224,1341.01,233390838,FP,6.4474918,2459820.572994,2.643,9270.0,9.53591,6477.6,1.69,301.559262,59.490771,2019-10-30 21:47:36,2022-12-05 16:02:02,0,ok,True,13,17,test,233,15,success,0,0,13261,0.0,0.0,0.0,c:\Users\user\Documents\HSFlensburgMaster\Sommersemester2026\AdvancedDeepLearning\Projekt\Exoplanets\data\interim\spoc120_dataset_generation\samples\toi_1341_01.npz
225,1342.01,256621916,FP,1.4136455,2460352.578093,1.448,2427.0,10.4243,5869.0,,300.488392,60.246367,2019-10-30 21:47:36,2024-04-22 10:08:02,0,ok,True,3,19,test,234,41,success,0,0,18322,0.0,0.0,0.0,c:\Users\user\Documents\HSFlensburgMaster\Sommersemester2026\AdvancedDeepLearning\Projekt\Exoplanets\data\interim\spoc120_dataset_generation\samples\toi_1342_01.npz
226,1343.01,358631536,FP,3.4040139,2460552.940939,4.837,935.0,10.0062,9622.0,1.65,317.575459,48.464282,2019-10-30 21:47:36,2024-10-11 10:08:01,0,ok,True,5,19,test,235,55,success,0,0,18882,0.0,0.0,0.0,c:\Users\user\Documents\HSFlensburgMaster\Sommersemester2026\AdvancedDeepLearning\Projekt\Exoplanets\data\interim\spoc120_dataset_generation\samples\toi_1343_01.npz
227,1344.01,1400770435,FP,13.7432169,2460637.867682,2.73,5046.0,8.88797,5941.5,1.4,264.961539,56.078974,2019-10-30 21:47:36,2025-07-23 16:00:01,0,ok,True,12,12,train,236,14,success,44,0,14286,21.890547263681594,0.0,21.890547263681594,c:\Users\user\Documents\HSFlensburgMaster\Sommersemester2026\AdvancedDeepLearning\Projekt\Exoplanets\data\interim\spoc120_dataset_generation\samples\toi_1344_01.npz
228,1346.01,219852882,CP,5.5025577,2459766.224945,3.1711008,844.7022676,10.7261,4965.0,0.784109,256.622675,68.843303,2019-10-30 21:47:36,2025-08-09 12:03:57,1,ok,True,41,6,train,237,14,success,0,0,18424,0.0,0.0,0.0,c:\Users\user\Documents\HSFlensburgMaster\Sommersemester2026\AdvancedDeepLearning\Projekt\Exoplanets\data\interim\spoc120_dataset_generation\samples\toi_1346_01.npz
229,1346.02,219852882,CP,1.7622537,2459741.887113,0.8779711,733.5550822,10.7261,4965.0,0.784109,256.622675,68.843303,2020-02-21 21:35:16,2025-08-09 12:03:57,1,ok,True,41,6,train,238,14,success,0,0,18424,0.0,0.0,0.0,c:\Users\user\Documents\HSFlensburgMaster\Sommersemester2026\AdvancedDeepLearning\Projekt\Exoplanets\data\interim\spoc120_dataset_generation\samples\toi_1346_02.npz
230,1347.01,229747848,CP,0.8474218,2459664.026959,0.8758764,424.3932848,10.7157,5300.0,0.846387,280.326681,70.290054,2019-10-30 21:47:36,2025-04-20 12:03:53,1,ok,True,39,8,train,239,14,success,0,0,18424,0.0,0.0,0.0,c:\Users\user\Documents\HSFlensburgMaster\Sommersemester2026\AdvancedDeepLearning\Projekt\Exoplanets\data\interim\spoc120_dataset_generation\samples\toi_1347_01.npz
231,1347.02,229747848,CP,4.8420438,2459656.582609,2.4105648,318.6638392,10.7157,5300.0,0.846387,280.326681,70.290054,2020-07-16 04:56:45,2025-04-20 12:03:53,1,ok,True,39,8,train,240,14,success,0,0,18424,0.0,0.0,0.0,c:\Users\user\Documents\HSFlensburgMaster\Sommersemester2026\AdvancedDeepLearning\Projekt\Exoplanets\data\interim\spoc120_dataset_generation\samples\toi_1347_02.npz
232,1348.01,229770036,FP,2.14056,2458684.50173,2.029,355.8315803,10.6666,4567.0,0.84,282.173361,70.840191,2019-10-30 21:47:36,2021-10-29 12:59:15,0,ok,True,30,1,train,241,14,success,0,0,18423,0.0,0.0,0.0,c:\Users\user\Documents\HSFlensburgMaster\Sommersemester2026\AdvancedDeepLearning\Projekt\Exoplanets\data\interim\spoc120_dataset_generation\samples\toi_1348_01.npz
233,135.01,267263253,CP,4.1269046,2460174.637067,4.405,10831.0,9.2205,6888.0,1.59,7.328916,-76.304032,2018-09-05 18:51:57,2023-11-16 16:02:02,1,ok,True,7,16,validation,242,1,success,0,0,18271,0.0,0.0,0.0,c:\Users\user\Documents\HSFlensburgMaster\Sommersemester2026\AdvancedDeepLearning\Projekt\Exoplanets\data\interim\spoc120_dataset_generation\samples\toi_135_01.npz
234,129.01,201248411,CP,0.980972,2460205.646862,0.5405036,6178.392421,9.9005,4486.0,0.764401,0.185606,-54.830823,2018-10-22 19:57:31,2023-11-15 16:02:02,1,ok,True,11,19,test,243,1,success,0,0,18275,0.0,0.0,0.0,c:\Users\user\Documents\HSFlensburgMaster\Sommersemester2026\AdvancedDeepLearning\Projekt\Exoplanets\data\interim\spoc120_dataset_generation\samples\toi_129_01.npz
235,1290.01,417676622,KP,5.3987355,2460551.373546,3.127,352.0,9.50898,5875.23,1.26,291.03231,49.040213,2019-10-17 00:30:12,2024-11-14 10:08:02,1,ok,True,11,17,test,244,14,success,0,0,18422,0.0,0.0,0.0,c:\Users\user\Documents\HSFlensburgMaster\Sommersemester2026\AdvancedDeepLearning\Projekt\Exoplanets\data\interim\spoc120_dataset_generation\samples\toi_1290_01.npz
236,1292.01,199688472,FP,1.4412175,2460351.142333,1.666,12927.0,9.84566,5672.9,1.46,253.14033,57.97415,2019-10-17 00:30:12,2024-03-04 10:08:01,0,ok,True,42,4,train,245,14,success,0,0,18424,0.0,0.0,0.0,c:\Users\user\Documents\HSFlensburgMaster\Sommersemester2026\AdvancedDeepLearning\Projekt\Exoplanets\data\interim\spoc120_dataset_generation\samples\toi_1292_01.npz
237,1294.01,219015370,CP,3.9152737,2459663.161776,2.562,3350.0,10.9458,5714.0,1.58,223.092641,70.476557,2019-10-17 00:30:12,2024-02-13 12:03:01,1,ok,True,9,9,train,246,40,success,0,0,19609,0.0,0.0,0.0,c:\Users\user\Documents\HSFlensburgMaster\Sommersemester2026\AdvancedDeepLearning\Projekt\Exoplanets\data\interim\spoc120_dataset_generation\samples\toi_1294_01.npz
238,1295.01,219852584,CP,3.1968838,2459913.379043,3.7533697,7958.980656,10.7973,6470.0,1.59715,256.672203,67.871503,2019-10-17 00:30:12,2025-04-20 12:03:53,1,ok,True,32,14,validation,247,23,success,0,0,14658,0.0,0.0,0.0,c:\Users\user\Documents\HSFlensburgMaster\Sommersemester2026\AdvancedDeepLearning\Projekt\Exoplanets\data\interim\spoc120_dataset_generation\samples\toi_1295_01.npz
239,1296.01,219854185,CP,3.9443668,2459766.962599,4.8652146,6732.488454,10.8041,5494.0,1.75475,256.770639,70.238481,2019-10-17 00:30:12,2023-06-13 16:02:07,1,ok,True,32,2,train,248,23,success,0,0,14974,0.0,0.0,0.0,c:\Users\user\Documents\HSFlensburgMaster\Sommersemester2026\AdvancedDeepLearning\Projekt\Exoplanets\data\interim\spoc120_dataset_generation\samples\toi_1296_01.npz
240,1297.01,229536616,FP,3.93034,2458686.93866,3.667,9724.58,10.9873,6292.0,1.37,195.821133,67.823436,2019-10-17 00:30:12,2021-10-29 12:59:15,0,ok,True,1,2,train,249,41,success,0,0,18320,0.0,0.0,0.0,c:\Users\user\Documents\HSFlensburgMaster\Sommersemester2026\AdvancedDeepLearning\Projekt\Exoplanets\data\interim\spoc120_dataset_generation\samples\toi_1297_01.npz
241,1298.01,237104103,CP,4.5371361,2459764.419877,4.042155,4199.7558754,10.9585,5731.0,1.48668,241.322901,70.19004,2019-10-17 00:30:12,2023-06-13 16:02:07,1,ok,True,33,4,train,250,23,success,0,0,14807,0.0,0.0,0.0,c:\Users\user\Documents\HSFlensburgMaster\Sommersemester2026\AdvancedDeepLearning\Projekt\Exoplanets\data\interim\spoc120_dataset_generation\samples\toi_1298_01.npz
242,1299.01,258777134,FP,5.929405,2459599.130762,3.719,16410.0,10.451,,,286.74788,71.7136,2019-10-17 00:30:12,2022-02-07 16:02:02,0,ok,True,40,1,train,251,14,success,0,0,18424,0.0,0.0,0.0,c:\Users\user\Documents\HSFlensburgMaster\Sommersemester2026\AdvancedDeepLearning\Projekt\Exoplanets\data\interim\spoc120_dataset_generation\samples\toi_1299_01.npz
243,130.01,263003176,CP,14.3392144,2458336.557651,4.6064739,392.6346872,7.4371,6295.7,1.1374201,12.546778,-83.743767,2018-09-05 18:34:18,2024-09-18 10:08:02,1,ok,True,9,5,train,252,1,success,10,0,18276,4.975124378109453,0.0,4.975124378109453,c:\Users\user\Documents\HSFlensburgMaster\Sommersemester2026\AdvancedDeepLearning\Projekt\Exoplanets\data\interim\spoc120_dataset_generation\samples\toi_130_01.npz
244,1300.01,293687315,KP,2.8716983,2460419.967332,4.668,8568.0,9.823,6840.0,1.91,216.523825,59.444274,2019-10-17 00:30:12,2024-11-15 16:02:02,1,ok,True,5,4,train,253,23,success,0,0,12205,0.0,0.0,0.0,c:\Users\user\Documents\HSFlensburgMaster\Sommersemester2026\AdvancedDeepLearning\Projekt\Exoplanets\data\interim\spoc120_dataset_generation\samples\toi_1300_01.npz
245,1301.01,356867115,CP,6.0964074,2459710.294209,2.3632965,1142.4891745,10.5216,4820.4,0.731699,275.862543,71.581748,2019-10-17 00:30:12,2025-04-20 12:03:53,1,ok,True,39,11,train,254,14,success,0,0,18422,0.0,0.0,0.0,c:\Users\user\Documents\HSFlensburgMaster\Sommersemester2026\AdvancedDeepLearning\Projekt\Exoplanets\data\interim\spoc120_dataset_generation\samples\toi_1301_01.npz
246,1304.01,186000935,FP,8.8735214,2460552.790682,4.059,1949.0,9.76577,5992.0,1.18,303.072972,44.495878,2019-10-17 00:30:12,2024-10-08 10:08:02,0,ok,True,2,13,train,255,41,success,0,0,18322,0.0,0.0,0.0,c:\Users\user\Documents\HSFlensburgMaster\Sommersemester2026\AdvancedDeepLearning\Projekt\Exoplanets\data\interim\spoc120_dataset_generation\samples\toi_1304_01.npz
247,1305.01,232679662,FP,7.8513774,2460650.647652,6.699,21571.0,10.3018,,,282.474539,55.26639,2019-10-17 00:30:12,2025-07-23 10:08:02,0,ok,True,6,10,train,256,40,success,0,0,19610,0.0,0.0,0.0,c:\Users\user\Documents\HSFlensburgMaster\Sommersemester2026\AdvancedDeepLearning\Projekt\Exoplanets\data\interim\spoc120_dataset_generation\samples\toi_1305_01.npz
248,1306.01,233735068,FP,7.6869063,2459852.045455,4.652,4500.0,10.0194,5147.3,3.07,277.476856,61.049501,2019-10-17 00:30:12,2022-11-07 16:02:02,0,ok,True,41,4,train,257,14,success,0,0,12943,0.0,0.0,0.0,c:\Users\user\Documents\HSFlensburgMaster\Sommersemester2026\AdvancedDeepLearning\Projekt\Exoplanets\data\interim\spoc120_dataset_generation\samples\toi_1306_01.npz
249,1308.01,277014266,FP,1.3797091,2459446.290468,2.352,1320.0,10.6168,5924.0,2.67,306.425841,53.561615,2019-10-17 00:30:12,2022-02-16 12:02:11,0,ok,True,6,15,validation,258,41,success,0,0,18322,0.0,0.0,0.0,c:\Users\user\Documents\HSFlensburgMaster\Sommersemester2026\AdvancedDeepLearning\Projekt\Exoplanets\data\interim\spoc120_dataset_generation\samples\toi_1308_01.npz
250,1309.01,287190564,FP,1.49861,2458684.76284,2.871,2188.61,10.6229,8590.0,,292.50517,54.108503,2019-10-17 00:30:12,2021-10-29 12:59:15,0,ok,True,2,19,test,259,40,success,0,0,15574,0.0,0.0,0.0,c:\Users\user\Documents\HSFlensburgMaster\Sommersemester2026\AdvancedDeepLearning\Projekt\Exoplanets\data\interim\spoc120_dataset_generation\samples\toi_1309_01.npz
251,1310.01,294179389,FP,2.6796,2458685.4705,2.771,7590.0,10.5742,5938.0,1.32,300.83864,53.29562,2019-10-17 00:30:12,2021-10-29 12:59:15,0,ok,True,6,18,test,260,55,success,0,0,18401,0.0,0.0,0.0,c:\Users\user\Documents\HSFlensburgMaster\Sommersemester2026\AdvancedDeepLearning\Projekt\Exoplanets\data\interim\spoc120_dataset_generation\samples\toi_1310_01.npz
252,1312.01,405904232,FP,11.0765063,2460549.082741,4.692,4400.0,10.1098,6460.0,1.86,301.562631,52.164181,2019-10-17 00:30:12,2024-12-14 12:02:56,0,ok,True,9,13,train,261,41,success,0,0,18248,0.0,0.0,0.0,c:\Users\user\Documents\HSFlensburgMaster\Sommersemester2026\AdvancedDeepLearning\Projekt\Exoplanets\data\interim\spoc120_dataset_generation\samples\toi_1312_01.npz
253,1313.01,11111899,FP,0.6193401,2460557.800973,1.514,1853.0,9.6996,7812.5,1.79,303.824831,36.651807,2019-10-17 00:30:12,2024-10-10 10:08:04,0,ok,True,5,2,train,262,41,success,0,0,18321,0.0,0.0,0.0,c:\Users\user\Documents\HSFlensburgMaster\Sommersemester2026\AdvancedDeepLearning\Projekt\Exoplanets\data\interim\spoc120_dataset_generation\samples\toi_1313_01.npz
254,1314.01,136848581,FP,2.6400663,2460365.8222,3.368,1328.0,9.90482,5155.0,2.72,317.7479,43.551895,2019-10-17 00:30:12,2024-04-17 10:08:01,0,ok,True,6,18,test,263,55,success,0,0,18881,0.0,0.0,0.0,c:\Users\user\Documents\HSFlensburgMaster\Sommersemester2026\AdvancedDeepLearning\Projekt\Exoplanets\data\interim\spoc120_dataset_generation\samples\toi_1314_01.npz
255,1315.01,137284119,FP,2.5778717,2459820.409101,3.472,1010.0,9.14819,8321.0,3.16,318.235161,46.26809,2019-10-17 00:30:12,2022-10-03 16:02:02,0,ok,True,1,16,validation,264,55,success,0,0,18882,0.0,0.0,0.0,c:\Users\user\Documents\HSFlensburgMaster\Sommersemester2026\AdvancedDeepLearning\Projekt\Exoplanets\data\interim\spoc120_dataset_generation\samples\toi_1315_01.npz
256,1317.01,165523947,FP,2.99041,2458711.85776,3.952,1290.0,10.2918,8542.0,3.56,316.813885,40.167172,2019-10-17 00:30:12,2024-10-10 10:08:04,0,ok,True,1,4,train,265,55,success,0,0,15080,0.0,0.0,0.0,c:\Users\user\Documents\HSFlensburgMaster\Sommersemester2026\AdvancedDeepLearning\Projekt\Exoplanets\data\interim\spoc120_dataset_generation\samples\toi_1317_01.npz
257,1319.01,167098530,FP,0.890967,2459823.85374,1.784,1100.0,9.3213,5159.2,0.87,318.627107,40.017017,2019-10-17 00:30:12,2022-10-03 10:10:02,0,ok,True,1,12,train,266,55,success,0,0,15637,0.0,0.0,0.0,c:\Users\user\Documents\HSFlensburgMaster\Sommersemester2026\AdvancedDeepLearning\Projekt\Exoplanets\data\interim\spoc120_dataset_generation\samples\toi_1319_01.npz
258,132.01,89020549,CP,2.1096805,2458326.904918,2.1344043,1309.7297126,10.8061,5673.0,0.940806,338.399662,-43.436872,2018-09-05 18:51:57,2025-06-04 16:00:01,1,ok,True,5,10,train,267,1,success,0,0,18273,0.0,0.0,0.0,c:\Users\user\Documents\HSFlensburgMaster\Sommersemester2026\AdvancedDeepLearning\Projekt\Exoplanets\data\interim\spoc120_dataset_generation\samples\toi_132_01.npz
259,1321.01,195199644,FP,1.19888,2458712.25971,1.558,1169.03,10.0849,7315.0,5.46,313.536475,37.789356,2019-10-17 00:30:12,2021-10-29 12:59:15,0,ok,True,4,12,train,268,55,success,0,0,14615,0.0,0.0,0.0,c:\Users\user\Documents\HSFlensburgMaster\Sommersemester2026\AdvancedDeepLearning\Projekt\Exoplanets\data\interim\spoc120_dataset_generation\samples\toi_1321_01.npz
260,1323.01,256886630,FP,2.03905,2458713.20059,2.26,430.0,8.26618,9003.0,2.68,329.385067,41.449509,2019-10-17 00:30:12,2021-10-29 12:59:15,0,ok,True,2,10,train,269,15,success,0,0,12636,0.0,0.0,0.0,c:\Users\user\Documents\HSFlensburgMaster\Sommersemester2026\AdvancedDeepLearning\Projekt\Exoplanets\data\interim\spoc120_dataset_generation\samples\toi_1323_01.npz
261,1324.01,266688542,FP,2.9424142,2460389.230214,4.073,1400.0,10.1894,6854.0,1.79,321.02381,46.384673,2019-10-17 00:30:12,2024-05-16 10:08:02,0,ok,True,4,10,train,270,56,success,0,0,19612,0.0,0.0,0.0,c:\Users\user\Documents\HSFlensburgMaster\Sommersemester2026\AdvancedDeepLearning\Projekt\Exoplanets\data\interim\spoc120_dataset_generation\samples\toi_1324_01.npz
262,1325.01,274942910,FP,1.0793011,2460393.552555,2.196,1562.0,9.9809,4349.3,0.67,322.92657,41.797465,2019-10-17 00:30:12,2024-05-16 10:08:02,0,ok,True,3,0,train,271,76,success,0,0,14541,0.0,0.0,0.0,c:\Users\user\Documents\HSFlensburgMaster\Sommersemester2026\AdvancedDeepLearning\Projekt\Exoplanets\data\interim\spoc120_dataset_generation\samples\toi_1325_01.npz
263,1326.01,275111900,FP,8.0428575,2459823.091016,9.504,18730.0,8.6746,8286.0,,323.206851,39.072196,2019-10-17 00:30:12,2023-08-14 16:02:02,0,ok,True,5,15,validation,272,55,success,0,0,15646,0.0,0.0,0.0,c:\Users\user\Documents\HSFlensburgMaster\Sommersemester2026\AdvancedDeepLearning\Projekt\Exoplanets\data\interim\spoc120_dataset_generation\samples\toi_1326_01.npz
264,1328.01,330332501,FP,4.0157492,2459819.789519,2.706,1150.0,10.3599,6585.0,2.07,315.110366,46.060449,2019-10-17 00:30:12,2023-05-24 12:02:59,0,ok,True,2,0,train,273,55,success,0,0,18882,0.0,0.0,0.0,c:\Users\user\Documents\HSFlensburgMaster\Sommersemester2026\AdvancedDeepLearning\Projekt\Exoplanets\data\interim\spoc120_dataset_generation\samples\toi_1328_01.npz
265,1329.01,345996087,FP,2.01976,2458712.72322,3.394,3963.85,10.2835,7274.6,1.72,327.480039,44.08006,2019-10-17 00:30:12,2021-10-29 12:59:15,0,ok,True,2,11,train,274,76,success,0,0,15765,0.0,0.0,0.0,c:\Users\user\Documents\HSFlensburgMaster\Sommersemester2026\AdvancedDeepLearning\Projekt\Exoplanets\data\interim\spoc120_dataset_generation\samples\toi_1329_01.npz
266,1330.01,357457104,FP,1.748054,2459852.148977,2.122,670.0,9.521,,,315.540896,45.775741,2019-10-17 00:30:12,2023-02-06 10:10:02,0,ok,True,8,15,validation,275,15,success,0,0,12419,0.0,0.0,0.0,c:\Users\user\Documents\HSFlensburgMaster\Sommersemester2026\AdvancedDeepLearning\Projekt\Exoplanets\data\interim\spoc120_dataset_generation\samples\toi_1330_01.npz
267,1331.01,387664866,FP,2.65646,2458712.51758,2.475,773.369,9.08409,6135.4,3.98,323.548627,50.481445,2019-10-17 00:30:12,2021-10-29 12:59:15,0,ok,True,2,11,train,276,76,success,0,0,19023,0.0,0.0,0.0,c:\Users\user\Documents\HSFlensburgMaster\Sommersemester2026\AdvancedDeepLearning\Projekt\Exoplanets\data\interim\spoc120_dataset_generation\samples\toi_1331_01.npz
268,1332.01,387664868,FP,2.65688,2458712.51369,2.615,1959.88,10.8823,,,323.550356,50.481865,2019-10-17 00:30:12,2021-10-29 12:59:15,0,ok,True,2,16,validation,277,76,success,0,0,19023,0.0,0.0,0.0,c:\Users\user\Documents\HSFlensburgMaster\Sommersemester2026\AdvancedDeepLearning\Projekt\Exoplanets\data\interim\spoc120_dataset_generation\samples\toi_1332_01.npz
269,1333.01,395171208,CP,4.7201912,2459847.968306,4.416,6710.0,9.03527,6696.0,1.8,325.014536,48.406767,2019-10-17 00:30:12,2026-06-10 12:04:06,1,ok,True,2,12,train,278,56,success,0,0,19611,0.0,0.0,0.0,c:\Users\user\Documents\HSFlensburgMaster\Sommersemester2026\AdvancedDeepLearning\Projekt\Exoplanets\data\interim\spoc120_dataset_generation\samples\toi_1333_01.npz
270,1334.01,42123111,FP,4.03349,2458686.4671,2.684,1530.0,9.5526,11348.0,6.37,302.220069,38.245221,2019-10-17 00:30:12,2021-10-29 12:59:15,0,ok,True,3,7,train,279,41,success,0,0,18322,0.0,0.0,0.0,c:\Users\user\Documents\HSFlensburgMaster\Sommersemester2026\AdvancedDeepLearning\Projekt\Exoplanets\data\interim\spoc120_dataset_generation\samples\toi_1334_01.npz
271,1335.01,89759617,FP,3.3295394,2459817.659426,2.77,2620.0,10.4806,7965.0,2.35,301.564685,35.588396,2019-10-17 00:30:12,2022-10-03 10:10:02,0,ok,True,3,15,validation,280,41,success,0,0,18322,0.0,0.0,0.0,c:\Users\user\Documents\HSFlensburgMaster\Sommersemester2026\AdvancedDeepLearning\Projekt\Exoplanets\data\interim\spoc120_dataset_generation\samples\toi_1335_01.npz
272,1336.01,92783821,FP,3.8615978,2459442.068334,1.678,1020.0,10.2115,7396.0,2.45,303.017318,35.524628,2019-10-17 00:30:12,2022-02-16 12:02:11,0,ok,True,6,10,train,281,41,success,0,0,18321,0.0,0.0,0.0,c:\Users\user\Documents\HSFlensburgMaster\Sommersemester2026\AdvancedDeepLearning\Projekt\Exoplanets\data\interim\spoc120_dataset_generation\samples\toi_1336_01.npz
273,1337.01,160708862,KP,3.3448312,2460087.939719,3.322,13626.0,9.8787,9364.0,1.76,227.270329,-42.704966,2019-10-29 00:00:00,2025-08-29 16:00:02,1,ok,True,4,1,train,282,38,success,0,0,17554,0.0,0.0,0.0,c:\Users\user\Documents\HSFlensburgMaster\Sommersemester2026\AdvancedDeepLearning\Projekt\Exoplanets\data\interim\spoc120_dataset_generation\samples\toi_1337_01.npz
274,1339.01,269701147,CP,8.8803281,2460651.26694,2.71,1238.0,8.2929,5555.7,0.92,302.025625,66.850301,2019-10-30 15:08:00,2025-07-23 10:08:02,1,ok,True,28,14,validation,284,15,success,0,0,13319,0.0,0.0,0.0,c:\Users\user\Documents\HSFlensburgMaster\Sommersemester2026\AdvancedDeepLearning\Projekt\Exoplanets\data\interim\spoc120_dataset_generation\samples\toi_1339_01.npz
275,1403.01,328750515,FP,2.3359622,2459825.344785,6.0165684,3066.2492749,10.7387,7577.0,2.0780001,332.287103,57.938972,2019-10-30 21:47:37,2022-12-08 10:10:02,0,ok,True,5,10,train,285,56,success,0,0,19610,0.0,0.0,0.0,c:\Users\user\Documents\HSFlensburgMaster\Sommersemester2026\AdvancedDeepLearning\Projekt\Exoplanets\data\interim\spoc120_dataset_generation\samples\toi_1403_01.npz
276,1405.01,387834907,FP,12.64001,2458739.88011,6.893,9458.38,8.4239,5195.1,,315.669109,70.0803,2019-10-30 21:47:37,2022-07-18 16:02:01,0,ok,True,16,2,train,286,16,success,50,0,12825,24.875621890547265,0.0,24.875621890547265,c:\Users\user\Documents\HSFlensburgMaster\Sommersemester2026\AdvancedDeepLearning\Projekt\Exoplanets\data\interim\spoc120_dataset_generation\samples\toi_1405_01.npz
277,1406.01,231736113,CP,10.5739824,2459218.231402,4.04,5460.0,11.4266,6519.0,1.27,82.127963,-48.409067,2019-10-31 22:56:30,2021-10-29 12:59:15,1,ok,True,5,9,train,287,31,success,0,0,16537,0.0,0.0,0.0,c:\Users\user\Documents\HSFlensburgMaster\Sommersemester2026\AdvancedDeepLearning\Projekt\Exoplanets\data\interim\spoc120_dataset_generation\samples\toi_1406_01.npz
278,1407.01,69747919,KP,9.9783319,2459085.39112,4.2281711,179.2248456,7.7275,6073.5,1.47131,336.576123,-18.011665,2019-10-31 22:56:30,2024-09-07 10:08:02,1,ok,True,5,7,train,288,2,success,0,0,18297,0.0,0.0,0.0,c:\Users\user\Documents\HSFlensburgMaster\Sommersemester2026\AdvancedDeepLearning\Projekt\Exoplanets\data\interim\spoc120_dataset_generation\samples\toi_1407_01.npz
279,1408.01,364186197,CP,4.4247042,2460661.181674,1.318,2447.0,8.82374,6594.0,1.49,313.511047,72.580646,2019-11-06 20:55:18,2025-07-23 16:00:01,1,ok,True,18,10,train,289,16,success,0,0,12828,0.0,0.0,0.0,c:\Users\user\Documents\HSFlensburgMaster\Sommersemester2026\AdvancedDeepLearning\Projekt\Exoplanets\data\interim\spoc120_dataset_generation\samples\toi_1408_01.npz
280,1408.02,364186197,KP,2.2222094,2460479.047419,2.461,87.0,8.82374,6594.0,1.49,313.511047,72.580646,2024-09-24 23:11:45,2025-08-29 16:00:02,1,ok,True,18,10,train,290,16,success,0,0,12828,0.0,0.0,0.0,c:\Users\user\Documents\HSFlensburgMaster\Sommersemester2026\AdvancedDeepLearning\Projekt\Exoplanets\data\interim\spoc120_dataset_generation\samples\toi_1408_02.npz
281,141.01,403224672,CP,1.0082361,2460178.671412,1.41,228.0,7.384,5795.29,1.13,338.983717,-59.864829,2018-09-05 18:51:57,2023-11-15 16:02:02,1,ok,True,8,17,test,291,1,success,0,0,18270,0.0,0.0,0.0,c:\Users\user\Documents\HSFlensburgMaster\Sommersemester2026\AdvancedDeepLearning\Projekt\Exoplanets\data\interim\spoc120_dataset_generation\samples\toi_141_01.npz
282,1410.01,199444169,CP,1.2168732,2459850.737058,0.86,1240.0,10.1917,4634.6,0.78,334.882849,42.560314,2019-11-06 20:55:18,2025-04-20 12:03:53,1,ok,True,3,17,test,292,16,success,0,0,13920,0.0,0.0,0.0,c:\Users\user\Documents\HSFlensburgMaster\Sommersemester2026\AdvancedDeepLearning\Projekt\Exoplanets\data\interim\spoc120_dataset_generation\samples\toi_1410_01.npz
283,1411.01,116483514,CP,1.4520486,2460447.085367,1.339,393.0,9.1043,4184.0,0.69,232.946047,47.055551,2019-11-06 20:55:18,2024-08-15 10:08:02,1,ok,True,7,4,train,293,16,success,0,0,15459,0.0,0.0,0.0,c:\Users\user\Documents\HSFlensburgMaster\Sommersemester2026\AdvancedDeepLearning\Projekt\Exoplanets\data\interim\spoc120_dataset_generation\samples\toi_1411_01.npz
284,1416.01,158025009,CP,1.0697621,2460423.263435,1.356,376.0,9.0739,4946.0,0.8,216.923489,41.952986,2019-11-06 20:55:18,2024-11-15 16:02:02,1,ok,True,4,15,validation,294,16,success,0,0,15399,0.0,0.0,0.0,c:\Users\user\Documents\HSFlensburgMaster\Sommersemester2026\AdvancedDeepLearning\Projekt\Exoplanets\data\interim\spoc120_dataset_generation\samples\toi_1416_01.npz
285,1353.01,279177746,FP,4.4350025,2460551.553803,2.252,2085.0,10.1503,9706.0,1.87,313.885156,46.502085,2019-10-30 21:47:36,2024-11-14 10:08:02,0,ok,True,6,1,train,295,55,success,0,0,18881,0.0,0.0,0.0,c:\Users\user\Documents\HSFlensburgMaster\Sommersemester2026\AdvancedDeepLearning\Projekt\Exoplanets\data\interim\spoc120_dataset_generation\samples\toi_1353_01.npz
286,1354.01,365683032,FP,1.4287976,2460556.601695,2.93,1768.0,8.78822,9224.0,1.65,312.179957,51.910696,2019-10-30 21:47:36,2024-10-01 10:08:01,0,ok,True,5,10,train,296,56,success,0,0,19609,0.0,0.0,0.0,c:\Users\user\Documents\HSFlensburgMaster\Sommersemester2026\AdvancedDeepLearning\Projekt\Exoplanets\data\interim\spoc120_dataset_generation\samples\toi_1354_01.npz
287,1357.01,357972447,FP,0.33759,2460393.796914,1.351,529.0,10.2193,7387.0,1.37,316.955806,50.500883,2019-10-30 21:47:36,2024-05-13 10:08:02,0,ok,True,1,5,train,297,55,success,0,0,18882,0.0,0.0,0.0,c:\Users\user\Documents\HSFlensburgMaster\Sommersemester2026\AdvancedDeepLearning\Projekt\Exoplanets\data\interim\spoc120_dataset_generation\samples\toi_1357_01.npz
288,1358.01,275501623,FP,1.67346,2458739.59911,2.54,390.0,8.63701,10445.0,2.45,320.116115,61.12025,2019-10-30 21:47:36,2021-10-29 12:59:15,0,ok,True,2,16,validation,298,56,success,0,0,19609,0.0,0.0,0.0,c:\Users\user\Documents\HSFlensburgMaster\Sommersemester2026\AdvancedDeepLearning\Projekt\Exoplanets\data\interim\spoc120_dataset_generation\samples\toi_1358_01.npz
289,1359.01,416624606,FP,2.5152549,2459821.804188,2.386,1870.0,10.2732,5915.0,2.11,310.038053,50.323742,2019-10-30 21:47:36,2022-10-03 16:02:02,0,ok,True,1,0,train,299,55,success,0,0,18881,0.0,0.0,0.0,c:\Users\user\Documents\HSFlensburgMaster\Sommersemester2026\AdvancedDeepLearning\Projekt\Exoplanets\data\interim\spoc120_dataset_generation\samples\toi_1359_01.npz
290,136.01,410153553,CP,0.4629304,2458325.724125,0.5409433,4507.3268775,11.9238,3043.0,0.188624,340.496204,-69.172108,2018-09-05 18:51:57,2026-01-12 10:08:02,1,ok,True,11,0,train,300,1,success,0,0,18275,0.0,0.0,0.0,c:\Users\user\Documents\HSFlensburgMaster\Sommersemester2026\AdvancedDeepLearning\Projekt\Exoplanets\data\interim\spoc120_dataset_generation\samples\toi_136_01.npz
291,1360.01,330468175,FP,0.70902,2458739.28,2.49,570.0,10.0146,8999.0,2.36,315.166199,47.785991,2019-10-30 21:47:36,2022-02-13 12:02:14,0,ok,True,1,1,train,301,55,success,0,0,18882,0.0,0.0,0.0,c:\Users\user\Documents\HSFlensburgMaster\Sommersemester2026\AdvancedDeepLearning\Projekt\Exoplanets\data\interim\spoc120_dataset_generation\samples\toi_1360_01.npz
292,1363.01,230017325,FP,9.6926509,2460649.216907,2.819,1393.0,10.3843,6012.0,3.51,291.469121,61.776068,2019-10-30 21:47:36,2025-07-23 10:08:02,0,ok,True,30,7,train,302,40,success,0,0,19607,0.0,0.0,0.0,c:\Users\user\Documents\HSFlensburgMaster\Sommersemester2026\AdvancedDeepLearning\Projekt\Exoplanets\data\interim\spoc120_dataset_generation\samples\toi_1363_01.npz
293,1365.01,367099243,FP,1.8286961,2460421.898853,3.37,7283.0,10.4849,6046.3,1.23,317.729186,72.615356,2019-10-30 21:47:36,2024-07-26 10:08:01,0,ok,True,1,4,train,303,52,success,0,0,15686,0.0,0.0,0.0,c:\Users\user\Documents\HSFlensburgMaster\Sommersemester2026\AdvancedDeepLearning\Projekt\Exoplanets\data\interim\spoc120_dataset_generation\samples\toi_1365_01.npz
294,1366.01,120602501,FP,14.8626982,2459830.772785,3.3250502,8264.2193919,8.48216,5705.0,1.73364,337.686813,40.003763,2019-10-30 21:47:36,2023-08-18 16:02:02,0,ok,True,3,12,train,304,16,success,40,0,14396,19.900497512437813,0.0,19.900497512437813,c:\Users\user\Documents\HSFlensburgMaster\Sommersemester2026\AdvancedDeepLearning\Projekt\Exoplanets\data\interim\spoc120_dataset_generation\samples\toi_1366_01.npz
295,1368.01,136971594,FP,1.25562,2458711.81369,2.304,290.0,9.1384,5717.0,1.72,317.966114,43.592849,2019-10-30 21:47:36,2021-10-29 12:59:15,0,ok,True,1,3,train,305,55,success,0,0,18882,0.0,0.0,0.0,c:\Users\user\Documents\HSFlensburgMaster\Sommersemester2026\AdvancedDeepLearning\Projekt\Exoplanets\data\interim\spoc120_dataset_generation\samples\toi_1368_01.npz
296,1369.01,155005217,FP,7.6047417,2459867.206961,5.23,1200.0,10.4216,9139.0,1.8,345.243825,42.549318,2019-10-30 21:47:36,2023-05-24 12:02:59,0,ok,True,3,11,train,306,56,success,0,0,18896,0.0,0.0,0.0,c:\Users\user\Documents\HSFlensburgMaster\Sommersemester2026\AdvancedDeepLearning\Projekt\Exoplanets\data\interim\spoc120_dataset_generation\samples\toi_1369_01.npz
297,137.01,176957796,FA,4.8173797,2459199.440315,1.323,1800.0,10.702,4651.0,0.69,101.297491,-66.238326,2018-09-05 18:34:18,2021-12-08 10:10:01,0,ok,True,13,17,test,307,1,success,0,0,18278,0.0,0.0,0.0,c:\Users\user\Documents\HSFlensburgMaster\Sommersemester2026\AdvancedDeepLearning\Projekt\Exoplanets\data\interim\spoc120_dataset_generation\samples\toi_137_01.npz
298,1370.01,155114483,FP,5.2651271,2459877.368408,2.463,3450.0,9.25068,8728.0,1.7,345.748458,44.564848,2019-10-30 21:47:36,2022-12-05 16:02:02,0,ok,True,3,11,train,308,17,success,0,0,13135,0.0,0.0,0.0,c:\Users\user\Documents\HSFlensburgMaster\Sommersemester2026\AdvancedDeepLearning\Projekt\Exoplanets\data\interim\spoc120_dataset_generation\samples\toi_1370_01.npz
299,1372.01,164150539,FP,6.1600888,2459850.543759,1.67,1120.0,10.3126,5772.0,1.55,335.753569,30.572726,2019-10-30 21:47:36,2022-11-07 16:02:02,0,ok,True,1,7,train,309,56,success,0,0,19612,0.0,0.0,0.0,c:\Users\user\Documents\HSFlensburgMaster\Sommersemester2026\AdvancedDeepLearning\Projekt\Exoplanets\data\interim\spoc120_dataset_generation\samples\toi_1372_01.npz
300,1373.01,176899385,KP,3.8529998,2460605.038813,3.225,8913.0,9.995771,6893.4,1.57,354.774092,42.465987,2019-10-30 21:47:36,2025-05-02 16:00:02,1,ok,True,2,15,validation,310,57,success,0,0,17990,0.0,0.0,0.0,c:\Users\user\Documents\HSFlensburgMaster\Sommersemester2026\AdvancedDeepLearning\Projekt\Exoplanets\data\interim\spoc120_dataset_generation\samples\toi_1373_01.npz
301,1376.01,190743990,FP,1.7380504,2460582.487167,1.496,956.0,10.2566,6026.0,1.45,325.787112,45.646806,2019-10-30 21:47:37,2024-12-18 16:02:01,0,ok,True,3,8,train,311,56,success,0,0,18803,0.0,0.0,0.0,c:\Users\user\Documents\HSFlensburgMaster\Sommersemester2026\AdvancedDeepLearning\Projekt\Exoplanets\data\interim\spoc120_dataset_generation\samples\toi_1376_01.npz
302,1378.01,249812036,FP,5.7785318,2460561.395306,2.348,4990.0,9.624,8224.0,2.92,339.785541,49.426562,2019-10-30 21:47:37,2024-11-21 10:08:02,0,ok,True,6,18,test,312,56,success,0,0,19490,0.0,0.0,0.0,c:\Users\user\Documents\HSFlensburgMaster\Sommersemester2026\AdvancedDeepLearning\Projekt\Exoplanets\data\interim\spoc120_dataset_generation\samples\toi_1378_01.npz
303,1380.01,274170255,FP,1.41072,2458712.04951,2.623,500.0,9.32845,5197.0,3.84,316.446344,46.845151,2019-10-30 21:47:37,2021-10-29 12:59:15,0,ok,True,1,11,train,313,55,success,0,0,18882,0.0,0.0,0.0,c:\Users\user\Documents\HSFlensburgMaster\Sommersemester2026\AdvancedDeepLearning\Projekt\Exoplanets\data\interim\spoc120_dataset_generation\samples\toi_1380_01.npz
304,1382.01,276360911,FA,0.44482,2458738.89623,1.058,1610.0,9.62426,7184.0,1.88,329.05345,55.740977,2019-10-30 21:47:37,2021-10-29 12:59:15,0,ok,True,3,17,test,314,76,success,0,0,19025,0.0,0.0,0.0,c:\Users\user\Documents\HSFlensburgMaster\Sommersemester2026\AdvancedDeepLearning\Projekt\Exoplanets\data\interim\spoc120_dataset_generation\samples\toi_1382_01.npz
305,1383.01,313506357,FP,1.532703,2459880.029372,2.698,1250.0,9.5621,6023.1,1.39,347.757547,45.93369,2019-10-30 21:47:37,2022-12-12 16:02:01,0,ok,True,2,6,train,315,17,success,0,0,13037,0.0,0.0,0.0,c:\Users\user\Documents\HSFlensburgMaster\Sommersemester2026\AdvancedDeepLearning\Projekt\Exoplanets\data\interim\spoc120_dataset_generation\samples\toi_1383_01.npz
306,1385.01,329864959,FP,4.52318,2458739.96744,5.099,25109.1,8.437,,,333.245043,53.98452,2019-10-30 21:47:37,2021-10-29 12:59:15,0,ok,True,8,3,train,316,16,success,0,0,13547,0.0,0.0,0.0,c:\Users\user\Documents\HSFlensburgMaster\Sommersemester2026\AdvancedDeepLearning\Projekt\Exoplanets\data\interim\spoc120_dataset_generation\samples\toi_1385_01.npz
307,1386.01,343019899,CP,25.8386422,2460561.017924,5.209,1806.0,10.0618,5769.0,1.03,334.504103,54.319045,2019-10-30 21:47:37,2024-12-12 16:02:02,1,ok,True,6,16,validation,317,56,success,1,0,19612,0.4975124378109453,0.0,0.4975124378109453,c:\Users\user\Documents\HSFlensburgMaster\Sommersemester2026\AdvancedDeepLearning\Projekt\Exoplanets\data\interim\spoc120_dataset_generation\samples\toi_1386_01.npz
308,1387.01,343442463,FP,0.78381,2458739.5222,1.443,426.099,8.95861,7842.0,1.72,341.518718,55.162935,2019-10-30 21:47:37,2021-10-29 12:59:15,0,ok,True,1,5,train,318,77,success,0,0,12874,0.0,0.0,0.0,c:\Users\user\Documents\HSFlensburgMaster\Sommersemester2026\AdvancedDeepLearning\Projekt\Exoplanets\data\interim\spoc120_dataset_generation\samples\toi_1387_01.npz
309,1388.01,346338552,KP,4.4652986,2460606.436882,2.502,14440.0,9.76031,6051.2,1.18,344.445363,38.674919,2019-10-30 21:47:37,2025-05-01 10:08:01,1,ok,True,3,18,test,319,56,success,0,0,19612,0.0,0.0,0.0,c:\Users\user\Documents\HSFlensburgMaster\Sommersemester2026\AdvancedDeepLearning\Projekt\Exoplanets\data\interim\spoc120_dataset_generation\samples\toi_1388_01.npz
310,139.01,62483237,CP,11.0708575,2458334.891563,2.1937617,1149.7328034,9.3636,4356.0,0.700727,336.402414,-34.909713,2018-09-05 18:51:57,2024-09-10 10:08:02,1,ok,True,4,10,train,320,1,success,0,0,18094,0.0,0.0,0.0,c:\Users\user\Documents\HSFlensburgMaster\Sommersemester2026\AdvancedDeepLearning\Projekt\Exoplanets\data\interim\spoc120_dataset_generation\samples\toi_139_01.npz
311,1391.01,389182138,FP,2.7260173,2460610.162144,2.703,1165.0,10.4602,5256.0,0.79,343.635061,54.161814,2019-10-30 21:47:37,2024-12-04 16:02:02,0,ok,True,1,17,test,321,77,success,0,0,11412,0.0,0.0,0.0,c:\Users\user\Documents\HSFlensburgMaster\Sommersemester2026\AdvancedDeepLearning\Projekt\Exoplanets\data\interim\spoc120_dataset_generation\samples\toi_1391_01.npz
312,1393.01,430528566,FP,0.5590256,2460405.442909,0.688,660.0,10.1993,,1.35,333.171245,52.900886,2019-10-30 21:47:37,2024-05-21 10:08:02,0,ok,True,5,13,train,322,56,success,0,0,19611,0.0,0.0,0.0,c:\Users\user\Documents\HSFlensburgMaster\Sommersemester2026\AdvancedDeepLearning\Projekt\Exoplanets\data\interim\spoc120_dataset_generation\samples\toi_1393_01.npz
313,1394.01,431156009,FP,2.958148,2460403.663304,3.769,980.0,9.44275,6294.0,1.58,340.395784,51.965285,2019-10-30 21:47:37,2024-05-16 10:08:02,0,ok,True,4,0,train,323,57,success,0,0,17990,0.0,0.0,0.0,c:\Users\user\Documents\HSFlensburgMaster\Sommersemester2026\AdvancedDeepLearning\Projekt\Exoplanets\data\interim\spoc120_dataset_generation\samples\toi_1394_01.npz
314,1395.01,468472950,FP,0.98736,2458712.35831,1.464,370.0,10.1277,6301.3,1.69,321.283221,40.887821,2019-10-30 21:47:37,2022-08-19 12:02:36,0,ok,True,5,1,train,324,55,success,0,0,12918,0.0,0.0,0.0,c:\Users\user\Documents\HSFlensburgMaster\Sommersemester2026\AdvancedDeepLearning\Projekt\Exoplanets\data\interim\spoc120_dataset_generation\samples\toi_1395_01.npz
315,1396.01,468845640,FP,3.99307,2458741.72914,4.783,3892.81,10.3217,4731.1,0.93,337.8341,53.796052,2019-10-30 21:47:37,2021-10-29 12:59:15,0,ok,True,3,4,train,325,76,success,0,0,19025,0.0,0.0,0.0,c:\Users\user\Documents\HSFlensburgMaster\Sommersemester2026\AdvancedDeepLearning\Projekt\Exoplanets\data\interim\spoc120_dataset_generation\samples\toi_1396_01.npz
316,1399.01,66783360,FP,1.3812787,2459881.30632,2.4,1573.0,10.2107,6483.0,1.38,341.970903,49.918072,2019-10-30 21:47:37,2023-05-24 12:02:59,0,ok,True,3,10,train,326,57,success,0,0,17991,0.0,0.0,0.0,c:\Users\user\Documents\HSFlensburgMaster\Sommersemester2026\AdvancedDeepLearning\Projekt\Exoplanets\data\interim\spoc120_dataset_generation\samples\toi_1399_01.npz
317,1400.01,258801269,FP,5.48923,2458689.02568,3.29,910.0,10.938,6004.0,1.62,287.025089,66.290697,2019-10-30 21:47:37,2021-10-29 12:59:15,0,ok,True,21,13,train,327,40,success,0,0,19609,0.0,0.0,0.0,c:\Users\user\Documents\HSFlensburgMaster\Sommersemester2026\AdvancedDeepLearning\Projekt\Exoplanets\data\interim\spoc120_dataset_generation\samples\toi_1400_01.npz
318,1401.01,259126549,FP,7.3845072,2459658.948928,4.531,25160.0,10.9828,6149.2,1.43,291.411851,69.11298,2019-10-30 21:47:37,2022-07-12 16:02:02,0,ok,True,33,9,train,328,23,success,0,0,12710,0.0,0.0,0.0,c:\Users\user\Documents\HSFlensburgMaster\Sommersemester2026\AdvancedDeepLearning\Projekt\Exoplanets\data\interim\spoc120_dataset_generation\samples\toi_1401_01.npz
319,1402.01,259129875,FP,0.43889,2458684.09715,0.947,650.0,10.5896,7111.0,2.32,291.880247,68.014695,2019-10-30 21:47:37,2021-10-29 12:59:15,0,ok,True,9,17,test,329,40,success,0,0,19437,0.0,0.0,0.0,c:\Users\user\Documents\HSFlensburgMaster\Sommersemester2026\AdvancedDeepLearning\Projekt\Exoplanets\data\interim\spoc120_dataset_generation\samples\toi_1402_01.npz
320,1437.01,198356533,CP,18.840891,2460660.183368,5.765,331.0,8.69378,6093.0,1.22,256.138751,56.842549,2019-11-14 17:07:15,2025-05-02 16:23:22,1,ok,True,42,10,train,330,14,success,9,0,18410,4.477611940298507,0.0,4.477611940298507,c:\Users\user\Documents\HSFlensburgMaster\Sommersemester2026\AdvancedDeepLearning\Projekt\Exoplanets\data\interim\spoc120_dataset_generation\samples\toi_1437_01.npz
321,1438.01,229650439,CP,5.1396666,2460641.839847,0.8991981,769.5996824,10.3237,5374.0,0.815924,280.923784,74.937833,2019-11-14 17:07:15,2025-09-01 12:32:45,1,ok,True,38,0,train,331,14,success,0,0,18424,0.0,0.0,0.0,c:\Users\user\Documents\HSFlensburgMaster\Sommersemester2026\AdvancedDeepLearning\Projekt\Exoplanets\data\interim\spoc120_dataset_generation\samples\toi_1438_01.npz
322,1438.02,229650439,CP,9.4280902,2460632.101735,1.377,799.0,10.3237,5374.0,0.82,280.923784,74.937833,2020-02-21 21:35:16,2025-09-01 12:32:45,1,ok,True,38,0,train,332,14,success,0,0,18424,0.0,0.0,0.0,c:\Users\user\Documents\HSFlensburgMaster\Sommersemester2026\AdvancedDeepLearning\Projekt\Exoplanets\data\interim\spoc120_dataset_generation\samples\toi_1438_02.npz
323,1439.01,232982558,CP,27.6438617,2460638.545561,5.321,560.0,9.98671,5873.0,1.62,241.763937,67.87764,2019-11-14 17:07:15,2025-07-23 10:08:02,1,ok,True,43,4,train,333,14,success,36,0,15861,17.91044776119403,0.0,17.91044776119403,c:\Users\user\Documents\HSFlensburgMaster\Sommersemester2026\AdvancedDeepLearning\Projekt\Exoplanets\data\interim\spoc120_dataset_generation\samples\toi_1439_01.npz
324,144.01,261136679,CP,6.267832,2460011.550653,2.789,321.0,5.1054,5950.0,1.15,84.29928,-80.464604,2019-05-07 17:42:40,2023-04-04 16:02:02,1,ok,True,24,16,validation,334,1,success,0,0,18264,0.0,0.0,0.0,c:\Users\user\Documents\HSFlensburgMaster\Sommersemester2026\AdvancedDeepLearning\Projekt\Exoplanets\data\interim\spoc120_dataset_generation\samples\toi_144_01.npz
325,1442.01,235683377,CP,0.4090681,2459768.708421,0.6165726,1281.2294665,12.4934,3328.0,0.308799,287.292101,74.174276,2019-11-14 17:07:15,2023-02-23 10:10:02,1,ok,True,43,9,train,335,14,success,0,0,18421,0.0,0.0,0.0,c:\Users\user\Documents\HSFlensburgMaster\Sommersemester2026\AdvancedDeepLearning\Projekt\Exoplanets\data\interim\spoc120_dataset_generation\samples\toi_1442_01.npz
326,1443.01,237232044,CP,23.5407467,2460623.584541,4.025,956.0,9.9377,5236.0,0.75,297.398678,76.139178,2019-11-14 17:07:15,2025-07-23 10:08:02,1,ok,True,31,14,validation,336,14,success,7,0,18424,3.482587064676617,0.0,3.482587064676617,c:\Users\user\Documents\HSFlensburgMaster\Sommersemester2026\AdvancedDeepLearning\Projekt\Exoplanets\data\interim\spoc120_dataset_generation\samples\toi_1443_01.npz
327,1444.01,258514800,CP,0.4702719,2458711.369295,1.3258819,209.49313,10.1522,5466.0,0.92499,305.474925,70.943705,2019-11-14 17:07:15,2025-08-21 15:10:09,1,ok,True,24,5,train,337,15,success,0,0,13322,0.0,0.0,0.0,c:\Users\user\Documents\HSFlensburgMaster\Sommersemester2026\AdvancedDeepLearning\Projekt\Exoplanets\data\interim\spoc120_dataset_generation\samples\toi_1444_01.npz
328,1447.01,298073824,FA,1.2273079,2458684.362799,4.8114753,66.4147779,8.1033,6906.0,4.12041,201.336817,75.982713,2019-11-14 17:07:15,2024-11-21 10:08:02,0,ok,True,11,6,train,338,14,success,0,0,18416,0.0,0.0,0.0,c:\Users\user\Documents\HSFlensburgMaster\Sommersemester2026\AdvancedDeepLearning\Projekt\Exoplanets\data\interim\spoc120_dataset_generation\samples\toi_1447_01.npz
329,1448.01,343628284,CP,8.0970819,2459857.185608,3.127852,4723.0724376,13.1717,3391.0,0.381586,316.324003,57.771095,2019-11-14 17:07:15,2025-04-20 12:03:53,1,ok,True,7,0,train,339,15,success,0,0,17615,0.0,0.0,0.0,c:\Users\user\Documents\HSFlensburgMaster\Sommersemester2026\AdvancedDeepLearning\Projekt\Exoplanets\data\interim\spoc120_dataset_generation\samples\toi_1448_01.npz
330,1450.01,377293776,CP,2.0439268,2459662.335574,1.008937,465.1929875,10.0306,3407.0,0.473603,286.854063,59.086625,2019-11-14 17:07:15,2025-04-20 12:03:53,1,ok,True,39,7,train,340,14,success,0,0,16655,0.0,0.0,0.0,c:\Users\user\Documents\HSFlensburgMaster\Sommersemester2026\AdvancedDeepLearning\Projekt\Exoplanets\data\interim\spoc120_dataset_generation\samples\toi_1450_01.npz
331,1451.01,417931607,CP,16.5379864,2460348.107581,2.796,608.0,8.9989,5781.0,1.03,186.524282,61.258929,2019-11-14 17:07:15,2024-05-17 10:08:01,1,ok,True,7,5,train,341,14,success,13,0,17085,6.467661691542288,0.0,6.467661691542288,c:\Users\user\Documents\HSFlensburgMaster\Sommersemester2026\AdvancedDeepLearning\Projekt\Exoplanets\data\interim\spoc120_dataset_generation\samples\toi_1451_01.npz
332,1452.01,420112589,CP,11.0619937,2459731.359311,1.7587777,3249.1164334,12.295,3248.0,0.275364,290.173974,73.195108,2019-11-14 17:07:15,2023-06-13 16:02:07,1,ok,True,40,7,train,342,14,success,0,0,18423,0.0,0.0,0.0,c:\Users\user\Documents\HSFlensburgMaster\Sommersemester2026\AdvancedDeepLearning\Projekt\Exoplanets\data\interim\spoc120_dataset_generation\samples\toi_1452_01.npz
333,1453.01,198390247,CP,6.5886877,2460660.40937,1.678,852.0,10.1426,4920.0,0.71,258.22327,57.197778,2019-11-14 17:11:15,2025-07-08 10:08:01,1,ok,True,39,5,train,343,14,success,0,0,18424,0.0,0.0,0.0,c:\Users\user\Documents\HSFlensburgMaster\Sommersemester2026\AdvancedDeepLearning\Projekt\Exoplanets\data\interim\spoc120_dataset_generation\samples\toi_1453_01.npz
334,1453.02,198390247,CP,4.3135263,2460583.434908,1.874,274.0,10.1426,4920.0,0.71,258.22327,57.197778,2020-02-21 21:35:16,2025-07-21 10:08:04,1,ok,True,39,5,train,344,14,success,0,0,18424,0.0,0.0,0.0,c:\Users\user\Documents\HSFlensburgMaster\Sommersemester2026\AdvancedDeepLearning\Projekt\Exoplanets\data\interim\spoc120_dataset_generation\samples\toi_1453_02.npz
335,1456.01,199376584,CP,18.712253,2460544.753267,6.475,6066.0,8.0417,6125.0,1.27,306.741134,33.744388,2019-11-21 21:28:29,2024-11-14 10:08:02,1,ok,True,7,15,validation,345,15,recovered,46,0,13209,22.885572139303484,0.0,22.885572139303484,c:\Users\user\Documents\HSFlensburgMaster\Sommersemester2026\AdvancedDeepLearning\Projekt\Exoplanets\data\interim\spoc120_dataset_generation\samples\toi_1456_01.npz
336,1417.01,164173105,CP,3.0726434,2459827.0017,2.2602485,10471.4949697,8.51017,7164.0,1.55831,335.825303,35.03492,2019-11-06 20:55:18,2023-06-13 16:02:07,1,ok,True,3,10,train,346,16,success,0,0,14400,0.0,0.0,0.0,c:\Users\user\Documents\HSFlensburgMaster\Sommersemester2026\AdvancedDeepLearning\Projekt\Exoplanets\data\interim\spoc120_dataset_generation\samples\toi_1417_01.npz
337,1418.01,224600500,FA,0.6763235,2458684.277966,4.916459,30.1617977,6.76754,8475.0,2.9486499,254.958579,58.462633,2019-11-06 20:55:18,2022-10-04 16:02:02,0,ok,True,27,19,test,347,14,success,0,10,18414,0.0,16.39344262295082,16.39344262295082,c:\Users\user\Documents\HSFlensburgMaster\Sommersemester2026\AdvancedDeepLearning\Projekt\Exoplanets\data\interim\spoc120_dataset_generation\samples\toi_1418_01.npz
338,1419.01,311035838,KP,2.8997405,2459661.5681,1.849,13760.0,10.7164,5224.0,0.82,206.094014,48.028565,2019-11-06 20:55:18,2022-07-14 10:10:02,1,ok,True,4,3,train,348,16,success,0,0,13197,0.0,0.0,0.0,c:\Users\user\Documents\HSFlensburgMaster\Sommersemester2026\AdvancedDeepLearning\Projekt\Exoplanets\data\interim\spoc120_dataset_generation\samples\toi_1419_01.npz
339,1420.01,321857016,CP,6.9561134,2459830.458192,3.3628003,15989.231101,11.2287,5387.0,0.940037,322.941809,66.349005,2019-11-06 20:55:18,2025-04-20 12:03:53,1,ok,True,10,7,train,349,16,success,0,0,14419,0.0,0.0,0.0,c:\Users\user\Documents\HSFlensburgMaster\Sommersemester2026\AdvancedDeepLearning\Projekt\Exoplanets\data\interim\spoc120_dataset_generation\samples\toi_1420_01.npz
340,1421.01,329277372,FP,2.8879675,2459854.509943,3.6626399,23489.3314084,10.5998,5780.0,,332.630396,57.282437,2019-11-06 20:55:18,2025-11-14 12:03:41,0,ok,True,7,9,train,350,16,success,0,0,14946,0.0,0.0,0.0,c:\Users\user\Documents\HSFlensburgMaster\Sommersemester2026\AdvancedDeepLearning\Projekt\Exoplanets\data\interim\spoc120_dataset_generation\samples\toi_1421_01.npz
341,1422.01,333473672,CP,13.001789,2459864.063759,4.4847322,1339.5837664,10.1308,5914.0,1.00826,354.240829,39.639279,2019-11-06 20:55:19,2023-06-13 16:02:07,1,ok,True,4,10,train,351,16,success,46,0,13838,22.885572139303484,0.0,22.885572139303484,c:\Users\user\Documents\HSFlensburgMaster\Sommersemester2026\AdvancedDeepLearning\Projekt\Exoplanets\data\interim\spoc120_dataset_generation\samples\toi_1422_01.npz
342,1423.01,346418409,FP,2.7556532,2458740.961818,3.3967282,2854.4589288,10.9243,4993.0,0.696945,344.609651,39.658712,2019-11-06 20:55:19,2022-09-23 12:03:10,0,ok,True,4,6,train,352,16,success,0,0,13567,0.0,0.0,0.0,c:\Users\user\Documents\HSFlensburgMaster\Sommersemester2026\AdvancedDeepLearning\Projekt\Exoplanets\data\interim\spoc120_dataset_generation\samples\toi_1423_01.npz
343,1424.01,418959198,FP,4.8962484,2459827.504099,2.362418,1186.0289925,10.5152,4528.99,0.799965,344.907267,36.517666,2019-11-06 20:55:19,2025-10-24 12:03:57,0,ok,True,3,16,validation,353,16,success,0,0,13652,0.0,0.0,0.0,c:\Users\user\Documents\HSFlensburgMaster\Sommersemester2026\AdvancedDeepLearning\Projekt\Exoplanets\data\interim\spoc120_dataset_generation\samples\toi_1424_01.npz
344,1426.01,128501004,FP,0.78999,2458739.0012,1.153,5750.0,9.76952,5558.0,1.1,339.03342,37.841042,2019-11-12 16:59:56,2021-10-29 12:59:15,0,ok,True,1,8,train,354,56,success,0,0,19611,0.0,0.0,0.0,c:\Users\user\Documents\HSFlensburgMaster\Sommersemester2026\AdvancedDeepLearning\Projekt\Exoplanets\data\interim\spoc120_dataset_generation\samples\toi_1426_01.npz
345,1427.01,2041563029,FP,12.80758,2458747.00971,3.596,27112.7,10.0526,5094.4,0.63,346.517442,43.898633,2019-11-12 16:59:56,2021-10-29 12:59:15,0,ok,True,1,6,train,355,57,success,0,0,17991,0.0,0.0,0.0,c:\Users\user\Documents\HSFlensburgMaster\Sommersemester2026\AdvancedDeepLearning\Projekt\Exoplanets\data\interim\spoc120_dataset_generation\samples\toi_1427_01.npz
346,1428.01,377304435,FP,11.35626,2458691.56061,6.047,2190.0,10.8475,6314.0,2.14,287.050161,55.303691,2019-11-12 16:59:56,2021-10-29 12:59:15,0,ok,True,3,2,train,356,40,success,0,0,19533,0.0,0.0,0.0,c:\Users\user\Documents\HSFlensburgMaster\Sommersemester2026\AdvancedDeepLearning\Projekt\Exoplanets\data\interim\spoc120_dataset_generation\samples\toi_1428_01.npz
347,1429.01,138968089,FP,0.6412558,2458711.558151,1.1161082,1029.5348333,11.6459,5854.65,1.47292,295.101088,40.986723,2019-11-14 17:07:14,2021-10-29 12:59:15,0,ok,True,6,19,test,357,14,success,0,0,12095,0.0,0.0,0.0,c:\Users\user\Documents\HSFlensburgMaster\Sommersemester2026\AdvancedDeepLearning\Projekt\Exoplanets\data\interim\spoc120_dataset_generation\samples\toi_1429_01.npz
348,143.01,25375553,KP,2.3109689,2460155.87081,3.4303821,6829.4236495,9.77486,6371.0,1.95411,328.767739,-22.6126,2018-09-05 18:51:57,2023-11-15 16:02:02,1,ok,True,5,18,test,358,1,success,0,0,18233,0.0,0.0,0.0,c:\Users\user\Documents\HSFlensburgMaster\Sommersemester2026\AdvancedDeepLearning\Projekt\Exoplanets\data\interim\spoc120_dataset_generation\samples\toi_143_01.npz
349,1430.01,293954617,CP,7.4341456,2460549.311109,2.424,701.0,8.3879,5064.0,0.78,300.615453,53.377442,2019-11-14 17:07:14,2024-11-14 10:08:02,1,ok,True,12,4,train,359,14,success,0,0,18421,0.0,0.0,0.0,c:\Users\user\Documents\HSFlensburgMaster\Sommersemester2026\AdvancedDeepLearning\Projekt\Exoplanets\data\interim\spoc120_dataset_generation\samples\toi_1430_01.npz
350,1431.01,375506058,CP,2.650232,2460554.58625,2.03,6449.0,7.79824,7400.0,1.94,316.203692,55.588022,2019-11-14 17:07:14,2024-11-06 10:08:02,1,ok,True,9,9,train,360,15,success,0,0,17605,0.0,0.0,0.0,c:\Users\user\Documents\HSFlensburgMaster\Sommersemester2026\AdvancedDeepLearning\Projekt\Exoplanets\data\interim\spoc120_dataset_generation\samples\toi_1431_01.npz
351,1505.01,331034236,FP,3.4272549,2459826.907985,5.9083927,569.4677099,9.27116,6338.0,2.0707099,326.091506,58.551567,2019-12-05 21:41:09,2023-05-19 16:02:01,0,ok,True,5,2,train,361,56,success,0,0,19610,0.0,0.0,0.0,c:\Users\user\Documents\HSFlensburgMaster\Sommersemester2026\AdvancedDeepLearning\Projekt\Exoplanets\data\interim\spoc120_dataset_generation\samples\toi_1505_01.npz
352,1506.01,64836837,FP,10.9115374,2460423.070964,3.269,1039.0,9.8115,9195.0,3.37,338.796529,55.031026,2019-12-05 21:41:09,2024-07-25 10:08:02,0,ok,True,3,3,train,362,57,success,3,0,17990,1.4925373134328357,0.0,1.4925373134328357,c:\Users\user\Documents\HSFlensburgMaster\Sommersemester2026\AdvancedDeepLearning\Projekt\Exoplanets\data\interim\spoc120_dataset_generation\samples\toi_1506_01.npz
353,1507.01,430677414,FP,0.46741,2458738.93048,1.25,1592.12,8.41718,7960.5,1.77,333.669705,53.239557,2019-12-05 21:41:09,2021-10-29 12:59:15,0,ok,True,7,14,validation,363,16,success,0,0,13547,0.0,0.0,0.0,c:\Users\user\Documents\HSFlensburgMaster\Sommersemester2026\AdvancedDeepLearning\Projekt\Exoplanets\data\interim\spoc120_dataset_generation\samples\toi_1507_01.npz
354,1508.01,415741431,FP,2.1575124,2459878.866866,2.236,550.0,10.471,8326.0,3.87,339.14435,58.276061,2019-12-05 21:41:09,2023-05-24 12:02:59,0,ok,True,2,8,train,364,57,success,0,0,17991,0.0,0.0,0.0,c:\Users\user\Documents\HSFlensburgMaster\Sommersemester2026\AdvancedDeepLearning\Projekt\Exoplanets\data\interim\spoc120_dataset_generation\samples\toi_1508_01.npz
355,151.01,382302241,FP,1.59782,2458326.05013,1.49,1713.69,11.0264,5037.6,0.79,83.349121,-58.745093,2018-09-05 18:34:59,2021-12-07 16:02:02,0,ok,True,12,13,train,365,27,success,0,0,16779,0.0,0.0,0.0,c:\Users\user\Documents\HSFlensburgMaster\Sommersemester2026\AdvancedDeepLearning\Projekt\Exoplanets\data\interim\spoc120_dataset_generation\samples\toi_151_01.npz
356,1511.01,376682699,FP,1.1025238,2460422.249162,2.321,2919.0,10.381,9218.0,2.0,340.352259,69.074447,2019-12-05 21:41:10,2024-06-13 10:08:01,0,ok,True,2,9,train,366,77,success,0,0,12874,0.0,0.0,0.0,c:\Users\user\Documents\HSFlensburgMaster\Sommersemester2026\AdvancedDeepLearning\Projekt\Exoplanets\data\interim\spoc120_dataset_generation\samples\toi_1511_01.npz
357,1512.01,434718964,FP,1.597226,2459854.931268,5.3721722,3834.1260621,10.262,,,345.488066,64.067337,2019-12-05 21:41:10,2023-05-19 16:02:01,0,ok,True,4,0,train,367,57,success,0,0,17991,0.0,0.0,0.0,c:\Users\user\Documents\HSFlensburgMaster\Sommersemester2026\AdvancedDeepLearning\Projekt\Exoplanets\data\interim\spoc120_dataset_generation\samples\toi_1512_01.npz
358,1515.01,470709084,FP,3.66505,2458768.56858,2.346,910.0,10.4433,6370.0,2.32,357.368097,61.682819,2019-12-05 21:41:10,2024-07-16 10:08:01,0,ok,True,1,14,validation,368,58,success,0,0,19475,0.0,0.0,0.0,c:\Users\user\Documents\HSFlensburgMaster\Sommersemester2026\AdvancedDeepLearning\Projekt\Exoplanets\data\interim\spoc120_dataset_generation\samples\toi_1515_01.npz
359,1516.01,376637093,CP,2.0560153,2460449.201388,2.773,17453.0,10.377,6485.0,1.24,340.08462,69.503731,2019-12-05 21:41:10,2026-07-27 12:04:29,1,ok,True,6,13,train,369,57,success,0,0,17990,0.0,0.0,0.0,c:\Users\user\Documents\HSFlensburgMaster\Sommersemester2026\AdvancedDeepLearning\Projekt\Exoplanets\data\interim\spoc120_dataset_generation\samples\toi_1516_01.npz
360,1518.01,427761355,CP,1.902606,2459854.41458,2.3653693,8984.9897271,8.75127,9918.0,1.82241,352.267521,67.034806,2019-12-05 21:41:10,2023-06-13 16:02:07,1,ok,True,5,4,train,370,57,success,0,0,17991,0.0,0.0,0.0,c:\Users\user\Documents\HSFlensburgMaster\Sommersemester2026\AdvancedDeepLearning\Projekt\Exoplanets\data\interim\spoc120_dataset_generation\samples\toi_1518_01.npz
361,1458.01,191284318,KP,2.7759678,2460610.063622,3.074,13613.0,10.374,6140.0,1.24,9.573034,42.463096,2019-12-05 16:42:06,2025-05-02 16:23:22,1,ok,True,3,17,test,371,17,success,0,0,12927,0.0,0.0,0.0,c:\Users\user\Documents\HSFlensburgMaster\Sommersemester2026\AdvancedDeepLearning\Projekt\Exoplanets\data\interim\spoc120_dataset_generation\samples\toi_1458_01.npz
362,1459.01,16920150,FA,9.155934,2458765.545981,3.1412022,908.2412562,10.1583,5219.0,0.82204,19.361773,26.745951,2019-12-05 16:42:06,2023-07-05 12:02:59,0,ok,True,2,17,test,372,17,success,0,0,12695,0.0,0.0,0.0,c:\Users\user\Documents\HSFlensburgMaster\Sommersemester2026\AdvancedDeepLearning\Projekt\Exoplanets\data\interim\spoc120_dataset_generation\samples\toi_1459_01.npz
363,146.01,355636844,FP,6.30556,2459080.90325,2.946,860.0,10.7124,,,358.302034,-56.013252,2018-09-05 18:35:00,2026-06-26 16:00:02,0,ok,True,2,12,train,373,28,success,0,0,10852,0.0,0.0,0.0,c:\Users\user\Documents\HSFlensburgMaster\Sommersemester2026\AdvancedDeepLearning\Projekt\Exoplanets\data\interim\spoc120_dataset_generation\samples\toi_146_01.npz
364,1460.01,17005768,FP,6.8424983,2458765.265116,3.3079378,8029.880305,9.9176,5766.0,1.1282001,20.610639,26.925729,2019-12-05 16:42:06,2024-11-18 12:03:12,0,ok,True,3,15,validation,374,17,success,0,0,12701,0.0,0.0,0.0,c:\Users\user\Documents\HSFlensburgMaster\Sommersemester2026\AdvancedDeepLearning\Projekt\Exoplanets\data\interim\spoc120_dataset_generation\samples\toi_1460_01.npz
365,1462.01,188768068,CP,2.1779407,2460338.523071,2.098,110.0,5.8961,5801.89,1.26,261.349585,52.790472,2019-12-05 16:42:06,2024-04-02 10:08:02,1,ok,True,21,5,train,375,17,success,0,0,13522,0.0,0.0,0.0,c:\Users\user\Documents\HSFlensburgMaster\Sommersemester2026\AdvancedDeepLearning\Projekt\Exoplanets\data\interim\spoc120_dataset_generation\samples\toi_1462_01.npz
366,1463.01,190998418,KP,2.8791023,2459856.144266,2.7497683,11426.6170088,12.0401,5583.0,1.1145999,7.053937,42.061345,2019-12-05 16:42:06,2023-01-31 14:54:33,1,ok,True,3,18,test,376,17,success,0,0,12706,0.0,0.0,0.0,c:\Users\user\Documents\HSFlensburgMaster\Sommersemester2026\AdvancedDeepLearning\Projekt\Exoplanets\data\interim\spoc120_dataset_generation\samples\toi_1463_01.npz
367,1465.01,236887394,KP,1.4200248,2459717.423096,1.431,23730.0,11.8478,4910.0,0.77,303.38187,65.162331,2019-12-05 16:42:06,2023-03-15 16:02:02,1,ok,True,20,10,train,377,17,success,0,0,14117,0.0,0.0,0.0,c:\Users\user\Documents\HSFlensburgMaster\Sommersemester2026\AdvancedDeepLearning\Projekt\Exoplanets\data\interim\spoc120_dataset_generation\samples\toi_1465_01.npz
368,1467.01,240968774,CP,5.9711357,2458766.989118,1.5478671,1437.1086027,10.5977,3834.0,0.490737,19.114644,49.233138,2019-12-05 16:42:06,2025-04-20 12:03:53,1,ok,True,4,9,train,378,17,success,0,0,12022,0.0,0.0,0.0,c:\Users\user\Documents\HSFlensburgMaster\Sommersemester2026\AdvancedDeepLearning\Projekt\Exoplanets\data\interim\spoc120_dataset_generation\samples\toi_1467_01.npz
369,1468.02,243185500,CP,1.880531,2459448.308156,1.1911684,1214.0066593,10.8858,3382.0,0.369306,16.653872,19.224919,2019-12-05 16:42:06,2023-03-03 12:03:04,1,ok,True,5,16,validation,380,17,success,0,0,12805,0.0,0.0,0.0,c:\Users\user\Documents\HSFlensburgMaster\Sommersemester2026\AdvancedDeepLearning\Projekt\Exoplanets\data\interim\spoc120_dataset_generation\samples\toi_1468_02.npz
370,1469.01,283722336,KP,3.0929386,2460606.251961,0.8776502,254.2319025,4.6278,4884.29,0.750598,348.337203,57.169626,2019-12-05 16:42:06,2025-05-02 16:23:22,1,ok,True,5,4,train,381,17,success,0,0,15125,0.0,0.0,0.0,c:\Users\user\Documents\HSFlensburgMaster\Sommersemester2026\AdvancedDeepLearning\Projekt\Exoplanets\data\interim\spoc120_dataset_generation\samples\toi_1469_01.npz
371,1469.02,283722336,KP,6.7650398,2460599.497252,1.421,269.0,4.6278,4884.29,0.75,348.337203,57.169626,2019-12-05 16:42:06,2025-05-02 16:23:22,1,ok,True,5,4,train,382,17,success,0,0,15125,0.0,0.0,0.0,c:\Users\user\Documents\HSFlensburgMaster\Sommersemester2026\AdvancedDeepLearning\Projekt\Exoplanets\data\interim\spoc120_dataset_generation\samples\toi_1469_02.npz
372,147.01,220435095,FP,3.4231002,2460185.36556,2.4377583,8643.1016455,11.8999,5620.9,2.6126101,73.641474,-57.513453,2018-09-05 18:35:00,2023-11-27 10:08:02,0,ok,True,28,4,train,383,13,success,0,0,16363,0.0,0.0,0.0,c:\Users\user\Documents\HSFlensburgMaster\Sommersemester2026\AdvancedDeepLearning\Projekt\Exoplanets\data\interim\spoc120_dataset_generation\samples\toi_147_01.npz
373,1470.01,284441182,CP,2.5272822,2459883.443614,1.265861,1847.4872236,11.4752,3624.0,0.49012,10.089143,61.213387,2019-12-05 16:42:06,2023-06-16 12:02:57,1,ok,True,6,9,train,384,17,success,0,0,12841,0.0,0.0,0.0,c:\Users\user\Documents\HSFlensburgMaster\Sommersemester2026\AdvancedDeepLearning\Projekt\Exoplanets\data\interim\spoc120_dataset_generation\samples\toi_1470_01.npz
374,1471.01,306263608,CP,20.7724316,2460221.503439,5.508,1415.0,8.5725,5625.56,0.97,30.905006,21.281327,2019-12-05 16:42:06,2023-12-06 16:02:01,1,ok,True,6,6,train,385,17,success,49,0,12713,24.378109452736318,0.0,24.378109452736318,c:\Users\user\Documents\HSFlensburgMaster\Sommersemester2026\AdvancedDeepLearning\Projekt\Exoplanets\data\interim\spoc120_dataset_generation\samples\toi_1471_01.npz
375,1472.01,306955329,CP,6.3634106,2459885.568784,2.692302,2368.6952027,10.5508,5103.0,0.859483,14.114261,48.637517,2019-12-05 16:42:06,2025-04-20 12:03:53,1,ok,True,5,17,test,387,17,success,0,0,11823,0.0,0.0,0.0,c:\Users\user\Documents\HSFlensburgMaster\Sommersemester2026\AdvancedDeepLearning\Projekt\Exoplanets\data\interim\spoc120_dataset_generation\samples\toi_1472_01.npz
376,1473.01,352413427,CP,5.2544884,2460608.852345,2.898,567.0,8.297,5958.0,0.99,15.598144,37.185439,2019-12-05 16:42:06,2025-05-02 16:23:22,1,ok,True,3,15,validation,388,17,success,0,0,12785,0.0,0.0,0.0,c:\Users\user\Documents\HSFlensburgMaster\Sommersemester2026\AdvancedDeepLearning\Projekt\Exoplanets\data\interim\spoc120_dataset_generation\samples\toi_1473_01.npz
377,1474.01,427654774,FP,5.222621,2458765.042474,4.693629,15867.9920175,14.1431,3453.0,0.275946,349.289072,70.190576,2019-12-05 16:42:06,2021-10-29 12:59:15,0,ok,True,7,13,train,389,17,success,0,0,11790,0.0,0.0,0.0,c:\Users\user\Documents\HSFlensburgMaster\Sommersemester2026\AdvancedDeepLearning\Projekt\Exoplanets\data\interim\spoc120_dataset_generation\samples\toi_1474_01.npz
378,1476.01,432549364,KP,1.2174936,2460610.036941,2.57,6969.0,10.2242,6596.04,1.46,0.362099,39.383795,2019-12-05 16:42:06,2025-05-02 16:23:22,1,ok,True,3,19,test,390,17,success,0,0,12850,0.0,0.0,0.0,c:\Users\user\Documents\HSFlensburgMaster\Sommersemester2026\AdvancedDeepLearning\Projekt\Exoplanets\data\interim\spoc120_dataset_generation\samples\toi_1476_01.npz
379,1477.01,240681314,KP,2.7324809,2459855.931978,2.2139341,9548.2806012,10.6496,6695.0,1.61271,9.458744,51.288778,2019-12-05 19:37:03,2023-01-31 14:54:33,1,ok,True,3,0,train,391,17,success,0,0,12507,0.0,0.0,0.0,c:\Users\user\Documents\HSFlensburgMaster\Sommersemester2026\AdvancedDeepLearning\Projekt\Exoplanets\data\interim\spoc120_dataset_generation\samples\toi_1477_01.npz
380,1478.01,409794137,CP,10.1802014,2459982.236347,4.613,11500.0,10.2042,5623.0,1.04,126.433743,-13.559548,2019-12-05 19:41:20,2023-03-27 10:10:16,1,ok,True,4,0,train,392,34,success,0,0,16862,0.0,0.0,0.0,c:\Users\user\Documents\HSFlensburgMaster\Sommersemester2026\AdvancedDeepLearning\Projekt\Exoplanets\data\interim\spoc120_dataset_generation\samples\toi_1478_01.npz
381,1479.01,421308357,FP,16.6828999,2460319.940069,1.804,2054.0,10.364,6423.0,2.63,288.818098,57.760569,2019-12-05 21:41:08,2024-03-04 10:08:01,0,ok,True,8,8,train,393,40,success,11,0,19610,5.472636815920398,0.0,5.472636815920398,c:\Users\user\Documents\HSFlensburgMaster\Sommersemester2026\AdvancedDeepLearning\Projekt\Exoplanets\data\interim\spoc120_dataset_generation\samples\toi_1479_01.npz
382,148.01,393940766,CP,4.8670758,2459062.261122,3.1883546,4965.8114653,11.7835,5814.3,1.15,338.320803,-38.159828,2018-09-05 18:52:24,2026-03-09 10:08:01,1,ok,True,3,18,test,394,28,success,0,0,11634,0.0,0.0,0.0,c:\Users\user\Documents\HSFlensburgMaster\Sommersemester2026\AdvancedDeepLearning\Projekt\Exoplanets\data\interim\spoc120_dataset_generation\samples\toi_148_01.npz
383,1480.01,335483600,FP,3.354053,2459855.711367,1.8984151,6389.1712796,8.7514,8181.0,,332.613639,63.55055,2019-12-05 21:41:09,2023-08-02 16:02:01,0,ok,True,4,10,train,395,57,success,0,0,17990,0.0,0.0,0.0,c:\Users\user\Documents\HSFlensburgMaster\Sommersemester2026\AdvancedDeepLearning\Projekt\Exoplanets\data\interim\spoc120_dataset_generation\samples\toi_1480_01.npz
384,1481.01,197650870,FP,2.1853174,2460422.845579,1.656,1168.0,10.3209,8332.0,4.02,336.705071,52.227842,2019-12-05 21:41:09,2024-07-25 10:08:02,0,ok,True,5,5,train,396,56,success,0,0,19612,0.0,0.0,0.0,c:\Users\user\Documents\HSFlensburgMaster\Sommersemester2026\AdvancedDeepLearning\Projekt\Exoplanets\data\interim\spoc120_dataset_generation\samples\toi_1481_01.npz
385,1484.01,67309890,FP,1.1623941,2460422.616427,1.266,1099.0,10.2108,5843.7,2.23,343.156204,48.55001,2019-12-05 21:41:09,2024-07-16 10:08:01,0,ok,True,2,14,validation,397,77,success,0,0,12874,0.0,0.0,0.0,c:\Users\user\Documents\HSFlensburgMaster\Sommersemester2026\AdvancedDeepLearning\Projekt\Exoplanets\data\interim\spoc120_dataset_generation\samples\toi_1484_01.npz
386,1485.01,377191482,FA,2.9551881,2459673.206852,1.361,230.0,8.8052,5054.0,6.17,285.937105,59.164074,2019-12-05 21:41:09,2022-08-18 12:02:41,0,ok,True,29,12,train,398,16,success,0,0,13910,0.0,0.0,0.0,c:\Users\user\Documents\HSFlensburgMaster\Sommersemester2026\AdvancedDeepLearning\Projekt\Exoplanets\data\interim\spoc120_dataset_generation\samples\toi_1485_01.npz
387,1486.01,233541860,FP,0.2666485,2459635.536646,1.075,230.0,9.9592,4154.0,0.71,281.197877,62.685644,2019-12-05 21:41:09,2024-09-27 10:08:02,0,ok,True,29,15,validation,399,14,success,0,0,15184,0.0,0.0,0.0,c:\Users\user\Documents\HSFlensburgMaster\Sommersemester2026\AdvancedDeepLearning\Projekt\Exoplanets\data\interim\spoc120_dataset_generation\samples\toi_1486_01.npz
388,1487.01,459978312,FA,23.28798,2458684.88739,3.462,120.0,5.28906,5047.0,8.95,255.565408,64.600893,2019-12-05 21:41:09,2024-09-18 10:08:02,0,ok,True,41,1,train,400,14,success,8,0,18408,3.9800995024875623,0.0,3.9800995024875623,c:\Users\user\Documents\HSFlensburgMaster\Sommersemester2026\AdvancedDeepLearning\Projekt\Exoplanets\data\interim\spoc120_dataset_generation\samples\toi_1487_01.npz
389,1488.01,198457103,FA,0.4721054,2458683.442832,1.6995515,45.2185132,8.07023,7269.0,1.93752,261.921033,57.510557,2019-12-05 21:41:09,2023-05-02 16:02:02,0,ok,True,42,10,train,401,14,success,0,0,18412,0.0,0.0,0.0,c:\Users\user\Documents\HSFlensburgMaster\Sommersemester2026\AdvancedDeepLearning\Projekt\Exoplanets\data\interim\spoc120_dataset_generation\samples\toi_1488_01.npz
390,1489.01,219751469,FA,6.98301,2458690.04921,3.472,270.0,8.2285,5118.0,8.4,261.199848,61.423521,2019-12-05 21:41:09,2023-02-07 12:02:47,0,ok,True,21,11,train,402,21,success,0,0,18503,0.0,0.0,0.0,c:\Users\user\Documents\HSFlensburgMaster\Sommersemester2026\AdvancedDeepLearning\Projekt\Exoplanets\data\interim\spoc120_dataset_generation\samples\toi_1489_01.npz
391,1492.01,354594208,FP,0.86673,2458765.22813,1.089,662.925,9.76119,5904.0,1.25,1.887805,32.43753,2019-12-05 21:41:09,2021-10-29 12:59:15,0,ok,True,2,11,train,403,17,success,0,0,13028,0.0,0.0,0.0,c:\Users\user\Documents\HSFlensburgMaster\Sommersemester2026\AdvancedDeepLearning\Projekt\Exoplanets\data\interim\spoc120_dataset_generation\samples\toi_1492_01.npz
392,1493.01,15692883,CP,5.147905,2460602.632371,5.405,3710.0,9.7116,6064.0,2.9,17.47474,25.681649,2019-12-05 21:41:09,2025-05-02 16:23:22,1,ok,True,2,5,train,404,57,success,0,0,17989,0.0,0.0,0.0,c:\Users\user\Documents\HSFlensburgMaster\Sommersemester2026\AdvancedDeepLearning\Projekt\Exoplanets\data\interim\spoc120_dataset_generation\samples\toi_1493_01.npz
393,1494.01,411608801,CP,5.0267996,2459856.416547,2.754044,6358.0060702,10.3002,6434.0,1.4782799,18.995312,21.616906,2019-12-05 21:41:09,2023-06-13 16:02:07,1,ok,True,3,14,validation,405,42,success,0,0,13015,0.0,0.0,0.0,c:\Users\user\Documents\HSFlensburgMaster\Sommersemester2026\AdvancedDeepLearning\Projekt\Exoplanets\data\interim\spoc120_dataset_generation\samples\toi_1494_01.npz
394,1496.01,384045439,FP,10.82661,2458743.87066,6.877,5890.0,10.0478,5113.0,0.68,327.275942,53.293768,2019-12-05 21:41:09,2021-10-29 12:59:15,0,ok,True,2,7,train,406,77,success,3,0,12874,1.4925373134328357,0.0,1.4925373134328357,c:\Users\user\Documents\HSFlensburgMaster\Sommersemester2026\AdvancedDeepLearning\Projekt\Exoplanets\data\interim\spoc120_dataset_generation\samples\toi_1496_01.npz
395,150.01,271893367,CP,5.8574075,2459995.645628,5.8548029,6489.7302346,10.9031,5982.9,1.67987,112.965421,-73.606036,2018-09-05 18:34:59,2023-10-05 14:31:09,1,ok,True,36,14,validation,407,9,success,0,0,15571,0.0,0.0,0.0,c:\Users\user\Documents\HSFlensburgMaster\Sommersemester2026\AdvancedDeepLearning\Projekt\Exoplanets\data\interim\spoc120_dataset_generation\samples\toi_150_01.npz
396,157.01,140691463,CP,2.0845434,2458543.338324,2.017038,12504.825019,12.0166,5638.0,1.10646,73.70144,-76.680606,2018-09-05 18:34:59,2024-02-15 10:08:02,1,ok,True,35,1,train,408,9,success,0,0,15541,0.0,0.0,0.0,c:\Users\user\Documents\HSFlensburgMaster\Sommersemester2026\AdvancedDeepLearning\Projekt\Exoplanets\data\interim\spoc120_dataset_generation\samples\toi_157_01.npz
397,1571.01,285677945,FP,1.2427,2458791.56106,1.563,663.745,10.2353,5624.8,2.14,53.098973,50.49904,2019-12-19 20:58:21,2021-10-29 12:59:15,0,ok,True,2,12,train,409,59,success,0,0,16039,0.0,0.0,0.0,c:\Users\user\Documents\HSFlensburgMaster\Sommersemester2026\AdvancedDeepLearning\Projekt\Exoplanets\data\interim\spoc120_dataset_generation\samples\toi_1571_01.npz
398,1572.01,292321872,FP,8.66698,2458794.15217,6.104,9854.3,10.4562,6322.2,2.52,31.902189,45.500156,2019-12-19 20:58:21,2021-10-29 12:59:15,0,ok,True,2,18,test,410,18,success,0,0,14891,0.0,0.0,0.0,c:\Users\user\Documents\HSFlensburgMaster\Sommersemester2026\AdvancedDeepLearning\Projekt\Exoplanets\data\interim\spoc120_dataset_generation\samples\toi_1572_01.npz
399,1573.01,302773669,KP,21.216464,2460463.952965,3.045,6499.0,7.6353,5925.0,1.55,42.436612,71.753088,2019-12-19 20:58:21,2024-08-29 10:08:02,1,ok,True,8,1,train,411,18,success,22,0,14760,10.945273631840797,0.0,10.945273631840797,c:\Users\user\Documents\HSFlensburgMaster\Sommersemester2026\AdvancedDeepLearning\Projekt\Exoplanets\data\interim\spoc120_dataset_generation\samples\toi_1573_01.npz
400,1576.01,327011842,FP,0.783879,2459883.106456,1.4870966,274.5156373,9.7828,4975.0,5.3874698,23.466893,45.010329,2019-12-19 20:58:21,2023-08-29 12:02:51,0,ok,True,2,10,train,412,58,success,0,0,19238,0.0,0.0,0.0,c:\Users\user\Documents\HSFlensburgMaster\Sommersemester2026\AdvancedDeepLearning\Projekt\Exoplanets\data\interim\spoc120_dataset_generation\samples\toi_1576_01.npz
401,158.01,403136413,FP,2.51266,2458326.37811,2.411,2790.01,11.2314,5988.0,2.3,333.578718,-55.378981,2018-09-05 18:52:24,2021-12-07 16:02:02,0,ok,True,1,10,train,413,28,success,0,0,13975,0.0,0.0,0.0,c:\Users\user\Documents\HSFlensburgMaster\Sommersemester2026\AdvancedDeepLearning\Projekt\Exoplanets\data\interim\spoc120_dataset_generation\samples\toi_158_01.npz
402,1580.01,354469661,KP,4.7947749,2460633.665722,4.799,6864.0,9.17925,6333.0,2.18,28.282572,52.053921,2019-12-19 20:58:21,2025-07-09 10:08:02,1,ok,True,2,10,train,414,58,success,0,0,19237,0.0,0.0,0.0,c:\Users\user\Documents\HSFlensburgMaster\Sommersemester2026\AdvancedDeepLearning\Projekt\Exoplanets\data\interim\spoc120_dataset_generation\samples\toi_1580_01.npz
403,1582.01,374400599,FP,1.8932775,2460649.11744,3.118,3415.0,10.0188,6904.3,2.04,34.69789,64.356382,2019-12-19 20:58:21,2025-03-07 11:45:34,0,ok,True,1,0,train,415,52,success,0,0,16749,0.0,0.0,0.0,c:\Users\user\Documents\HSFlensburgMaster\Sommersemester2026\AdvancedDeepLearning\Projekt\Exoplanets\data\interim\spoc120_dataset_generation\samples\toi_1582_01.npz
404,1585.01,444415148,FP,1.83641,2458764.8746,2.222,470.0,8.9676,9542.0,5.03,6.308908,62.543115,2019-12-19 20:58:21,2021-10-29 12:59:15,0,ok,True,1,3,train,416,78,success,0,0,12675,0.0,0.0,0.0,c:\Users\user\Documents\HSFlensburgMaster\Sommersemester2026\AdvancedDeepLearning\Projekt\Exoplanets\data\interim\spoc120_dataset_generation\samples\toi_1585_01.npz
405,1520.01,269238073,FP,6.1461734,2459878.512429,5.386,1034.0,9.68805,6153.0,1.5,350.232731,62.161179,2019-12-05 21:41:10,2025-08-12 12:03:45,0,ok,True,6,18,test,417,57,success,0,0,17991,0.0,0.0,0.0,c:\Users\user\Documents\HSFlensburgMaster\Sommersemester2026\AdvancedDeepLearning\Projekt\Exoplanets\data\interim\spoc120_dataset_generation\samples\toi_1520_01.npz
406,1521.01,366074069,FP,4.1812866,2459905.397712,4.394,4280.0,9.78876,6146.0,2.31,356.770579,69.049522,2019-12-05 21:41:10,2024-08-06 10:08:01,0,ok,True,2,1,train,418,58,success,0,0,19475,0.0,0.0,0.0,c:\Users\user\Documents\HSFlensburgMaster\Sommersemester2026\AdvancedDeepLearning\Projekt\Exoplanets\data\interim\spoc120_dataset_generation\samples\toi_1521_01.npz
407,1522.01,367102581,FP,2.9798592,2459739.798591,2.737,580.0,9.39575,9024.0,1.89,314.269036,78.674917,2019-12-05 21:41:10,2022-09-28 16:02:02,0,ok,True,5,6,train,419,52,success,0,0,16446,0.0,0.0,0.0,c:\Users\user\Documents\HSFlensburgMaster\Sommersemester2026\AdvancedDeepLearning\Projekt\Exoplanets\data\interim\spoc120_dataset_generation\samples\toi_1522_01.npz
408,1523.01,387413037,FP,6.72694,2458738.95028,2.649,1070.0,10.3197,6745.0,1.53,311.236535,69.151807,2019-12-05 21:41:10,2021-10-29 12:59:15,0,ok,True,1,2,train,420,52,success,0,0,13869,0.0,0.0,0.0,c:\Users\user\Documents\HSFlensburgMaster\Sommersemester2026\AdvancedDeepLearning\Projekt\Exoplanets\data\interim\spoc120_dataset_generation\samples\toi_1523_01.npz
409,1525.01,276380902,FP,0.6171788,2460421.693989,1.433,519.0,10.3202,9603.0,3.14,308.065776,58.328901,2019-12-05 21:41:10,2024-07-26 10:08:01,0,ok,True,2,4,train,421,41,success,0,0,18321,0.0,0.0,0.0,c:\Users\user\Documents\HSFlensburgMaster\Sommersemester2026\AdvancedDeepLearning\Projekt\Exoplanets\data\interim\spoc120_dataset_generation\samples\toi_1525_01.npz
410,1533.01,345143460,CP,3.6458046,2460446.421805,1.828,1168.0,10.1128,5053.0,0.88,355.246721,57.485242,2019-12-05 21:41:10,2024-08-21 10:08:02,1,ok,True,5,4,train,422,57,success,0,0,17991,0.0,0.0,0.0,c:\Users\user\Documents\HSFlensburgMaster\Sommersemester2026\AdvancedDeepLearning\Projekt\Exoplanets\data\interim\spoc120_dataset_generation\samples\toi_1533_01.npz
411,1536.01,445137888,FP,2.013653,2459882.951315,2.1214907,822.8974252,10.3654,10310.0,2.67713,11.3024,56.070058,2019-12-05 21:41:10,2023-08-02 16:02:01,0,ok,True,1,3,train,423,58,success,0,0,17623,0.0,0.0,0.0,c:\Users\user\Documents\HSFlensburgMaster\Sommersemester2026\AdvancedDeepLearning\Projekt\Exoplanets\data\interim\spoc120_dataset_generation\samples\toi_1536_01.npz
412,1539.01,252636888,FP,2.590266,2459880.28094,4.378,700.0,10.4116,5855.0,3.22,346.518266,52.787014,2019-12-05 21:41:10,2022-12-12 16:02:01,0,ok,True,1,16,validation,424,57,success,0,0,17989,0.0,0.0,0.0,c:\Users\user\Documents\HSFlensburgMaster\Sommersemester2026\AdvancedDeepLearning\Projekt\Exoplanets\data\interim\spoc120_dataset_generation\samples\toi_1539_01.npz
413,154.01,389525208,FP,6.74657,2458329.36085,1.803,2970.0,10.0704,5910.7,2.57,313.261454,-38.594923,2018-09-05 18:52:24,2021-12-07 16:02:02,0,ok,True,2,19,test,425,27,success,0,0,16781,0.0,0.0,0.0,c:\Users\user\Documents\HSFlensburgMaster\Sommersemester2026\AdvancedDeepLearning\Projekt\Exoplanets\data\interim\spoc120_dataset_generation\samples\toi_154_01.npz
414,1541.01,319068154,FP,3.7983639,2460423.401581,1.594,3194.0,9.7436,9500.0,2.36,350.108816,55.52411,2019-12-05 21:41:10,2024-06-13 10:08:01,0,ok,True,1,15,validation,426,77,success,0,0,12874,0.0,0.0,0.0,c:\Users\user\Documents\HSFlensburgMaster\Sommersemester2026\AdvancedDeepLearning\Projekt\Exoplanets\data\interim\spoc120_dataset_generation\samples\toi_1541_01.npz
415,1542.01,367607434,FA,8.2916,2458744.44353,3.361,470.0,8.40348,5119.0,3.1,348.874923,46.576022,2019-12-05 21:41:10,2021-10-29 12:59:15,0,ok,True,3,12,train,427,16,success,0,0,13593,0.0,0.0,0.0,c:\Users\user\Documents\HSFlensburgMaster\Sommersemester2026\AdvancedDeepLearning\Projekt\Exoplanets\data\interim\spoc120_dataset_generation\samples\toi_1542_01.npz
416,1548.01,440100539,FA,12.6017,2458769.32363,4.835,800.0,8.7282,5861.6,1.21,4.358519,42.282204,2019-12-05 21:41:11,2023-06-18 12:02:58,0,ok,True,2,5,train,428,17,success,29,0,13094,14.427860696517413,0.0,14.427860696517413,c:\Users\user\Documents\HSFlensburgMaster\Sommersemester2026\AdvancedDeepLearning\Projekt\Exoplanets\data\interim\spoc120_dataset_generation\samples\toi_1548_01.npz
417,1552.01,326919774,FP,7.57193,2458771.77219,2.656,420.0,8.19,9146.0,4.72,22.972973,46.399826,2019-12-05 21:41:11,2023-01-24 12:02:47,0,ok,True,4,8,train,429,17,success,0,0,13063,0.0,0.0,0.0,c:\Users\user\Documents\HSFlensburgMaster\Sommersemester2026\AdvancedDeepLearning\Projekt\Exoplanets\data\interim\spoc120_dataset_generation\samples\toi_1552_01.npz
418,1554.01,299158887,KP,9.4341589,2459444.896746,2.8505348,4001.924935,11.0579,5450.4,0.938168,289.226288,49.548281,2019-12-06 22:17:30,2023-03-15 16:02:02,1,ok,True,11,12,train,430,14,success,0,0,18294,0.0,0.0,0.0,c:\Users\user\Documents\HSFlensburgMaster\Sommersemester2026\AdvancedDeepLearning\Projekt\Exoplanets\data\interim\spoc120_dataset_generation\samples\toi_1554_01.npz
419,1555.01,441732151,FP,2.09989,2458712.08879,0.908,27336.4,10.1688,6025.3,1.04,257.876742,72.135555,2019-12-19 20:58:20,2024-06-13 10:08:01,0,ok,True,37,6,train,431,15,success,0,0,17383,0.0,0.0,0.0,c:\Users\user\Documents\HSFlensburgMaster\Sommersemester2026\AdvancedDeepLearning\Projekt\Exoplanets\data\interim\spoc120_dataset_generation\samples\toi_1555_01.npz
420,156.01,220518305,FP,14.1520377,2460968.40875,3.143991,3180.4559232,10.294,5823.9,1.28,41.467598,-64.320687,2018-09-05 18:34:59,2026-04-18 10:08:02,0,ok,True,3,17,test,432,28,success,36,0,15157,17.91044776119403,0.0,17.91044776119403,c:\Users\user\Documents\HSFlensburgMaster\Sommersemester2026\AdvancedDeepLearning\Projekt\Exoplanets\data\interim\spoc120_dataset_generation\samples\toi_156_01.npz
421,1568.01,284050395,FP,1.35932,2458765.47569,2.831,2840.0,9.74734,5421.0,0.94,8.989872,65.026035,2019-12-19 20:58:20,2021-10-29 12:59:15,0,ok,True,1,9,train,433,78,success,0,0,11133,0.0,0.0,0.0,c:\Users\user\Documents\HSFlensburgMaster\Sommersemester2026\AdvancedDeepLearning\Projekt\Exoplanets\data\interim\spoc120_dataset_generation\samples\toi_1568_01.npz
422,1569.01,285666479,FP,1.71614,2458791.98363,2.038,681.449,10.424,5511.5,4.92,43.61065,52.07103,2019-12-19 20:58:21,2025-01-08 12:03:11,0,ok,True,2,10,train,434,58,success,0,0,19475,0.0,0.0,0.0,c:\Users\user\Documents\HSFlensburgMaster\Sommersemester2026\AdvancedDeepLearning\Projekt\Exoplanets\data\interim\spoc120_dataset_generation\samples\toi_1569_01.npz
423,1636.01,269892793,FP,1.7729239,2459882.483425,1.8255671,26694.3797428,11.9056,4769.0,0.687841,44.292951,33.312657,2020-01-14 19:46:38,2023-08-21 10:08:02,0,ok,True,2,19,test,435,18,success,0,0,14634,0.0,0.0,0.0,c:\Users\user\Documents\HSFlensburgMaster\Sommersemester2026\AdvancedDeepLearning\Projekt\Exoplanets\data\interim\spoc120_dataset_generation\samples\toi_1636_01.npz
424,1637.01,286355915,FP,4.076684,2459885.666366,4.4132181,10459.727229,10.6479,6531.44,1.64302,37.893241,34.368925,2020-01-14 19:46:38,2025-01-08 12:03:11,0,ok,True,3,10,train,436,18,success,0,0,14619,0.0,0.0,0.0,c:\Users\user\Documents\HSFlensburgMaster\Sommersemester2026\AdvancedDeepLearning\Projekt\Exoplanets\data\interim\spoc120_dataset_generation\samples\toi_1637_01.npz
425,1639.01,348673213,FP,0.901465,2458791.468047,2.5562155,3156.5658264,12.974,3896.0,0.611023,35.807322,56.570014,2020-01-14 19:46:38,2021-10-29 12:59:15,0,ok,True,1,19,test,437,18,success,0,0,14733,0.0,0.0,0.0,c:\Users\user\Documents\HSFlensburgMaster\Sommersemester2026\AdvancedDeepLearning\Projekt\Exoplanets\data\interim\spoc120_dataset_generation\samples\toi_1639_01.npz
426,1640.01,396562848,CP,1.9495403,2459767.373106,0.8060618,2089.2444115,11.0548,3414.0,0.260187,44.338874,76.551405,2020-01-14 19:46:38,2024-01-31 12:03:06,1,ok,True,10,7,train,438,18,success,0,0,14459,0.0,0.0,0.0,c:\Users\user\Documents\HSFlensburgMaster\Sommersemester2026\AdvancedDeepLearning\Projekt\Exoplanets\data\interim\spoc120_dataset_generation\samples\toi_1640_01.npz
427,1644.01,22843856,FP,1.8497201,2459521.618633,1.757,5750.0,9.8203,6019.0,1.24,39.006522,25.588461,2020-01-24 23:33:41,2021-12-08 10:10:01,0,ok,True,7,12,train,439,18,success,0,0,14717,0.0,0.0,0.0,c:\Users\user\Documents\HSFlensburgMaster\Sommersemester2026\AdvancedDeepLearning\Projekt\Exoplanets\data\interim\spoc120_dataset_generation\samples\toi_1644_01.npz
428,1645.01,184679932,FP,2.1721416,2458791.425546,2.7480823,17864.5520776,9.25319,6198.0,1.30937,32.294112,40.401942,2020-01-24 23:33:41,2021-12-08 16:02:02,0,ok,True,3,6,train,440,18,success,0,0,14832,0.0,0.0,0.0,c:\Users\user\Documents\HSFlensburgMaster\Sommersemester2026\AdvancedDeepLearning\Projekt\Exoplanets\data\interim\spoc120_dataset_generation\samples\toi_1645_01.npz
429,1646.01,387527558,FA,3.623909,2458794.103356,2.6568012,26979.8210456,13.0367,3514.0,0.414101,312.32708,70.796604,2020-01-24 23:33:41,2021-12-08 16:02:02,0,ok,True,4,4,train,441,17,success,0,0,13459,0.0,0.0,0.0,c:\Users\user\Documents\HSFlensburgMaster\Sommersemester2026\AdvancedDeepLearning\Projekt\Exoplanets\data\interim\spoc120_dataset_generation\samples\toi_1646_01.npz
430,1647.01,154927364,FP,6.9744232,2460334.944097,2.124,9189.0,10.249,5821.7,1.86,207.874218,84.071615,2020-01-29 22:18:55,2024-03-04 10:08:01,0,ok,True,4,13,train,442,40,success,0,0,19611,0.0,0.0,0.0,c:\Users\user\Documents\HSFlensburgMaster\Sommersemester2026\AdvancedDeepLearning\Projekt\Exoplanets\data\interim\spoc120_dataset_generation\samples\toi_1647_01.npz
431,1648.01,376353509,CP,7.3315684,2460467.880926,1.287,893.0,9.5831,4871.6,0.84,45.401179,69.229924,2020-01-29 22:18:55,2025-12-03 12:04:45,1,ok,True,4,6,train,443,52,success,0,0,16749,0.0,0.0,0.0,c:\Users\user\Documents\HSFlensburgMaster\Sommersemester2026\AdvancedDeepLearning\Projekt\Exoplanets\data\interim\spoc120_dataset_generation\samples\toi_1648_01.npz
432,1649.01,116608612,FP,3.4557863,2460310.718475,2.164,6423.0,9.17041,8170.0,1.78,85.66321,35.185708,2020-01-29 22:18:55,2025-08-21 15:10:09,0,ok,True,5,1,train,444,43,success,0,0,16267,0.0,0.0,0.0,c:\Users\user\Documents\HSFlensburgMaster\Sommersemester2026\AdvancedDeepLearning\Projekt\Exoplanets\data\interim\spoc120_dataset_generation\samples\toi_1649_01.npz
433,165.01,350743714,FP,7.757643,2460746.619767,2.8561356,7336.6908822,9.6686,6038.0,1.91151,88.886226,-57.290745,2018-11-30 22:06:25,2025-09-02 16:00:02,0,ok,True,28,3,train,445,3,success,0,0,12948,0.0,0.0,0.0,c:\Users\user\Documents\HSFlensburgMaster\Sommersemester2026\AdvancedDeepLearning\Projekt\Exoplanets\data\interim\spoc120_dataset_generation\samples\toi_165_01.npz
434,1650.01,122485078,FP,9.1505,2458822.09874,2.986,1370.0,10.0106,7719.0,3.02,76.851285,36.275085,2020-01-29 22:18:55,2021-10-29 12:59:15,0,ok,True,1,5,train,446,73,success,0,0,11915,0.0,0.0,0.0,c:\Users\user\Documents\HSFlensburgMaster\Sommersemester2026\AdvancedDeepLearning\Projekt\Exoplanets\data\interim\spoc120_dataset_generation\samples\toi_1650_01.npz
435,159.01,394657039,CP,3.7628372,2459382.232709,3.956,11360.0,10.5132,6979.2,1.58746,51.782268,-78.549831,2018-09-05 18:52:24,2026-05-07 12:03:59,1,ok,True,11,5,train,448,13,success,0,0,19110,0.0,0.0,0.0,c:\Users\user\Documents\HSFlensburgMaster\Sommersemester2026\AdvancedDeepLearning\Projekt\Exoplanets\data\interim\spoc120_dataset_generation\samples\toi_159_01.npz
436,1592.01,186599508,FP,5.6318074,2458794.89641,3.4553092,1186.1481873,9.76636,5669.9,1.38826,45.08847,39.068266,2019-12-19 20:58:21,2022-10-22 12:02:35,0,ok,True,1,16,validation,449,18,success,0,0,14693,0.0,0.0,0.0,c:\Users\user\Documents\HSFlensburgMaster\Sommersemester2026\AdvancedDeepLearning\Projekt\Exoplanets\data\interim\spoc120_dataset_generation\samples\toi_1592_01.npz
437,1593.01,192372961,FP,2.06313,2458792.29644,2.157,600.0,9.1222,6716.5,4.77,45.598372,43.183802,2019-12-19 20:58:21,2022-10-18 12:02:25,0,ok,True,1,8,train,450,58,success,0,0,19330,0.0,0.0,0.0,c:\Users\user\Documents\HSFlensburgMaster\Sommersemester2026\AdvancedDeepLearning\Projekt\Exoplanets\data\interim\spoc120_dataset_generation\samples\toi_1593_01.npz
438,1596.01,431899140,FP,1.9734615,2459928.934925,3.69,1295.0,10.0888,7962.9,3.62,56.222542,45.507188,2019-12-19 20:58:21,2024-01-29 10:08:02,0,ok,True,1,9,train,451,59,success,0,0,16466,0.0,0.0,0.0,c:\Users\user\Documents\HSFlensburgMaster\Sommersemester2026\AdvancedDeepLearning\Projekt\Exoplanets\data\interim\spoc120_dataset_generation\samples\toi_1596_01.npz
439,1599.01,129979528,KP,1.2198382,2459883.198788,2.8341804,12160.1096043,7.87611,7398.5,1.60242,36.712738,37.550444,2019-12-19 20:58:22,2023-02-21 16:02:01,1,ok,True,3,8,train,452,18,success,0,0,14829,0.0,0.0,0.0,c:\Users\user\Documents\HSFlensburgMaster\Sommersemester2026\AdvancedDeepLearning\Projekt\Exoplanets\data\interim\spoc120_dataset_generation\samples\toi_1599_01.npz
440,1601.01,139375960,CP,5.33155,2458793.27728,6.191,4220.0,10.1035,5917.0,2.22,38.361569,41.013432,2019-12-19 20:58:22,2022-01-12 12:02:22,1,ok,True,1,2,train,453,85,success,0,0,12910,0.0,0.0,0.0,c:\Users\user\Documents\HSFlensburgMaster\Sommersemester2026\AdvancedDeepLearning\Projekt\Exoplanets\data\interim\spoc120_dataset_generation\samples\toi_1601_01.npz
441,1602.01,129991079,FA,6.15952,2458792.50412,3.834,1230.0,10.4375,6175.9,1.09,37.13241,40.891254,2019-12-19 20:58:22,2023-01-16 12:02:39,0,ok,True,1,16,validation,454,58,success,0,0,18785,0.0,0.0,0.0,c:\Users\user\Documents\HSFlensburgMaster\Sommersemester2026\AdvancedDeepLearning\Projekt\Exoplanets\data\interim\spoc120_dataset_generation\samples\toi_1602_01.npz
442,1603.01,73448352,KP,4.7321735,2460630.419608,2.589,8121.0,10.1868,6739.0,1.56,38.308075,30.360453,2019-12-19 20:58:22,2025-07-09 10:08:02,1,ok,True,2,8,train,455,58,success,0,0,17886,0.0,0.0,0.0,c:\Users\user\Documents\HSFlensburgMaster\Sommersemester2026\AdvancedDeepLearning\Projekt\Exoplanets\data\interim\spoc120_dataset_generation\samples\toi_1603_01.npz
443,1605.01,101037590,CP,8.7094632,2459896.132645,3.027,4510.0,9.62924,5597.0,1.59,54.48089,33.079897,2019-12-19 20:58:22,2024-02-13 12:03:01,1,ok,True,1,0,train,456,58,success,0,0,19474,0.0,0.0,0.0,c:\Users\user\Documents\HSFlensburgMaster\Sommersemester2026\AdvancedDeepLearning\Projekt\Exoplanets\data\interim\spoc120_dataset_generation\samples\toi_1605_01.npz
444,1608.01,138017750,FP,2.4727425,2460632.178917,2.341,2929.0,7.42812,6057.7,2.13,50.80115,33.078133,2019-12-19 20:58:22,2025-03-07 11:45:34,0,ok,True,3,11,train,457,18,success,0,0,14536,0.0,0.0,0.0,c:\Users\user\Documents\HSFlensburgMaster\Sommersemester2026\AdvancedDeepLearning\Projekt\Exoplanets\data\interim\spoc120_dataset_generation\samples\toi_1608_01.npz
445,1609.01,229951289,FA,13.3118,2458692.73536,4.492,750.0,10.2572,6011.0,0.98,288.675423,60.670948,2019-12-19 20:58:22,2021-10-29 12:59:15,0,ok,True,25,9,train,458,14,success,0,0,17734,0.0,0.0,0.0,c:\Users\user\Documents\HSFlensburgMaster\Sommersemester2026\AdvancedDeepLearning\Projekt\Exoplanets\data\interim\spoc120_dataset_generation\samples\toi_1609_01.npz
446,1611.01,264678534,CP,16.2016817,2460643.486453,2.792,885.0,7.5825,5071.0,0.78,325.201645,84.333761,2019-12-19 20:58:22,2025-07-23 10:08:02,1,ok,True,16,5,train,459,18,success,28,0,14846,13.930348258706468,0.0,13.930348258706468,c:\Users\user\Documents\HSFlensburgMaster\Sommersemester2026\AdvancedDeepLearning\Projekt\Exoplanets\data\interim\spoc120_dataset_generation\samples\toi_1611_01.npz
447,1612.01,268403451,KP,2.8641388,2460334.805905,2.417,9597.0,10.0521,6082.0,1.53,277.478075,85.233321,2019-12-19 20:58:22,2024-04-02 10:08:02,1,ok,True,12,7,train,460,25,success,0,0,17242,0.0,0.0,0.0,c:\Users\user\Documents\HSFlensburgMaster\Sommersemester2026\AdvancedDeepLearning\Projekt\Exoplanets\data\interim\spoc120_dataset_generation\samples\toi_1612_01.npz
448,1613.01,272625214,FP,5.2469991,2458979.490719,3.45,1180.0,10.4641,6651.0,1.44,356.318574,62.142699,2019-12-19 20:58:22,2022-12-07 16:02:01,0,ok,True,2,19,test,461,57,success,0,0,17991,0.0,0.0,0.0,c:\Users\user\Documents\HSFlensburgMaster\Sommersemester2026\AdvancedDeepLearning\Projekt\Exoplanets\data\interim\spoc120_dataset_generation\samples\toi_1613_01.npz
449,1614.01,317397615,FP,0.7438074,2460479.137922,1.377,633.0,10.2351,5182.0,4.04,349.796329,75.017864,2019-12-19 20:58:22,2024-08-20 10:08:02,0,ok,True,1,0,train,462,52,success,0,0,15470,0.0,0.0,0.0,c:\Users\user\Documents\HSFlensburgMaster\Sommersemester2026\AdvancedDeepLearning\Projekt\Exoplanets\data\interim\spoc120_dataset_generation\samples\toi_1614_01.npz
450,1615.01,317507345,FP,3.9401791,2460473.279498,1.991,13317.0,9.68708,7170.0,1.51,351.174718,77.627113,2019-12-19 20:58:22,2024-08-16 10:08:02,0,ok,True,7,4,train,463,18,success,0,0,15135,0.0,0.0,0.0,c:\Users\user\Documents\HSFlensburgMaster\Sommersemester2026\AdvancedDeepLearning\Projekt\Exoplanets\data\interim\spoc120_dataset_generation\samples\toi_1615_01.npz
451,1617.01,322202434,FP,1.4013505,2460420.948154,1.562,1532.0,10.2505,5521.0,0.94,325.32505,68.807202,2019-12-19 20:58:22,2024-06-14 10:08:02,0,ok,True,5,5,train,464,16,success,0,0,13681,0.0,0.0,0.0,c:\Users\user\Documents\HSFlensburgMaster\Sommersemester2026\AdvancedDeepLearning\Projekt\Exoplanets\data\interim\spoc120_dataset_generation\samples\toi_1617_01.npz
452,1619.01,377144784,FP,2.3866952,2460447.12743,2.654,586.0,10.0552,5017.0,4.73,342.443925,68.251071,2019-12-19 20:58:22,2024-07-26 10:08:01,0,ok,True,4,10,train,465,57,success,0,0,17991,0.0,0.0,0.0,c:\Users\user\Documents\HSFlensburgMaster\Sommersemester2026\AdvancedDeepLearning\Projekt\Exoplanets\data\interim\spoc120_dataset_generation\samples\toi_1619_01.npz
453,1622.01,388076005,FP,1.7126115,2459880.690181,3.128,340.0,9.39435,5932.2,1.0,318.049804,68.05247,2019-12-19 20:58:22,2022-12-12 16:02:01,0,ok,True,2,4,train,466,18,success,0,0,15299,0.0,0.0,0.0,c:\Users\user\Documents\HSFlensburgMaster\Sommersemester2026\AdvancedDeepLearning\Projekt\Exoplanets\data\interim\spoc120_dataset_generation\samples\toi_1622_01.npz
454,1623.01,407394748,FP,0.7522775,2460311.882875,1.073,1301.0,9.5287,7325.2,1.77,5.420651,77.880071,2019-12-19 20:58:22,2024-01-31 16:02:01,0,ok,True,6,14,validation,467,52,success,0,0,16748,0.0,0.0,0.0,c:\Users\user\Documents\HSFlensburgMaster\Sommersemester2026\AdvancedDeepLearning\Projekt\Exoplanets\data\interim\spoc120_dataset_generation\samples\toi_1623_01.npz
455,1626.01,157586003,KP,3.3326189,2459391.184996,3.5620066,8310.5066162,12.0545,5768.2,1.6948299,279.262473,40.018691,2020-01-14 19:29:36,2023-03-15 16:02:02,1,ok,True,7,6,train,468,26,success,0,0,16940,0.0,0.0,0.0,c:\Users\user\Documents\HSFlensburgMaster\Sommersemester2026\AdvancedDeepLearning\Projekt\Exoplanets\data\interim\spoc120_dataset_generation\samples\toi_1626_01.npz
456,1627.01,424435940,KP,5.0172146,2459393.375248,3.7363301,14236.9594003,11.2311,5930.0,1.10013,274.701253,45.172219,2020-01-14 19:29:36,2023-03-15 16:02:02,1,ok,True,10,16,validation,469,25,success,0,0,17246,0.0,0.0,0.0,c:\Users\user\Documents\HSFlensburgMaster\Sommersemester2026\AdvancedDeepLearning\Projekt\Exoplanets\data\interim\spoc120_dataset_generation\samples\toi_1627_01.npz
457,1628.01,284475976,KP,2.1436364,2459825.459527,3.1539349,9203.7552743,11.1541,6148.0,1.77061,291.162386,55.473027,2020-01-14 19:29:36,2023-03-15 16:02:02,1,ok,True,17,6,train,470,23,success,0,0,15125,0.0,0.0,0.0,c:\Users\user\Documents\HSFlensburgMaster\Sommersemester2026\AdvancedDeepLearning\Projekt\Exoplanets\data\interim\spoc120_dataset_generation\samples\toi_1628_01.npz
458,1629.01,310003988,KP,4.5421594,2459686.204782,4.294,9760.0,11.191,5939.3,1.73,224.872859,46.9601,2020-01-14 19:29:36,2022-12-12 16:02:01,1,ok,True,4,6,train,471,23,success,0,0,15043,0.0,0.0,0.0,c:\Users\user\Documents\HSFlensburgMaster\Sommersemester2026\AdvancedDeepLearning\Projekt\Exoplanets\data\interim\spoc120_dataset_generation\samples\toi_1629_01.npz
459,163.01,179317684,CP,4.2311173,2458544.670293,4.3531635,7261.2759361,10.8719,6671.0,1.6640199,79.768253,-71.895527,2018-09-05 18:34:59,2024-02-15 10:08:02,1,ok,True,34,0,train,472,9,success,0,0,15675,0.0,0.0,0.0,c:\Users\user\Documents\HSFlensburgMaster\Sommersemester2026\AdvancedDeepLearning\Projekt\Exoplanets\data\interim\spoc120_dataset_generation\samples\toi_163_01.npz
460,1630.01,317597583,CP,12.0557353,2460654.567185,1.959,807.0,8.9943,5504.0,0.83,352.016676,75.552607,2020-01-14 19:46:38,2025-07-23 10:08:02,1,ok,True,11,2,train,473,17,success,17,0,14094,8.45771144278607,0.0,8.45771144278607,c:\Users\user\Documents\HSFlensburgMaster\Sommersemester2026\AdvancedDeepLearning\Projekt\Exoplanets\data\interim\spoc120_dataset_generation\samples\toi_1630_01.npz
461,1632.01,51024887,FP,8.2491871,2458797.344998,4.9807847,117724.0282614,14.9885,2990.0,0.165066,42.155188,62.18926,2020-01-14 19:46:38,2021-10-29 12:59:15,0,ok,True,3,2,train,474,18,success,0,0,13984,0.0,0.0,0.0,c:\Users\user\Documents\HSFlensburgMaster\Sommersemester2026\AdvancedDeepLearning\Projekt\Exoplanets\data\interim\spoc120_dataset_generation\samples\toi_1632_01.npz
462,1633.01,165551882,FA,12.1582804,2458798.104217,2.1406837,3430.7762638,12.5441,3429.0,0.3232,266.767331,57.226662,2020-01-14 19:46:38,2025-03-12 16:00:02,0,ok,True,30,4,train,475,14,success,16,0,14078,7.960199004975125,0.0,7.960199004975125,c:\Users\user\Documents\HSFlensburgMaster\Sommersemester2026\AdvancedDeepLearning\Projekt\Exoplanets\data\interim\spoc120_dataset_generation\samples\toi_1633_01.npz
463,1634.01,201186294,CP,0.98933,2458791.515001,1.0357615,1519.669587,11.0136,3455.0,0.465258,56.39061,37.11228,2020-01-14 19:46:38,2021-10-29 12:59:15,1,ok,True,2,4,train,476,18,success,0,0,14191,0.0,0.0,0.0,c:\Users\user\Documents\HSFlensburgMaster\Sommersemester2026\AdvancedDeepLearning\Projekt\Exoplanets\data\interim\spoc120_dataset_generation\samples\toi_1634_01.npz
464,1668.01,417705690,FP,2.363311,2460311.61688,3.294,1121.0,10.0233,5420.0,1.04,348.607533,76.93432,2020-01-29 22:18:55,2024-01-31 10:08:02,0,ok,True,9,11,train,478,19,success,0,0,16711,0.0,0.0,0.0,c:\Users\user\Documents\HSFlensburgMaster\Sommersemester2026\AdvancedDeepLearning\Projekt\Exoplanets\data\interim\spoc120_dataset_generation\samples\toi_1668_01.npz
465,1669.01,428679607,CP,2.6800536,2460660.823683,1.758,456.0,9.52906,5550.0,1.07,45.956474,83.587427,2020-01-29 22:18:55,2025-07-23 16:00:01,1,ok,True,11,0,train,479,19,success,0,0,16730,0.0,0.0,0.0,c:\Users\user\Documents\HSFlensburgMaster\Sommersemester2026\AdvancedDeepLearning\Projekt\Exoplanets\data\interim\spoc120_dataset_generation\samples\toi_1669_01.npz
466,1670.02,441739020,CP,10.9836724,2460468.361028,2.636,315.0,9.4682,6453.0,1.31,259.017252,72.161181,2020-07-16 04:56:45,2024-08-24 10:08:02,1,ok,True,40,2,train,481,15,success,0,0,17394,0.0,0.0,0.0,c:\Users\user\Documents\HSFlensburgMaster\Sommersemester2026\AdvancedDeepLearning\Projekt\Exoplanets\data\interim\spoc120_dataset_generation\samples\toi_1670_02.npz
467,1671.01,459903429,FA,8.13664,2458821.04876,2.084,840.0,8.71289,4913.0,3.96,130.969393,86.228398,2020-01-29 22:18:55,2021-10-29 12:59:15,0,ok,True,7,15,validation,482,40,success,0,0,19606,0.0,0.0,0.0,c:\Users\user\Documents\HSFlensburgMaster\Sommersemester2026\AdvancedDeepLearning\Projekt\Exoplanets\data\interim\spoc120_dataset_generation\samples\toi_1671_01.npz
468,1673.01,470315428,FP,1.08625,2458818.19746,2.534,1110.0,10.2851,5562.6,1.4,64.648489,52.865034,2020-01-29 22:18:55,2021-10-29 12:59:15,0,ok,True,1,17,test,483,59,success,0,0,16620,0.0,0.0,0.0,c:\Users\user\Documents\HSFlensburgMaster\Sommersemester2026\AdvancedDeepLearning\Projekt\Exoplanets\data\interim\spoc120_dataset_generation\samples\toi_1673_01.npz
469,1676.01,8400842,KP,3.1915257,2460657.382557,2.756,8587.0,9.441,6673.0,1.69,65.469581,57.817209,2020-01-29 22:18:56,2025-08-21 15:10:09,1,ok,True,4,17,test,484,19,success,0,0,16787,0.0,0.0,0.0,c:\Users\user\Documents\HSFlensburgMaster\Sommersemester2026\AdvancedDeepLearning\Projekt\Exoplanets\data\interim\spoc120_dataset_generation\samples\toi_1676_01.npz
470,1678.01,96291218,FP,13.7058173,2459917.090821,2.597,5788.0,10.3614,8001.0,2.05,73.034809,30.280386,2020-01-29 22:18:56,2024-10-10 10:08:04,0,ok,True,3,16,validation,485,43,success,35,0,15585,17.412935323383085,0.0,17.412935323383085,c:\Users\user\Documents\HSFlensburgMaster\Sommersemester2026\AdvancedDeepLearning\Projekt\Exoplanets\data\interim\spoc120_dataset_generation\samples\toi_1678_01.npz
471,1680.01,259168516,CP,4.8026561,2459657.394071,1.1658648,4358.1157678,13.3081,3231.0,0.213459,292.313979,65.973802,2020-01-30 21:16:42,2023-07-21 12:03:15,1,ok,True,42,1,train,486,14,success,0,0,18422,0.0,0.0,0.0,c:\Users\user\Documents\HSFlensburgMaster\Sommersemester2026\AdvancedDeepLearning\Projekt\Exoplanets\data\interim\spoc120_dataset_generation\samples\toi_1680_01.npz
472,1682.01,367366318,KP,2.7347651,2460662.485202,3.205,9209.0,8.14847,6767.9,1.77,78.295591,33.317953,2020-01-30 21:16:42,2025-07-23 16:00:01,1,ok,True,9,3,train,487,19,success,0,0,16699,0.0,0.0,0.0,c:\Users\user\Documents\HSFlensburgMaster\Sommersemester2026\AdvancedDeepLearning\Projekt\Exoplanets\data\interim\spoc120_dataset_generation\samples\toi_1682_01.npz
473,1683.01,58542531,CP,3.057524,2458816.411524,1.3790503,1117.9638175,9.794,4402.0,0.695095,65.97965,27.82237,2020-01-30 21:16:42,2025-04-20 12:03:53,1,ok,True,5,11,train,488,19,success,0,0,16893,0.0,0.0,0.0,c:\Users\user\Documents\HSFlensburgMaster\Sommersemester2026\AdvancedDeepLearning\Projekt\Exoplanets\data\interim\spoc120_dataset_generation\samples\toi_1683_01.npz
474,1685.01,28900646,CP,0.6691449,2459910.938093,0.9921631,1254.3711932,11.1117,3457.0,0.462408,68.593953,43.03704,2020-01-30 21:16:42,2023-06-13 16:02:07,1,ok,True,3,8,train,489,19,success,0,0,16863,0.0,0.0,0.0,c:\Users\user\Documents\HSFlensburgMaster\Sommersemester2026\AdvancedDeepLearning\Projekt\Exoplanets\data\interim\spoc120_dataset_generation\samples\toi_1685_01.npz
475,1688.01,121966220,FP,6.7171913,2459914.901064,7.5037208,9138.715071,10.8001,5843.0,2.3529,75.797813,41.785784,2020-01-30 21:16:42,2025-01-08 12:03:11,0,ok,True,3,6,train,490,19,success,0,0,16736,0.0,0.0,0.0,c:\Users\user\Documents\HSFlensburgMaster\Sommersemester2026\AdvancedDeepLearning\Projekt\Exoplanets\data\interim\spoc120_dataset_generation\samples\toi_1688_01.npz
476,1689.01,198384408,FA,9.1238101,2458823.255936,5.1188391,283.324087,6.3196,5470.16,1.1485,257.78508,56.658901,2020-01-30 21:16:42,2023-05-26 16:02:02,0,ok,True,37,11,train,491,14,success,0,0,18410,0.0,0.0,0.0,c:\Users\user\Documents\HSFlensburgMaster\Sommersemester2026\AdvancedDeepLearning\Projekt\Exoplanets\data\interim\spoc120_dataset_generation\samples\toi_1689_01.npz
477,169.01,183120439,CP,2.2554459,2459062.718052,1.6678604,5283.7103901,11.788,5817.0,1.29661,16.778688,-75.198945,2018-09-05 18:52:24,2022-10-17 16:02:02,1,ok,True,6,7,train,492,13,success,0,0,16711,0.0,0.0,0.0,c:\Users\user\Documents\HSFlensburgMaster\Sommersemester2026\AdvancedDeepLearning\Projekt\Exoplanets\data\interim\spoc120_dataset_generation\samples\toi_169_01.npz
478,1690.01,267574918,CP,1.4079369,2459419.987351,0.3063531,484643.7441389,16.338,5780.0,,284.415675,53.509024,2020-01-30 21:16:42,2023-06-13 16:02:07,1,ok,True,23,19,test,493,14,success,0,0,14290,0.0,0.0,0.0,c:\Users\user\Documents\HSFlensburgMaster\Sommersemester2026\AdvancedDeepLearning\Projekt\Exoplanets\data\interim\spoc120_dataset_generation\samples\toi_1690_01.npz
479,1691.01,268334473,CP,16.7368995,2460458.306487,4.561,989.0,9.52636,5759.0,1.0,272.404118,86.860343,2020-01-30 21:16:42,2025-04-20 12:03:53,1,ok,True,13,1,train,494,19,success,15,0,16692,7.462686567164178,0.0,7.462686567164178,c:\Users\user\Documents\HSFlensburgMaster\Sommersemester2026\AdvancedDeepLearning\Projekt\Exoplanets\data\interim\spoc120_dataset_generation\samples\toi_1691_01.npz
480,1693.01,353475866,CP,1.766692,2458817.684965,1.4196682,830.5082973,10.6714,3474.0,0.46126,90.308345,34.77309,2020-01-30 21:16:42,2024-06-06 10:08:02,1,ok,True,6,13,train,495,19,success,0,0,16587,0.0,0.0,0.0,c:\Users\user\Documents\HSFlensburgMaster\Sommersemester2026\AdvancedDeepLearning\Projekt\Exoplanets\data\interim\spoc120_dataset_generation\samples\toi_1693_01.npz
481,1694.01,396740648,CP,3.7701296,2458843.657627,2.8512056,4361.1801082,10.7424,5058.0,0.81833,97.74871,66.360596,2020-01-30 21:16:42,2022-09-16 12:02:25,1,ok,True,2,18,test,496,19,success,0,0,16365,0.0,0.0,0.0,c:\Users\user\Documents\HSFlensburgMaster\Sommersemester2026\AdvancedDeepLearning\Projekt\Exoplanets\data\interim\spoc120_dataset_generation\samples\toi_1694_01.npz
482,1695.01,422756130,CP,3.1342946,2458791.519137,1.2158796,1183.6060713,11.0294,3575.0,0.516105,21.921735,72.296615,2020-01-30 21:16:42,2023-05-23 10:10:02,1,ok,True,11,18,test,497,18,success,0,0,14670,0.0,0.0,0.0,c:\Users\user\Documents\HSFlensburgMaster\Sommersemester2026\AdvancedDeepLearning\Projekt\Exoplanets\data\interim\spoc120_dataset_generation\samples\toi_1695_01.npz
483,1696.01,470381900,CP,2.5005291,2459911.832125,0.8809865,12579.3504758,13.9664,3181.0,0.280475,65.280648,48.819831,2020-01-30 21:16:42,2023-03-06 16:02:02,1,ok,True,2,19,test,498,19,success,0,0,16871,0.0,0.0,0.0,c:\Users\user\Documents\HSFlensburgMaster\Sommersemester2026\AdvancedDeepLearning\Projekt\Exoplanets\data\interim\spoc120_dataset_generation\samples\toi_1696_01.npz
484,1651.01,138168780,KP,3.7649949,2460474.181987,2.642,14735.0,9.88278,6724.0,1.42,94.792955,73.827567,2020-01-29 22:18:55,2024-08-29 10:08:02,1,ok,True,9,9,train,499,19,success,0,0,16697,0.0,0.0,0.0,c:\Users\user\Documents\HSFlensburgMaster\Sommersemester2026\AdvancedDeepLearning\Projekt\Exoplanets\data\interim\spoc120_dataset_generation\samples\toi_1651_01.npz
485,1652.01,154867950,FP,0.6664948,2458870.507719,1.38,260.0,8.68013,5329.0,1.99,188.3547,84.678957,2020-01-29 22:18:55,2025-03-05 12:03:45,0,ok,True,9,14,validation,500,21,success,0,0,18603,0.0,0.0,0.0,c:\Users\user\Documents\HSFlensburgMaster\Sommersemester2026\AdvancedDeepLearning\Projekt\Exoplanets\data\interim\spoc120_dataset_generation\samples\toi_1652_01.npz
486,1658.01,286561122,FP,0.6803433,2459910.5579,2.0674164,565.5754223,10.2674,7325.5,2.97877,65.876229,35.495109,2020-01-29 22:18:55,2023-08-10 12:03:04,0,ok,True,1,6,train,501,59,success,0,0,14596,0.0,0.0,0.0,c:\Users\user\Documents\HSFlensburgMaster\Sommersemester2026\AdvancedDeepLearning\Projekt\Exoplanets\data\interim\spoc120_dataset_generation\samples\toi_1658_01.npz
487,1659.01,288631580,CP,5.8775548,2459757.356321,2.9027641,412.2881337,9.56906,5977.0,1.00568,277.925194,82.305949,2020-01-29 22:18:55,2025-04-20 12:03:53,1,ok,True,21,9,train,502,14,success,0,0,18420,0.0,0.0,0.0,c:\Users\user\Documents\HSFlensburgMaster\Sommersemester2026\AdvancedDeepLearning\Projekt\Exoplanets\data\interim\spoc120_dataset_generation\samples\toi_1659_01.npz
488,1660.01,311121985,FP,1.3561596,2460309.854705,2.504,482.0,9.00007,6375.0,1.86,85.581285,49.513452,2020-01-29 22:18:55,2024-02-09 10:08:02,0,ok,True,3,5,train,503,19,success,0,0,16753,0.0,0.0,0.0,c:\Users\user\Documents\HSFlensburgMaster\Sommersemester2026\AdvancedDeepLearning\Projekt\Exoplanets\data\interim\spoc120_dataset_generation\samples\toi_1660_01.npz
489,1661.01,312122956,FP,2.0492064,2459547.065465,3.417,1030.0,10.1283,,,88.475966,30.446042,2020-01-29 22:18:55,2022-03-11 12:02:52,0,ok,True,5,2,train,504,43,success,0,0,15967,0.0,0.0,0.0,c:\Users\user\Documents\HSFlensburgMaster\Sommersemester2026\AdvancedDeepLearning\Projekt\Exoplanets\data\interim\spoc120_dataset_generation\samples\toi_1661_01.npz
490,1663.01,353367071,FP,2.37532,2458819.39874,2.957,1940.0,9.84095,7895.7,2.11,89.934847,33.506969,2020-01-29 22:18:55,2021-10-29 12:59:15,0,ok,True,5,8,train,505,43,success,0,0,15972,0.0,0.0,0.0,c:\Users\user\Documents\HSFlensburgMaster\Sommersemester2026\AdvancedDeepLearning\Projekt\Exoplanets\data\interim\spoc120_dataset_generation\samples\toi_1663_01.npz
491,1739.01,159418353,CP,8.3033493,2460661.435023,1.705,571.0,9.812,4814.0,0.78,240.172481,83.258659,2020-02-27 22:12:18,2025-07-18 16:00:01,1,ok,True,17,4,train,506,14,success,0,0,18424,0.0,0.0,0.0,c:\Users\user\Documents\HSFlensburgMaster\Sommersemester2026\AdvancedDeepLearning\Projekt\Exoplanets\data\interim\spoc120_dataset_generation\samples\toi_1739_01.npz
492,174.01,425997655,CP,17.6671735,2460957.73363,2.6658994,754.5192275,8.7513,4813.0,0.69,55.459031,-62.767267,2019-05-07 17:42:43,2026-03-03 10:08:02,1,ok,True,15,16,validation,507,1,success,12,0,18276,5.970149253731343,0.0,5.970149253731343,c:\Users\user\Documents\HSFlensburgMaster\Sommersemester2026\AdvancedDeepLearning\Projekt\Exoplanets\data\interim\spoc120_dataset_generation\samples\toi_174_01.npz
493,174.02,425997655,CP,29.7975386,2460932.688545,2.7293183,614.4582395,8.7513,4813.0,0.69,55.459031,-62.767267,2019-05-17 18:40:33,2026-04-09 16:00:01,1,ok,True,15,16,validation,508,1,success,19,0,18276,9.45273631840796,0.0,9.45273631840796,c:\Users\user\Documents\HSFlensburgMaster\Sommersemester2026\AdvancedDeepLearning\Projekt\Exoplanets\data\interim\spoc120_dataset_generation\samples\toi_174_02.npz
494,174.03,425997655,CP,12.1623046,2460987.123543,2.5132045,265.0132357,8.7513,4813.0,0.69,55.459031,-62.767267,2019-05-17 18:40:33,2026-04-09 16:00:01,1,ok,True,15,16,validation,509,1,success,0,0,18276,0.0,0.0,0.0,c:\Users\user\Documents\HSFlensburgMaster\Sommersemester2026\AdvancedDeepLearning\Projekt\Exoplanets\data\interim\spoc120_dataset_generation\samples\toi_174_03.npz
495,174.04,425997655,CP,3.9766833,2460203.017928,1.859,142.0,8.7513,4813.0,0.69,55.459031,-62.767267,2019-05-17 18:40:33,2023-11-15 16:02:02,1,ok,True,15,16,validation,510,1,success,0,0,18276,0.0,0.0,0.0,c:\Users\user\Documents\HSFlensburgMaster\Sommersemester2026\AdvancedDeepLearning\Projekt\Exoplanets\data\interim\spoc120_dataset_generation\samples\toi_174_04.npz
496,174.05,425997655,CP,7.9076301,2460987.803312,2.6394558,212.4177368,8.7513,4813.0,0.69,55.459031,-62.767267,2021-10-21 22:15:40,2026-04-09 16:00:01,1,ok,True,15,16,validation,511,1,success,0,0,18276,0.0,0.0,0.0,c:\Users\user\Documents\HSFlensburgMaster\Sommersemester2026\AdvancedDeepLearning\Projekt\Exoplanets\data\interim\spoc120_dataset_generation\samples\toi_174_05.npz
497,1742.01,219857012,CP,21.2690422,2460660.830697,5.893,350.0,8.2865,5707.0,1.16,257.328868,71.876672,2020-02-27 22:12:18,2025-07-21 16:00:02,1,ok,True,39,4,train,512,15,success,9,5,17396,4.477611940298507,8.19672131147541,8.19672131147541,c:\Users\user\Documents\HSFlensburgMaster\Sommersemester2026\AdvancedDeepLearning\Projekt\Exoplanets\data\interim\spoc120_dataset_generation\samples\toi_1742_01.npz
498,1743.01,219860288,CP,4.2660553,2459660.494212,0.69,1700.0,12.4251,3281.0,0.32,257.747332,71.872204,2020-02-27 22:12:18,2025-07-22 12:04:25,1,ok,True,39,1,train,513,15,success,0,0,15625,0.0,0.0,0.0,c:\Users\user\Documents\HSFlensburgMaster\Sommersemester2026\AdvancedDeepLearning\Projekt\Exoplanets\data\interim\spoc120_dataset_generation\samples\toi_1743_01.npz
499,1744.01,229455001,CP,22.3417286,2460623.320439,2.582,472.0,9.01932,6179.0,1.14,294.291071,60.881302,2020-02-27 22:12:18,2025-07-23 10:08:02,1,ok,True,38,11,train,514,14,success,8,0,18420,3.9800995024875623,0.0,3.9800995024875623,c:\Users\user\Documents\HSFlensburgMaster\Sommersemester2026\AdvancedDeepLearning\Projekt\Exoplanets\data\interim\spoc120_dataset_generation\samples\toi_1744_01.npz
500,1700.01,23650642,FP,1.12355,2458843.38029,1.611,1020.0,10.8219,5524.0,1.01,126.088625,42.104735,2020-02-19 00:44:40,2021-10-29 12:59:15,0,ok,True,1,12,train,515,47,success,0,0,16619,0.0,0.0,0.0,c:\Users\user\Documents\HSFlensburgMaster\Sommersemester2026\AdvancedDeepLearning\Projekt\Exoplanets\data\interim\spoc120_dataset_generation\samples\toi_1700_01.npz
501,1702.01,371210825,FP,0.40312,2458842.74962,0.853,1000.0,10.9894,4252.9,0.89,111.559352,32.383825,2020-02-19 00:44:40,2021-10-29 12:59:15,0,ok,True,6,5,train,516,44,success,0,0,15768,0.0,0.0,0.0,c:\Users\user\Documents\HSFlensburgMaster\Sommersemester2026\AdvancedDeepLearning\Projekt\Exoplanets\data\interim\spoc120_dataset_generation\samples\toi_1702_01.npz
502,1704.01,95129101,FP,3.929983,2459575.195833,2.153,2270.0,10.8508,6621.9,1.34,114.932863,28.120146,2020-02-19 00:44:40,2022-03-11 12:02:52,0,ok,True,6,6,train,517,44,success,0,0,15747,0.0,0.0,0.0,c:\Users\user\Documents\HSFlensburgMaster\Sommersemester2026\AdvancedDeepLearning\Projekt\Exoplanets\data\interim\spoc120_dataset_generation\samples\toi_1704_01.npz
503,1705.01,137500798,FP,13.2054538,2460328.287633,4.875,644.0,10.3042,6653.0,1.67,132.635012,82.92712,2020-02-19 00:44:40,2024-03-04 10:08:01,0,ok,True,7,9,train,518,40,success,0,0,19610,0.0,0.0,0.0,c:\Users\user\Documents\HSFlensburgMaster\Sommersemester2026\AdvancedDeepLearning\Projekt\Exoplanets\data\interim\spoc120_dataset_generation\samples\toi_1705_01.npz
504,1707.01,240148934,FP,2.02365,2458843.26677,2.585,1710.0,10.3135,6582.0,1.48,101.382168,31.465533,2020-02-19 00:44:40,2022-03-10 16:02:01,0,ok,True,3,9,train,519,43,success,0,0,15448,0.0,0.0,0.0,c:\Users\user\Documents\HSFlensburgMaster\Sommersemester2026\AdvancedDeepLearning\Projekt\Exoplanets\data\interim\spoc120_dataset_generation\samples\toi_1707_01.npz
505,171.02,309257814,FP,1.8135767,2458569.773308,1.0753316,4166.2802035,11.6626,5237.0,1.1072299,124.269428,-63.213403,2019-06-11 20:03:40,2025-01-14 16:02:02,0,ok,True,16,8,train,520,10,success,0,0,14969,0.0,0.0,0.0,c:\Users\user\Documents\HSFlensburgMaster\Sommersemester2026\AdvancedDeepLearning\Projekt\Exoplanets\data\interim\spoc120_dataset_generation\samples\toi_171_02.npz
506,1710.01,445805961,CP,24.2833782,2460439.666809,5.132,2844.0,8.9134,5675.0,0.98,94.283837,76.21102,2020-02-19 00:44:40,2024-08-29 10:08:02,1,ok,True,9,5,train,521,19,success,10,0,16698,4.975124378109453,0.0,4.975124378109453,c:\Users\user\Documents\HSFlensburgMaster\Sommersemester2026\AdvancedDeepLearning\Projekt\Exoplanets\data\interim\spoc120_dataset_generation\samples\toi_1710_01.npz
507,1711.01,461662295,FP,10.2558,2458844.85466,5.088,5740.0,9.92871,5326.0,0.97,124.446664,51.01037,2020-02-19 00:44:40,2021-10-29 12:59:15,0,ok,True,3,14,validation,522,20,success,0,0,17630,0.0,0.0,0.0,c:\Users\user\Documents\HSFlensburgMaster\Sommersemester2026\AdvancedDeepLearning\Projekt\Exoplanets\data\interim\spoc120_dataset_generation\samples\toi_1711_01.npz
508,1712.01,67926921,FP,3.566276,2459606.849596,4.197,3870.0,9.9841,6831.4,3.17,127.945702,44.832314,2020-02-19 00:44:40,2023-02-06 12:03:46,0,ok,True,1,2,train,523,47,success,0,0,16565,0.0,0.0,0.0,c:\Users\user\Documents\HSFlensburgMaster\Sommersemester2026\AdvancedDeepLearning\Projekt\Exoplanets\data\interim\spoc120_dataset_generation\samples\toi_1712_01.npz
509,1714.01,239154970,KP,3.4744763,2459603.425538,4.258,12920.0,10.7131,6642.3,1.67,113.184238,33.835021,2020-02-19 23:47:12,2022-06-28 16:02:02,1,ok,True,6,12,train,524,20,success,0,0,16557,0.0,0.0,0.0,c:\Users\user\Documents\HSFlensburgMaster\Sommersemester2026\AdvancedDeepLearning\Projekt\Exoplanets\data\interim\spoc120_dataset_generation\samples\toi_1714_01.npz
510,1715.01,142090065,FP,2.8269356,2459738.517459,1.1692366,950.9544382,9.01249,7072.0,1.50581,79.073505,79.737727,2020-02-19 23:47:13,2024-01-09 12:02:55,0,ok,True,11,11,train,525,19,success,0,0,16730,0.0,0.0,0.0,c:\Users\user\Documents\HSFlensburgMaster\Sommersemester2026\AdvancedDeepLearning\Projekt\Exoplanets\data\interim\spoc120_dataset_generation\samples\toi_1715_01.npz
511,1716.01,14336130,CP,8.082354,2460298.678071,3.284,559.0,8.82897,5878.6,1.24,105.083329,56.824194,2020-02-19 23:47:13,2025-08-21 15:10:09,1,ok,True,4,8,train,526,20,success,0,0,17627,0.0,0.0,0.0,c:\Users\user\Documents\HSFlensburgMaster\Sommersemester2026\AdvancedDeepLearning\Projekt\Exoplanets\data\interim\spoc120_dataset_generation\samples\toi_1716_01.npz
512,172.01,29857954,CP,9.47686,2458326.92242,4.392,2980.0,10.7379,5801.8,1.79,316.631879,-26.692865,2018-09-05 18:52:24,2022-10-17 16:02:02,1,ok,True,4,6,train,527,28,success,0,0,13366,0.0,0.0,0.0,c:\Users\user\Documents\HSFlensburgMaster\Sommersemester2026\AdvancedDeepLearning\Projekt\Exoplanets\data\interim\spoc120_dataset_generation\samples\toi_172_01.npz
513,1720.01,356473034,KP,2.6158597,2459957.574412,2.517,13363.0,10.4467,5267.0,1.08,117.026769,50.225147,2020-02-19 23:47:13,2023-02-27 10:10:02,1,ok,True,3,8,train,528,20,success,0,0,16548,0.0,0.0,0.0,c:\Users\user\Documents\HSFlensburgMaster\Sommersemester2026\AdvancedDeepLearning\Projekt\Exoplanets\data\interim\spoc120_dataset_generation\samples\toi_1720_01.npz
514,1721.01,51234631,KP,4.1250429,2460339.400472,4.454,8804.0,10.1653,6304.0,1.62,110.388028,58.268109,2020-02-19 23:47:13,2024-04-02 10:08:02,1,ok,True,4,16,validation,529,20,success,0,0,17632,0.0,0.0,0.0,c:\Users\user\Documents\HSFlensburgMaster\Sommersemester2026\AdvancedDeepLearning\Projekt\Exoplanets\data\interim\spoc120_dataset_generation\samples\toi_1721_01.npz
515,1723.01,71431780,CP,13.7270395,2460307.768558,4.007,901.0,9.09942,5777.0,1.09,116.797198,68.476685,2020-02-19 23:47:13,2025-04-20 12:03:53,1,ok,True,5,5,train,530,20,success,16,0,17626,7.960199004975125,0.0,7.960199004975125,c:\Users\user\Documents\HSFlensburgMaster\Sommersemester2026\AdvancedDeepLearning\Projekt\Exoplanets\data\interim\spoc120_dataset_generation\samples\toi_1723_01.npz
516,1724.01,81212286,FP,0.6850808,2458843.027821,1.0565887,2675.7176662,12.507,3541.0,0.380019,127.032597,56.427529,2020-02-19 23:47:13,2021-10-29 12:59:15,0,ok,True,3,11,train,531,20,success,0,0,17632,0.0,0.0,0.0,c:\Users\user\Documents\HSFlensburgMaster\Sommersemester2026\AdvancedDeepLearning\Projekt\Exoplanets\data\interim\spoc120_dataset_generation\samples\toi_1724_01.npz
517,1725.01,86396382,KP,1.0914304,2458842.997159,3.05123,15377.7920504,11.0967,6154.0,1.74942,97.636645,29.672266,2020-02-19 23:47:13,2024-11-26 16:02:02,1,ok,True,6,10,train,532,20,success,0,0,16551,0.0,0.0,0.0,c:\Users\user\Documents\HSFlensburgMaster\Sommersemester2026\AdvancedDeepLearning\Projekt\Exoplanets\data\interim\spoc120_dataset_generation\samples\toi_1725_01.npz
518,1726.01,130181866,CP,7.107934,2458845.373051,3.440833,501.6058242,6.2683,5694.11,0.902932,117.47937,27.363134,2020-02-19 23:47:13,2024-11-15 16:02:02,1,ok,True,6,7,train,533,20,success,0,0,16556,0.0,0.0,0.0,c:\Users\user\Documents\HSFlensburgMaster\Sommersemester2026\AdvancedDeepLearning\Projekt\Exoplanets\data\interim\spoc120_dataset_generation\samples\toi_1726_01.npz
519,1726.02,130181866,CP,20.5438153,2459583.637103,4.0537919,799.3817133,6.2683,5694.11,0.902932,117.47937,27.363134,2020-02-20 19:59:15,2024-02-01 16:02:02,1,ok,True,6,7,train,534,20,success,29,0,16556,14.427860696517413,0.0,14.427860696517413,c:\Users\user\Documents\HSFlensburgMaster\Sommersemester2026\AdvancedDeepLearning\Projekt\Exoplanets\data\interim\spoc120_dataset_generation\samples\toi_1726_02.npz
520,1728.01,285048486,CP,3.4913952,2459604.399093,1.763,5400.0,10.7921,3907.0,0.63,120.611679,64.797153,2020-02-19 23:47:13,2022-06-28 16:02:02,1,ok,True,3,14,validation,535,20,success,0,0,17632,0.0,0.0,0.0,c:\Users\user\Documents\HSFlensburgMaster\Sommersemester2026\AdvancedDeepLearning\Projekt\Exoplanets\data\interim\spoc120_dataset_generation\samples\toi_1728_01.npz
521,1729.01,298666530,FP,0.5732797,2458738.738252,0.5003469,192007.9598,18.3324,5780.0,,278.399911,58.205529,2020-02-19 23:47:13,2026-05-28 16:00:01,0,ok,True,36,11,train,536,16,success,0,0,14551,0.0,0.0,0.0,c:\Users\user\Documents\HSFlensburgMaster\Sommersemester2026\AdvancedDeepLearning\Projekt\Exoplanets\data\interim\spoc120_dataset_generation\samples\toi_1729_01.npz
522,1730.01,318022259,CP,6.2262315,2459952.635271,2.239,1488.0,10.3595,3691.0,0.53,107.865826,48.327933,2020-02-19 23:47:13,2026-02-14 12:03:40,1,ok,True,3,4,train,537,20,success,0,0,16514,0.0,0.0,0.0,c:\Users\user\Documents\HSFlensburgMaster\Sommersemester2026\AdvancedDeepLearning\Projekt\Exoplanets\data\interim\spoc120_dataset_generation\samples\toi_1730_01.npz
523,1730.02,318022259,CP,2.1555232,2459961.132517,1.445,742.0,10.3595,3691.0,0.53,107.865826,48.327933,2020-02-19 23:47:13,2026-02-14 12:03:40,1,ok,True,3,4,train,538,20,success,0,0,16514,0.0,0.0,0.0,c:\Users\user\Documents\HSFlensburgMaster\Sommersemester2026\AdvancedDeepLearning\Projekt\Exoplanets\data\interim\spoc120_dataset_generation\samples\toi_1730_02.npz
524,1730.03,318022259,CP,12.5739572,2459598.372283,2.722,2170.0,10.3595,3691.0,0.53,107.865826,48.327933,2022-03-01 00:21:55,2026-02-14 12:03:40,1,ok,True,3,4,train,539,20,success,0,0,16514,0.0,0.0,0.0,c:\Users\user\Documents\HSFlensburgMaster\Sommersemester2026\AdvancedDeepLearning\Projekt\Exoplanets\data\interim\spoc120_dataset_generation\samples\toi_1730_03.npz
525,1731.01,371234684,KP,3.9228042,2459603.86508,3.205,13970.0,11.7946,6193.0,1.3,110.168516,37.140595,2020-02-19 23:47:13,2022-06-28 16:02:02,1,ok,True,3,0,train,540,20,success,0,0,16554,0.0,0.0,0.0,c:\Users\user\Documents\HSFlensburgMaster\Sommersemester2026\AdvancedDeepLearning\Projekt\Exoplanets\data\interim\spoc120_dataset_generation\samples\toi_1731_01.npz
526,1733.01,53427308,FP,5.80322,2458844.7654,1.569,1710.0,10.379,5846.0,1.5,118.881765,54.596601,2020-02-20 00:14:52,2021-10-29 12:59:15,0,ok,True,1,5,train,541,47,success,0,0,16171,0.0,0.0,0.0,c:\Users\user\Documents\HSFlensburgMaster\Sommersemester2026\AdvancedDeepLearning\Projekt\Exoplanets\data\interim\spoc120_dataset_generation\samples\toi_1733_01.npz
527,1736.01,408618999,CP,7.0731057,2460660.093314,3.819,439.0,8.3302,5656.0,1.41,43.434461,69.101345,2020-02-27 22:12:18,2025-07-23 16:00:01,1,ok,True,8,0,train,542,18,success,0,0,14765,0.0,0.0,0.0,c:\Users\user\Documents\HSFlensburgMaster\Sommersemester2026\AdvancedDeepLearning\Projekt\Exoplanets\data\interim\spoc120_dataset_generation\samples\toi_1736_01.npz
528,1782.02,160045097,CP,1.8290294,2459632.816808,1.6679098,704.8493933,11.3069,4336.0,0.668693,213.078772,74.411791,2020-07-16 04:56:45,2025-04-20 12:03:53,1,ok,True,11,17,test,543,14,success,0,0,18423,0.0,0.0,0.0,c:\Users\user\Documents\HSFlensburgMaster\Sommersemester2026\AdvancedDeepLearning\Projekt\Exoplanets\data\interim\spoc120_dataset_generation\samples\toi_1782_02.npz
529,1786.01,86280613,FP,9.573548,2460325.905001,2.036,2788.0,9.5173,6505.0,1.83,141.721087,61.698996,2020-03-12 14:22:11,2024-03-04 10:08:01,0,ok,True,2,15,validation,544,47,success,0,0,16476,0.0,0.0,0.0,c:\Users\user\Documents\HSFlensburgMaster\Sommersemester2026\AdvancedDeepLearning\Projekt\Exoplanets\data\interim\spoc120_dataset_generation\samples\toi_1786_01.npz
530,1788.01,450327768,FP,5.34326,2458875.04671,1.426,6980.0,10.1883,5776.0,1.26,160.229227,35.913354,2020-03-12 14:22:11,2021-10-29 12:59:15,0,ok,True,1,17,test,545,48,success,0,0,15480,0.0,0.0,0.0,c:\Users\user\Documents\HSFlensburgMaster\Sommersemester2026\AdvancedDeepLearning\Projekt\Exoplanets\data\interim\spoc120_dataset_generation\samples\toi_1788_01.npz
531,1789.01,172518755,CP,3.2087149,2460279.071213,1.639,1960.0,9.1824,5971.4,2.26,142.743406,26.539995,2020-03-12 14:22:11,2024-02-02 10:08:02,1,ok,True,4,16,validation,546,44,success,0,0,15170,0.0,0.0,0.0,c:\Users\user\Documents\HSFlensburgMaster\Sommersemester2026\AdvancedDeepLearning\Projekt\Exoplanets\data\interim\spoc120_dataset_generation\samples\toi_1789_01.npz
532,179.01,207141131,CP,4.1374403,2460985.999063,1.587497,1008.4447279,8.1796,5058.0,0.802633,44.262014,-56.191869,2018-12-20 17:24:11,2026-04-17 10:08:01,1,ok,True,6,18,test,547,2,success,0,0,18297,0.0,0.0,0.0,c:\Users\user\Documents\HSFlensburgMaster\Sommersemester2026\AdvancedDeepLearning\Projekt\Exoplanets\data\interim\spoc120_dataset_generation\samples\toi_179_01.npz
533,1790.01,310981412,FA,9.62517,2458684.16048,3.725,540.0,10.2728,6149.0,0.93,161.42778,69.20078,2020-03-12 14:22:11,2022-06-02 12:03:17,0,ok,True,7,19,test,548,14,success,0,0,18424,0.0,0.0,0.0,c:\Users\user\Documents\HSFlensburgMaster\Sommersemester2026\AdvancedDeepLearning\Projekt\Exoplanets\data\interim\spoc120_dataset_generation\samples\toi_1790_01.npz
534,1794.01,286916251,CP,8.7655468,2458715.310896,4.0264463,572.6986983,9.69924,5707.0,1.29921,203.397486,49.060843,2020-04-15 12:38:54,2025-08-01 10:05:58,1,ok,True,6,9,train,551,15,success,0,0,15250,0.0,0.0,0.0,c:\Users\user\Documents\HSFlensburgMaster\Sommersemester2026\AdvancedDeepLearning\Projekt\Exoplanets\data\interim\spoc120_dataset_generation\samples\toi_1794_01.npz
535,1795.01,135083444,FP,2.7917911,2458899.610227,1.4664254,1018.9771433,10.0721,6071.0,1.16271,184.3669,19.839989,2020-04-15 12:38:54,2021-10-29 12:59:15,0,ok,True,2,7,train,552,22,success,0,0,16095,0.0,0.0,0.0,c:\Users\user\Documents\HSFlensburgMaster\Sommersemester2026\AdvancedDeepLearning\Projekt\Exoplanets\data\interim\spoc120_dataset_generation\samples\toi_1795_01.npz
536,1796.01,138819293,KP,2.6438856,2459639.963332,0.9689289,6404.7051471,8.40346,3456.0,0.425432,175.550536,26.703067,2020-04-15 12:38:54,2022-07-14 10:10:02,1,ok,True,2,12,train,553,22,success,0,0,16102,0.0,0.0,0.0,c:\Users\user\Documents\HSFlensburgMaster\Sommersemester2026\AdvancedDeepLearning\Projekt\Exoplanets\data\interim\spoc120_dataset_generation\samples\toi_1796_01.npz
537,1749.01,233602827,CP,4.4891367,2459763.323055,1.8833377,1271.1867023,12.2574,3959.0,0.561356,282.737228,64.419466,2020-02-27 22:12:18,2023-06-13 16:02:07,1,ok,True,37,19,test,554,14,success,0,0,18424,0.0,0.0,0.0,c:\Users\user\Documents\HSFlensburgMaster\Sommersemester2026\AdvancedDeepLearning\Projekt\Exoplanets\data\interim\spoc120_dataset_generation\samples\toi_1749_01.npz
538,1749.02,233602827,CP,9.0447039,2459647.515197,1.7653148,1611.0010188,12.2574,3959.0,0.561356,282.737228,64.419466,2020-02-27 22:12:18,2023-06-03 10:10:01,1,ok,True,37,19,test,555,14,success,0,0,18424,0.0,0.0,0.0,c:\Users\user\Documents\HSFlensburgMaster\Sommersemester2026\AdvancedDeepLearning\Projekt\Exoplanets\data\interim\spoc120_dataset_generation\samples\toi_1749_02.npz
539,1749.03,233602827,KP,2.3889051,2458684.354953,1.032409,569.8511771,12.2574,3959.0,0.561356,282.737228,64.419466,2023-03-23 19:50:15,2023-06-03 10:10:01,1,ok,True,37,19,test,556,14,success,0,0,18424,0.0,0.0,0.0,c:\Users\user\Documents\HSFlensburgMaster\Sommersemester2026\AdvancedDeepLearning\Projekt\Exoplanets\data\interim\spoc120_dataset_generation\samples\toi_1749_03.npz
540,175.01,307210830,CP,3.6906759,2460688.70837,1.107,1657.0,9.41242,3469.0,0.31,124.53286,-68.314466,2019-05-07 17:42:41,2025-07-09 16:00:02,1,ok,True,27,8,train,557,2,success,0,0,17578,0.0,0.0,0.0,c:\Users\user\Documents\HSFlensburgMaster\Sommersemester2026\AdvancedDeepLearning\Projekt\Exoplanets\data\interim\spoc120_dataset_generation\samples\toi_175_01.npz
541,175.02,307210830,CP,7.4507305,2460039.154503,0.475,1542.0,9.41242,3469.0,0.31,124.53286,-68.314466,2019-05-07 17:42:41,2023-05-11 16:02:02,1,ok,True,27,8,train,558,2,success,0,0,17578,0.0,0.0,0.0,c:\Users\user\Documents\HSFlensburgMaster\Sommersemester2026\AdvancedDeepLearning\Projekt\Exoplanets\data\interim\spoc120_dataset_generation\samples\toi_175_02.npz
542,175.03,307210830,CP,2.2531062,2458354.907237,0.9939837,682.3972723,9.41242,3469.0,0.31416,124.53286,-68.314466,2019-05-07 17:42:41,2025-07-09 16:00:02,1,ok,True,27,8,train,559,2,success,0,0,17578,0.0,0.0,0.0,c:\Users\user\Documents\HSFlensburgMaster\Sommersemester2026\AdvancedDeepLearning\Projekt\Exoplanets\data\interim\spoc120_dataset_generation\samples\toi_175_03.npz
543,1752.01,287139872,CP,0.9351891,2459662.731174,0.7694649,1150.2871156,12.7463,3652.0,0.526987,253.461486,60.70962,2020-02-27 22:12:19,2026-04-20 12:03:50,1,ok,True,42,15,validation,561,14,success,0,0,18263,0.0,0.0,0.0,c:\Users\user\Documents\HSFlensburgMaster\Sommersemester2026\AdvancedDeepLearning\Projekt\Exoplanets\data\interim\spoc120_dataset_generation\samples\toi_1752_01.npz
544,1752.02,287139872,CP,32.7135406,2458704.636574,5.075467,1469.2598788,12.7463,3652.0,0.526987,253.461486,60.70962,2022-02-28 23:51:58,2023-05-19 16:02:01,1,ok,True,42,15,validation,562,14,success,40,0,18263,19.900497512437813,0.0,19.900497512437813,c:\Users\user\Documents\HSFlensburgMaster\Sommersemester2026\AdvancedDeepLearning\Projekt\Exoplanets\data\interim\spoc120_dataset_generation\samples\toi_1752_02.npz
545,1753.01,289580577,CP,5.3846239,2459653.733754,3.2617296,630.6901313,11.2078,5700.0,0.959022,252.469835,61.173577,2020-02-27 22:12:19,2025-04-20 12:03:53,1,ok,True,39,13,train,563,14,success,0,0,17139,0.0,0.0,0.0,c:\Users\user\Documents\HSFlensburgMaster\Sommersemester2026\AdvancedDeepLearning\Projekt\Exoplanets\data\interim\spoc120_dataset_generation\samples\toi_1753_01.npz
546,1758.01,367858035,CP,20.7051499,2460421.696841,3.348,1822.0,10.0907,5169.0,0.81,354.741581,75.685232,2020-02-27 22:12:19,2025-04-20 12:03:53,1,ok,True,11,13,train,564,18,success,20,0,15070,9.950248756218906,0.0,9.950248756218906,c:\Users\user\Documents\HSFlensburgMaster\Sommersemester2026\AdvancedDeepLearning\Projekt\Exoplanets\data\interim\spoc120_dataset_generation\samples\toi_1758_01.npz
547,1759.01,408636441,CP,18.8500438,2460404.266149,3.407,2610.0,9.92838,3960.0,0.63,326.851662,62.753816,2020-02-27 22:12:19,2024-11-15 16:02:02,1,ok,True,10,4,train,565,16,success,29,0,14944,14.427860696517413,0.0,14.427860696517413,c:\Users\user\Documents\HSFlensburgMaster\Sommersemester2026\AdvancedDeepLearning\Projekt\Exoplanets\data\interim\spoc120_dataset_generation\samples\toi_1759_01.npz
548,176.01,272086159,FP,16.155373,2458649.291373,1.556705,71225.723174,13.4004,3270.0,0.271,115.003473,-72.205678,2019-05-07 17:42:40,2023-10-28 10:08:02,0,ok,True,32,16,validation,566,2,success,37,0,16009,18.407960199004975,0.0,18.407960199004975,c:\Users\user\Documents\HSFlensburgMaster\Sommersemester2026\AdvancedDeepLearning\Projekt\Exoplanets\data\interim\spoc120_dataset_generation\samples\toi_176_01.npz
549,1760.01,420112587,FP,11.062666,2458691.531496,2.0842156,4957.8780942,12.4989,3212.0,0.254522,290.173976,73.195993,2020-02-27 22:12:19,2021-10-29 12:59:15,0,ok,True,40,8,train,567,14,success,0,0,18423,0.0,0.0,0.0,c:\Users\user\Documents\HSFlensburgMaster\Sommersemester2026\AdvancedDeepLearning\Projekt\Exoplanets\data\interim\spoc120_dataset_generation\samples\toi_1760_01.npz
550,1766.01,67666096,KP,2.7033942,2459635.207263,2.927,10340.0,9.43351,6518.0,1.61,148.643119,40.387945,2020-03-12 15:35:30,2022-03-24 16:02:01,1,ok,True,2,13,train,568,21,success,0,0,17321,0.0,0.0,0.0,c:\Users\user\Documents\HSFlensburgMaster\Sommersemester2026\AdvancedDeepLearning\Projekt\Exoplanets\data\interim\spoc120_dataset_generation\samples\toi_1766_01.npz
551,1767.01,8767448,KP,4.3532339,2458892.510627,3.869,10270.0,9.98111,5914.0,1.59,140.102965,33.882329,2020-03-12 15:35:30,2022-03-24 10:10:02,1,ok,True,1,1,train,569,21,success,0,0,17348,0.0,0.0,0.0,c:\Users\user\Documents\HSFlensburgMaster\Sommersemester2026\AdvancedDeepLearning\Projekt\Exoplanets\data\interim\spoc120_dataset_generation\samples\toi_1767_01.npz
552,1768.01,137906197,CP,7.3377236,2460331.444718,4.243,795.0,9.91008,5994.0,1.1,152.102783,55.53996,2020-03-12 15:35:30,2025-04-20 12:03:53,1,ok,True,4,10,train,570,21,success,0,0,18652,0.0,0.0,0.0,c:\Users\user\Documents\HSFlensburgMaster\Sommersemester2026\AdvancedDeepLearning\Projekt\Exoplanets\data\interim\spoc120_dataset_generation\samples\toi_1768_01.npz
553,177.01,262530407,CP,2.8531016,2460204.963281,1.263753,1547.1068927,9.49275,3703.0,0.52,20.438428,-46.714723,2018-12-20 17:24:11,2026-03-05 10:08:02,1,ok,True,7,0,train,571,2,success,0,0,18299,0.0,0.0,0.0,c:\Users\user\Documents\HSFlensburgMaster\Sommersemester2026\AdvancedDeepLearning\Projekt\Exoplanets\data\interim\spoc120_dataset_generation\samples\toi_177_01.npz
554,1770.01,457138169,FP,1.0924536,2459605.893177,1.2245785,874.580104,9.22437,6273.0,1.4487799,141.367951,50.908874,2020-03-12 15:35:30,2023-04-01 12:02:44,0,ok,True,2,11,train,572,21,success,0,0,18659,0.0,0.0,0.0,c:\Users\user\Documents\HSFlensburgMaster\Sommersemester2026\AdvancedDeepLearning\Projekt\Exoplanets\data\interim\spoc120_dataset_generation\samples\toi_1770_01.npz
555,1771.01,252479260,KP,3.2122302,2460362.105227,2.653,14429.0,9.007,5357.7,1.04,155.681459,50.128711,2020-03-12 15:35:30,2024-05-08 10:08:01,1,ok,True,3,6,train,573,21,success,0,0,18705,0.0,0.0,0.0,c:\Users\user\Documents\HSFlensburgMaster\Sommersemester2026\AdvancedDeepLearning\Projekt\Exoplanets\data\interim\spoc120_dataset_generation\samples\toi_1771_01.npz
556,1772.01,85293053,CP,8.0542207,2459628.849872,3.0287161,706.8165307,9.3523,5583.1,0.995254,156.837704,34.39095,2020-03-12 15:35:30,2025-04-20 12:03:53,1,ok,True,2,7,train,574,21,success,0,0,17325,0.0,0.0,0.0,c:\Users\user\Documents\HSFlensburgMaster\Sommersemester2026\AdvancedDeepLearning\Projekt\Exoplanets\data\interim\spoc120_dataset_generation\samples\toi_1772_01.npz
557,1773.01,332064670,KP,0.7365463,2458870.692828,1.5732208,384.6733121,5.2058,5250.0,0.963515,133.146837,28.329815,2020-03-12 15:35:30,2024-11-26 16:02:02,1,ok,True,4,5,train,575,21,success,0,0,17347,0.0,0.0,0.0,c:\Users\user\Documents\HSFlensburgMaster\Sommersemester2026\AdvancedDeepLearning\Projekt\Exoplanets\data\interim\spoc120_dataset_generation\samples\toi_1773_01.npz
558,1774.01,4897275,CP,16.7100422,2458872.341155,5.4004652,615.2873631,7.6474,5853.7,1.09271,148.161931,35.111008,2020-03-12 15:35:29,2025-11-12 12:04:51,1,ok,True,2,12,train,576,21,success,34,0,17308,16.91542288557214,0.0,16.91542288557214,c:\Users\user\Documents\HSFlensburgMaster\Sommersemester2026\AdvancedDeepLearning\Projekt\Exoplanets\data\interim\spoc120_dataset_generation\samples\toi_1774_01.npz
559,1775.01,9348006,CP,10.2405483,2459635.364326,3.538,9950.0,10.9184,5251.0,0.84,150.115101,39.457751,2020-03-12 15:35:29,2025-04-20 12:03:53,1,ok,True,2,10,train,577,21,success,0,0,17325,0.0,0.0,0.0,c:\Users\user\Documents\HSFlensburgMaster\Sommersemester2026\AdvancedDeepLearning\Projekt\Exoplanets\data\interim\spoc120_dataset_generation\samples\toi_1775_01.npz
560,1776.01,21535395,CP,2.8009915,2458871.488566,1.4985399,204.8553325,7.6586,5723.87,0.945408,164.777291,40.983718,2020-03-12 15:35:29,2021-10-29 12:59:15,1,ok,True,2,9,train,578,21,success,0,0,18708,0.0,0.0,0.0,c:\Users\user\Documents\HSFlensburgMaster\Sommersemester2026\AdvancedDeepLearning\Projekt\Exoplanets\data\interim\spoc120_dataset_generation\samples\toi_1776_01.npz
561,1777.01,29191624,CP,14.6503935,2459635.116524,2.08,330.0,8.737001,5859.45,0.98,151.807032,46.114881,2020-03-12 15:35:30,2025-04-20 12:03:53,1,ok,True,2,1,train,579,21,success,13,0,18706,6.467661691542288,0.0,6.467661691542288,c:\Users\user\Documents\HSFlensburgMaster\Sommersemester2026\AdvancedDeepLearning\Projekt\Exoplanets\data\interim\spoc120_dataset_generation\samples\toi_1777_01.npz
562,1778.01,39699648,CP,6.5273884,2458875.997532,3.1190657,415.430891,8.4594,6023.0,1.32944,136.777644,46.672425,2020-03-12 15:35:30,2025-07-10 10:08:01,1,ok,True,2,9,train,580,21,success,0,0,17329,0.0,0.0,0.0,c:\Users\user\Documents\HSFlensburgMaster\Sommersemester2026\AdvancedDeepLearning\Projekt\Exoplanets\data\interim\spoc120_dataset_generation\samples\toi_1778_01.npz
563,1779.01,67646988,KP,1.8817191,2459633.119867,1.236,99270.0,12.4368,3138.0,0.31,147.768528,35.968556,2020-03-12 15:35:30,2022-06-30 10:10:02,1,ok,True,2,0,train,581,21,success,0,0,17319,0.0,0.0,0.0,c:\Users\user\Documents\HSFlensburgMaster\Sommersemester2026\AdvancedDeepLearning\Projekt\Exoplanets\data\interim\spoc120_dataset_generation\samples\toi_1779_01.npz
564,178.01,251848941,CP,6.5578513,2460196.437088,2.08,1596.0,10.42,4111.0,0.66,7.302011,-30.454116,2018-11-03 00:53:39,2026-03-31 12:08:36,1,ok,True,3,9,train,582,2,success,0,0,18299,0.0,0.0,0.0,c:\Users\user\Documents\HSFlensburgMaster\Sommersemester2026\AdvancedDeepLearning\Projekt\Exoplanets\data\interim\spoc120_dataset_generation\samples\toi_178_01.npz
565,178.02,251848941,CP,20.708504,2458354.55219,2.236524,1657.067907,10.42,4111.0,0.701202,7.302011,-30.454116,2018-11-03 00:53:39,2026-03-31 12:08:36,1,ok,True,3,9,train,583,2,success,13,0,18299,6.467661691542288,0.0,6.467661691542288,c:\Users\user\Documents\HSFlensburgMaster\Sommersemester2026\AdvancedDeepLearning\Projekt\Exoplanets\data\interim\spoc120_dataset_generation\samples\toi_178_02.npz
566,178.03,251848941,CP,9.9616347,2458362.954199,2.4648052,1084.4327062,10.42,4111.0,0.660806,7.302011,-30.454116,2018-11-03 00:53:39,2024-10-03 10:08:02,1,ok,True,3,9,train,584,2,success,0,0,18299,0.0,0.0,0.0,c:\Users\user\Documents\HSFlensburgMaster\Sommersemester2026\AdvancedDeepLearning\Projekt\Exoplanets\data\interim\spoc120_dataset_generation\samples\toi_178_03.npz
567,178.04,251848941,KP,3.2384253,2458356.107512,1.9941055,532.7580623,10.42,4111.0,0.660806,7.302011,-30.454116,2021-11-18 23:34:22,2021-11-21 12:01:55,1,ok,True,3,9,train,585,2,success,0,0,18299,0.0,0.0,0.0,c:\Users\user\Documents\HSFlensburgMaster\Sommersemester2026\AdvancedDeepLearning\Projekt\Exoplanets\data\interim\spoc120_dataset_generation\samples\toi_178_04.npz
568,178.05,251848941,KP,15.2321843,2458364.914977,2.5318138,1228.5332287,10.42,4111.0,0.660806,7.302011,-30.454116,2025-06-05 20:44:24,2025-09-03 16:00:01,1,ok,True,3,9,train,586,2,success,18,0,18299,8.955223880597014,0.0,8.955223880597014,c:\Users\user\Documents\HSFlensburgMaster\Sommersemester2026\AdvancedDeepLearning\Projekt\Exoplanets\data\interim\spoc120_dataset_generation\samples\toi_178_05.npz
569,1780.01,99834717,KP,1.7063264,2459632.745042,1.359,10980.0,12.212,4974.0,0.9,165.167198,64.963845,2020-03-12 15:35:30,2022-06-30 10:10:02,1,ok,True,6,2,train,587,21,success,0,0,17339,0.0,0.0,0.0,c:\Users\user\Documents\HSFlensburgMaster\Sommersemester2026\AdvancedDeepLearning\Projekt\Exoplanets\data\interim\spoc120_dataset_generation\samples\toi_1780_01.npz
570,1781.01,137881699,KP,2.9720774,2459633.496924,4.41,6440.0,12.5119,6101.12,1.95,150.572626,53.950824,2020-03-12 15:35:30,2022-06-30 10:10:02,1,ok,True,3,15,validation,588,21,success,0,0,18608,0.0,0.0,0.0,c:\Users\user\Documents\HSFlensburgMaster\Sommersemester2026\AdvancedDeepLearning\Projekt\Exoplanets\data\interim\spoc120_dataset_generation\samples\toi_1781_01.npz
571,1782.01,160045097,CP,4.9877056,2459635.737444,2.2769107,1192.3398198,11.3069,4336.0,0.668693,213.078772,74.411791,2020-03-12 15:35:30,2025-04-20 12:03:53,1,ok,True,11,17,test,589,14,success,0,0,18423,0.0,0.0,0.0,c:\Users\user\Documents\HSFlensburgMaster\Sommersemester2026\AdvancedDeepLearning\Projekt\Exoplanets\data\interim\spoc120_dataset_generation\samples\toi_1782_01.npz
572,1836.01,207468071,CP,20.3807824,2458933.167227,6.6590149,2371.5221505,9.29416,6351.0,1.61988,245.907924,54.690077,2020-05-07 18:04:46,2025-07-21 16:00:02,1,ok,True,13,9,train,590,23,success,32,0,15074,15.92039800995025,0.0,15.92039800995025,c:\Users\user\Documents\HSFlensburgMaster\Sommersemester2026\AdvancedDeepLearning\Projekt\Exoplanets\data\interim\spoc120_dataset_generation\samples\toi_1836_01.npz
573,1836.02,207468071,FP,1.7727505,2460477.136269,1.519,243.0,9.29416,6351.0,1.62,245.907924,54.690077,2022-07-28 21:43:09,2025-04-30 12:03:16,0,ok,True,13,9,train,591,23,success,0,0,15074,0.0,0.0,0.0,c:\Users\user\Documents\HSFlensburgMaster\Sommersemester2026\AdvancedDeepLearning\Projekt\Exoplanets\data\interim\spoc120_dataset_generation\samples\toi_1836_02.npz
574,1837.01,144441148,FP,5.8182239,2458931.250769,1.1943658,1069.5709916,8.70842,5961.28,1.99038,207.905911,33.49239,2020-05-07 18:04:46,2026-07-24 12:04:08,0,ok,True,2,15,validation,592,23,success,0,0,13420,0.0,0.0,0.0,c:\Users\user\Documents\HSFlensburgMaster\Sommersemester2026\AdvancedDeepLearning\Projekt\Exoplanets\data\interim\spoc120_dataset_generation\samples\toi_1837_01.npz
575,1838.01,162689341,KP,2.1747062,2459717.232201,2.846111,11173.1929564,12.423,6046.76,1.2561899,246.69204,51.041133,2020-05-07 18:04:46,2023-03-15 16:02:02,1,ok,True,8,8,train,593,23,success,0,0,15061,0.0,0.0,0.0,c:\Users\user\Documents\HSFlensburgMaster\Sommersemester2026\AdvancedDeepLearning\Projekt\Exoplanets\data\interim\spoc120_dataset_generation\samples\toi_1838_01.npz
576,184.01,300871545,FP,4.8170684,2460186.764732,3.1822663,23137.3629965,10.0433,6380.0,1.44956,117.657401,-70.533461,2018-10-19 23:49:46,2023-11-03 10:08:02,0,ok,True,29,7,train,594,1,success,0,0,18278,0.0,0.0,0.0,c:\Users\user\Documents\HSFlensburgMaster\Sommersemester2026\AdvancedDeepLearning\Projekt\Exoplanets\data\interim\spoc120_dataset_generation\samples\toi_184_01.npz
577,1840.01,165987272,KP,7.8456075,2459658.642419,5.892,7020.0,9.8469,6266.0,1.65,195.981836,30.640145,2020-05-07 18:04:46,2022-05-20 10:10:02,1,ok,True,2,10,train,595,23,success,0,0,13283,0.0,0.0,0.0,c:\Users\user\Documents\HSFlensburgMaster\Sommersemester2026\AdvancedDeepLearning\Projekt\Exoplanets\data\interim\spoc120_dataset_generation\samples\toi_1840_01.npz
578,1841.01,168699373,KP,4.3011975,2459688.443452,2.982,22050.0,12.4474,5115.16,1.03,213.14386,47.014783,2020-05-07 18:04:46,2022-09-08 10:10:02,1,ok,True,5,8,train,596,23,success,0,0,15231,0.0,0.0,0.0,c:\Users\user\Documents\HSFlensburgMaster\Sommersemester2026\AdvancedDeepLearning\Projekt\Exoplanets\data\interim\spoc120_dataset_generation\samples\toi_1841_01.npz
579,1842.01,404505029,CP,9.5739531,2459680.103432,4.172,3170.0,9.26733,6115.0,2.05,201.962655,9.030644,2020-05-07 18:04:46,2022-06-01 12:04:12,1,ok,True,2,9,train,597,23,success,0,0,13370,0.0,0.0,0.0,c:\Users\user\Documents\HSFlensburgMaster\Sommersemester2026\AdvancedDeepLearning\Projekt\Exoplanets\data\interim\spoc120_dataset_generation\samples\toi_1842_01.npz
580,1843.01,258871793,FP,9.1469122,2458931.120722,4.618497,8770.0961182,12.6445,5954.0,1.2752,287.894787,66.328065,2020-05-07 18:04:46,2021-10-29 12:59:15,0,ok,True,27,4,train,598,23,success,0,0,13109,0.0,0.0,0.0,c:\Users\user\Documents\HSFlensburgMaster\Sommersemester2026\AdvancedDeepLearning\Projekt\Exoplanets\data\interim\spoc120_dataset_generation\samples\toi_1843_01.npz
581,1844.01,198108326,KP,3.2130578,2459685.398095,2.169,22530.0,11.7551,4652.87,0.7,209.388645,43.49331,2020-05-07 18:04:46,2022-09-08 10:10:02,1,ok,True,5,8,train,599,23,success,0,0,12425,0.0,0.0,0.0,c:\Users\user\Documents\HSFlensburgMaster\Sommersemester2026\AdvancedDeepLearning\Projekt\Exoplanets\data\interim\spoc120_dataset_generation\samples\toi_1844_01.npz
582,1846.01,198385543,CP,3.9306746,2459884.349803,1.4305142,1637.1984269,11.8467,3512.0,0.411452,257.954965,54.527848,2020-05-07 18:04:46,2025-07-22 12:04:25,1,ok,True,29,9,train,600,17,success,0,0,13504,0.0,0.0,0.0,c:\Users\user\Documents\HSFlensburgMaster\Sommersemester2026\AdvancedDeepLearning\Projekt\Exoplanets\data\interim\spoc120_dataset_generation\samples\toi_1846_01.npz
583,1848.01,219824469,FP,5.4809161,2459661.07431,5.031,2770.0,10.5038,5923.0,1.62,204.440006,48.250123,2020-05-08 16:49:52,2024-03-26 12:03:01,0,ok,True,2,13,train,602,49,success,0,0,13275,0.0,0.0,0.0,c:\Users\user\Documents\HSFlensburgMaster\Sommersemester2026\AdvancedDeepLearning\Projekt\Exoplanets\data\interim\spoc120_dataset_generation\samples\toi_1848_01.npz
584,1797.01,368435330,CP,3.6451549,2459631.901476,2.055,780.0,8.6259,5922.0,1.05,162.776697,25.641065,2020-04-15 12:38:54,2022-07-12 16:02:02,1,ok,True,2,16,validation,603,22,success,0,0,15986,0.0,0.0,0.0,c:\Users\user\Documents\HSFlensburgMaster\Sommersemester2026\AdvancedDeepLearning\Projekt\Exoplanets\data\interim\spoc120_dataset_generation\samples\toi_1797_01.npz
585,1797.02,368435330,CP,1.0376109,2459635.926283,1.588,210.0,8.6259,5922.0,1.05,162.776697,25.641065,2022-03-24 21:38:37,2022-07-29 12:02:47,1,ok,True,2,16,validation,604,22,success,0,0,15986,0.0,0.0,0.0,c:\Users\user\Documents\HSFlensburgMaster\Sommersemester2026\AdvancedDeepLearning\Projekt\Exoplanets\data\interim\spoc120_dataset_generation\samples\toi_1797_02.npz
586,1798.01,198153540,CP,8.0214735,2458741.600395,3.2087652,882.3089291,10.5191,5165.2,0.784618,211.093937,46.519283,2020-04-15 12:38:54,2025-08-01 10:05:58,1,ok,True,7,1,train,605,16,success,0,0,14163,0.0,0.0,0.0,c:\Users\user\Documents\HSFlensburgMaster\Sommersemester2026\AdvancedDeepLearning\Projekt\Exoplanets\data\interim\spoc120_dataset_generation\samples\toi_1798_01.npz
587,1798.02,198153540,CP,0.4378083,2458739.074846,1.1404291,290.8856184,10.5191,5165.2,0.784618,211.093937,46.519283,2020-07-16 04:56:45,2025-08-01 10:05:58,1,ok,True,7,1,train,606,16,success,0,0,14163,0.0,0.0,0.0,c:\Users\user\Documents\HSFlensburgMaster\Sommersemester2026\AdvancedDeepLearning\Projekt\Exoplanets\data\interim\spoc120_dataset_generation\samples\toi_1798_02.npz
588,1799.01,8967242,CP,7.093853,2458904.815773,2.5107626,284.2381135,8.3662,5690.0,0.956941,167.232915,34.303015,2020-04-15 12:38:54,2021-10-29 12:59:15,1,ok,True,2,1,train,607,22,success,0,0,15934,0.0,0.0,0.0,c:\Users\user\Documents\HSFlensburgMaster\Sommersemester2026\AdvancedDeepLearning\Projekt\Exoplanets\data\interim\spoc120_dataset_generation\samples\toi_1799_01.npz
589,1800.01,17993892,KP,4.1244833,2459632.338336,3.567,9590.0,11.1065,5634.0,1.26,171.274935,41.028021,2020-04-15 12:38:54,2022-07-07 16:02:02,1,ok,True,2,14,validation,608,22,success,0,0,16532,0.0,0.0,0.0,c:\Users\user\Documents\HSFlensburgMaster\Sommersemester2026\AdvancedDeepLearning\Projekt\Exoplanets\data\interim\spoc120_dataset_generation\samples\toi_1800_01.npz
590,1801.01,119584412,CP,10.6439385,2459648.619735,2.713,1240.0,9.85623,3815.0,0.55,175.575599,23.027033,2020-04-15 12:38:54,2023-12-03 12:03:15,1,ok,True,2,14,validation,609,22,success,0,0,16101,0.0,0.0,0.0,c:\Users\user\Documents\HSFlensburgMaster\Sommersemester2026\AdvancedDeepLearning\Projekt\Exoplanets\data\interim\spoc120_dataset_generation\samples\toi_1801_01.npz
591,1806.01,166648874,CP,15.1512051,2458909.543414,2.3438166,4955.304292,12.6196,3272.0,0.401575,166.118147,30.458576,2020-04-15 12:38:54,2025-04-20 12:03:53,1,ok,True,2,2,train,610,22,success,46,0,15387,22.885572139303484,0.0,22.885572139303484,c:\Users\user\Documents\HSFlensburgMaster\Sommersemester2026\AdvancedDeepLearning\Projekt\Exoplanets\data\interim\spoc120_dataset_generation\samples\toi_1806_01.npz
592,1807.01,180695581,CP,0.54937,2459664.070547,0.883,370.0,9.0363,4612.99,0.74,201.282626,38.922367,2020-04-15 12:38:54,2022-07-19 15:34:37,1,ok,True,4,8,train,611,22,success,0,0,16794,0.0,0.0,0.0,c:\Users\user\Documents\HSFlensburgMaster\Sommersemester2026\AdvancedDeepLearning\Projekt\Exoplanets\data\interim\spoc120_dataset_generation\samples\toi_1807_01.npz
593,1808.01,307734817,FP,2.1075001,2458900.910995,1.9093483,4256.1743008,11.6735,6351.66,1.59204,171.59704,28.056535,2020-04-15 12:38:54,2023-04-06 16:02:02,0,ok,True,2,12,train,612,22,success,0,0,15924,0.0,0.0,0.0,c:\Users\user\Documents\HSFlensburgMaster\Sommersemester2026\AdvancedDeepLearning\Projekt\Exoplanets\data\interim\spoc120_dataset_generation\samples\toi_1808_01.npz
594,1809.01,347329162,KP,4.6170519,2459659.915254,3.555,12210.0,11.5384,5797.0,1.11,183.36604,23.055687,2020-04-15 12:38:54,2022-07-14 10:10:02,1,ok,True,2,7,train,613,22,success,0,0,16000,0.0,0.0,0.0,c:\Users\user\Documents\HSFlensburgMaster\Sommersemester2026\AdvancedDeepLearning\Projekt\Exoplanets\data\interim\spoc120_dataset_generation\samples\toi_1809_01.npz
595,181.01,76923707,CP,4.5320502,2458358.118263,2.4927338,7809.0577339,10.4654,4983.0,0.805573,352.172541,-34.49141,2018-11-03 00:36:48,2026-01-12 16:00:02,1,ok,True,4,4,train,614,2,success,0,0,18300,0.0,0.0,0.0,c:\Users\user\Documents\HSFlensburgMaster\Sommersemester2026\AdvancedDeepLearning\Projekt\Exoplanets\data\interim\spoc120_dataset_generation\samples\toi_181_01.npz
596,1810.01,373693175,KP,1.3273482,2459662.70189,2.083,18850.0,11.6281,5555.05,1.07,188.266205,44.915367,2020-04-15 12:38:54,2022-07-14 10:10:02,1,ok,True,3,3,train,615,22,success,0,0,16616,0.0,0.0,0.0,c:\Users\user\Documents\HSFlensburgMaster\Sommersemester2026\AdvancedDeepLearning\Projekt\Exoplanets\data\interim\spoc120_dataset_generation\samples\toi_1810_01.npz
597,1811.01,376524552,CP,3.7130701,2459661.050292,1.654,19610.0,11.1237,4719.0,0.81,188.922358,27.214377,2020-04-15 12:38:54,2022-07-14 10:10:02,1,ok,True,2,13,train,616,22,success,0,0,16050,0.0,0.0,0.0,c:\Users\user\Documents\HSFlensburgMaster\Sommersemester2026\AdvancedDeepLearning\Projekt\Exoplanets\data\interim\spoc120_dataset_generation\samples\toi_1811_01.npz
598,1813.01,377290815,FP,0.798,2458684.12719,0.679,190.0,9.91892,6194.2,1.84,286.592985,56.629312,2020-04-17 11:50:40,2021-10-29 12:59:15,0,ok,True,6,11,train,617,40,success,0,0,19611,0.0,0.0,0.0,c:\Users\user\Documents\HSFlensburgMaster\Sommersemester2026\AdvancedDeepLearning\Projekt\Exoplanets\data\interim\spoc120_dataset_generation\samples\toi_1813_01.npz
599,1815.01,233720539,FP,2.555332,2460559.904763,5.14,6550.0,10.8946,6454.0,2.48,276.379287,63.488103,2020-04-17 11:50:40,2024-11-21 16:02:02,0,ok,True,27,8,train,618,40,success,0,0,19611,0.0,0.0,0.0,c:\Users\user\Documents\HSFlensburgMaster\Sommersemester2026\AdvancedDeepLearning\Projekt\Exoplanets\data\interim\spoc120_dataset_generation\samples\toi_1815_01.npz
600,1816.01,237108272,FA,22.7873,2458688.28857,5.334,410.0,9.303001,5845.0,1.16,257.139454,78.587055,2020-04-17 11:50:40,2021-10-29 12:59:15,0,ok,True,22,7,train,619,14,success,8,0,18422,3.9800995024875623,0.0,3.9800995024875623,c:\Users\user\Documents\HSFlensburgMaster\Sommersemester2026\AdvancedDeepLearning\Projekt\Exoplanets\data\interim\spoc120_dataset_generation\samples\toi_1816_01.npz
601,1819.01,341815767,FA,3.09374,2458685.5559,2.451,150.0,8.98018,6610.0,1.47,267.520221,54.636127,2020-04-17 11:50:39,2022-06-02 12:03:17,0,ok,True,30,19,test,620,14,success,0,0,14288,0.0,0.0,0.0,c:\Users\user\Documents\HSFlensburgMaster\Sommersemester2026\AdvancedDeepLearning\Projekt\Exoplanets\data\interim\spoc120_dataset_generation\samples\toi_1819_01.npz
602,1820.01,393831507,CP,4.860673,2459661.328325,2.632,6140.0,10.5268,5778.2,1.4,187.686721,27.452002,2020-04-17 11:50:40,2023-03-03 12:03:04,1,ok,True,1,18,test,621,49,success,0,0,13493,0.0,0.0,0.0,c:\Users\user\Documents\HSFlensburgMaster\Sommersemester2026\AdvancedDeepLearning\Projekt\Exoplanets\data\interim\spoc120_dataset_generation\samples\toi_1820_01.npz
603,1821.01,82308728,KP,9.4893231,2459664.085255,2.757,940.0,6.9859,5120.0,0.77,168.637658,25.710596,2020-04-17 11:50:39,2022-08-16 10:10:01,1,ok,True,2,13,train,622,22,success,0,0,15939,0.0,0.0,0.0,c:\Users\user\Documents\HSFlensburgMaster\Sommersemester2026\AdvancedDeepLearning\Projekt\Exoplanets\data\interim\spoc120_dataset_generation\samples\toi_1821_01.npz
604,1824.01,142387023,CP,22.8085719,2460362.103539,3.847,977.0,8.9754,5182.0,0.82,197.731229,61.744849,2020-04-17 11:50:40,2025-04-20 12:03:53,1,ok,True,7,18,test,624,21,success,7,0,18753,3.482587064676617,0.0,3.482587064676617,c:\Users\user\Documents\HSFlensburgMaster\Sommersemester2026\AdvancedDeepLearning\Projekt\Exoplanets\data\interim\spoc120_dataset_generation\samples\toi_1824_01.npz
605,1826.01,229400092,CP,4.1419805,2459761.726499,2.3809654,10130.9411804,11.2086,5418.3,1.15614,292.458821,62.529189,2020-05-07 18:04:46,2023-06-13 16:02:07,1,ok,True,30,8,train,625,23,success,0,0,14427,0.0,0.0,0.0,c:\Users\user\Documents\HSFlensburgMaster\Sommersemester2026\AdvancedDeepLearning\Projekt\Exoplanets\data\interim\spoc120_dataset_generation\samples\toi_1826_01.npz
606,1827.01,390651552,CP,1.467119,2459691.149337,1.0069313,1550.632368,8.8223,3297.0,0.331472,191.981531,9.749418,2020-05-07 18:04:46,2022-11-09 16:02:01,1,ok,True,2,15,validation,626,23,success,0,0,13153,0.0,0.0,0.0,c:\Users\user\Documents\HSFlensburgMaster\Sommersemester2026\AdvancedDeepLearning\Projekt\Exoplanets\data\interim\spoc120_dataset_generation\samples\toi_1827_01.npz
607,1828.01,232982938,CP,9.0941239,2459918.438376,4.389,2570.0,11.1315,5759.8,1.56,241.562248,69.621802,2020-05-07 18:04:46,2024-02-13 12:03:01,1,ok,True,34,11,train,627,23,success,0,0,14698,0.0,0.0,0.0,c:\Users\user\Documents\HSFlensburgMaster\Sommersemester2026\AdvancedDeepLearning\Projekt\Exoplanets\data\interim\spoc120_dataset_generation\samples\toi_1828_01.npz
608,183.01,183979262,FP,3.4307565,2459063.727306,3.1443388,9664.2985634,8.3291,6270.0,2.72192,21.650295,-72.748874,2018-11-03 00:53:39,2021-12-06 10:10:01,0,ok,True,6,2,train,628,1,success,0,0,18271,0.0,0.0,0.0,c:\Users\user\Documents\HSFlensburgMaster\Sommersemester2026\AdvancedDeepLearning\Projekt\Exoplanets\data\interim\spoc120_dataset_generation\samples\toi_183_01.npz
609,1830.01,20182165,FP,9.7815625,2459680.305818,3.736,20040.0,7.0166,6327.16,1.21,226.181249,38.605375,2020-05-07 18:04:46,2022-05-31 16:02:01,0,ok,True,5,3,train,629,23,success,0,0,13427,0.0,0.0,0.0,c:\Users\user\Documents\HSFlensburgMaster\Sommersemester2026\AdvancedDeepLearning\Projekt\Exoplanets\data\interim\spoc120_dataset_generation\samples\toi_1830_01.npz
610,1833.01,61098812,KP,3.6935997,2459684.730994,4.466185,8580.4318905,9.87229,6097.47,1.78076,205.454246,-0.128171,2020-05-07 18:04:46,2022-12-12 16:02:01,1,ok,True,4,14,validation,630,23,success,0,0,13256,0.0,0.0,0.0,c:\Users\user\Documents\HSFlensburgMaster\Sommersemester2026\AdvancedDeepLearning\Projekt\Exoplanets\data\interim\spoc120_dataset_generation\samples\toi_1833_01.npz
611,2384.01,382602147,CP,2.1357026,2459062.34163,1.9116457,29272.618489,13.3147,3678.2,0.666652,36.156146,-65.000196,2020-11-06 18:59:46,2025-04-20 12:03:53,1,ok,True,6,1,train,631,28,success,0,0,15155,0.0,0.0,0.0,c:\Users\user\Documents\HSFlensburgMaster\Sommersemester2026\AdvancedDeepLearning\Projekt\Exoplanets\data\interim\spoc120_dataset_generation\samples\toi_2384_01.npz
612,2386.01,32487566,KP,2.7567395,2459090.383107,2.3808565,9248.4759918,10.5853,6034.0,1.28427,4.603042,-15.267404,2020-11-06 18:59:46,2021-10-29 12:59:15,1,ok,True,1,8,train,632,29,success,0,0,14561,0.0,0.0,0.0,c:\Users\user\Documents\HSFlensburgMaster\Sommersemester2026\AdvancedDeepLearning\Projekt\Exoplanets\data\interim\spoc120_dataset_generation\samples\toi_2386_01.npz
613,239.01,9725627,KP,4.1567834,2458356.962228,3.9413609,4830.1859522,10.9774,6362.5,1.38831,358.408479,-10.118118,2018-11-29 21:52:42,2024-11-27 10:08:01,1,ok,True,6,6,train,633,2,success,0,0,18300,0.0,0.0,0.0,c:\Users\user\Documents\HSFlensburgMaster\Sommersemester2026\AdvancedDeepLearning\Projekt\Exoplanets\data\interim\spoc120_dataset_generation\samples\toi_239_01.npz
614,262.01,70513361,CP,11.1452784,2459136.576258,1.3947705,566.2736451,8.1345,5302.58,0.848675,32.534687,-31.070627,2018-11-30 22:06:23,2021-12-01 16:02:01,1,ok,True,5,13,train,634,3,success,28,0,13028,13.930348258706468,0.0,13.930348258706468,c:\Users\user\Documents\HSFlensburgMaster\Sommersemester2026\AdvancedDeepLearning\Projekt\Exoplanets\data\interim\spoc120_dataset_generation\samples\toi_262_01.npz
615,263.01,120916706,CP,0.5568212,2460934.124059,0.9135251,42426.1114659,15.6198,3116.0,0.439738,37.108277,-25.097329,2018-11-30 22:06:24,2026-04-09 16:00:01,1,ok,True,4,9,train,635,3,success,0,0,12910,0.0,0.0,0.0,c:\Users\user\Documents\HSFlensburgMaster\Sommersemester2026\AdvancedDeepLearning\Projekt\Exoplanets\data\interim\spoc120_dataset_generation\samples\toi_263_01.npz
616,1939.01,325172035,FP,2.8970202,2459308.612847,4.1502336,3080.9239308,8.2376,8862.0,,177.494824,-63.949071,2020-06-17 17:40:43,2021-10-29 12:59:15,0,ok,True,2,19,test,636,37,success,0,0,17336,0.0,0.0,0.0,c:\Users\user\Documents\HSFlensburgMaster\Sommersemester2026\AdvancedDeepLearning\Projekt\Exoplanets\data\interim\spoc120_dataset_generation\samples\toi_1939_01.npz
617,194.01,211438925,KP,4.8996461,2460198.831716,3.07,10957.0,10.248,5940.0,1.5,5.160562,-23.935789,2018-11-03 00:53:39,2023-11-03 10:08:02,1,ok,True,3,14,validation,637,2,success,0,0,18299,0.0,0.0,0.0,c:\Users\user\Documents\HSFlensburgMaster\Sommersemester2026\AdvancedDeepLearning\Projekt\Exoplanets\data\interim\spoc120_dataset_generation\samples\toi_194_01.npz
618,1941.01,167009792,FP,1.133052,2460932.531044,1.3601919,104.3043949,8.5122,5883.8,2.1,95.102051,-66.400466,2020-06-17 17:40:43,2026-02-23 16:00:01,0,ok,True,28,12,train,638,1,success,0,0,18276,0.0,0.0,0.0,c:\Users\user\Documents\HSFlensburgMaster\Sommersemester2026\AdvancedDeepLearning\Projekt\Exoplanets\data\interim\spoc120_dataset_generation\samples\toi_1941_01.npz
619,1942.01,308919449,FP,1.6563738,2460012.02774,1.741,246.0,9.8146,5614.1,1.02,122.61813,-65.852379,2020-06-17 17:40:43,2023-03-22 10:10:11,0,ok,True,23,14,validation,639,1,success,0,0,18279,0.0,0.0,0.0,c:\Users\user\Documents\HSFlensburgMaster\Sommersemester2026\AdvancedDeepLearning\Projekt\Exoplanets\data\interim\spoc120_dataset_generation\samples\toi_1942_01.npz
620,1944.01,461080504,FP,6.0988471,2459285.44868,5.408818,8857.7284148,10.9572,7023.2,1.82219,159.580056,-61.289786,2020-06-17 17:40:43,2021-10-29 12:59:15,0,ok,True,2,9,train,640,36,success,0,0,16357,0.0,0.0,0.0,c:\Users\user\Documents\HSFlensburgMaster\Sommersemester2026\AdvancedDeepLearning\Projekt\Exoplanets\data\interim\spoc120_dataset_generation\samples\toi_1944_01.npz
621,1945.01,357536526,FP,1.57363,2458545.66094,2.558,710.0,10.6707,5342.5,1.66,137.66287,-64.471528,2020-06-17 17:40:43,2021-10-29 12:59:15,0,ok,True,3,7,train,641,36,success,0,0,15652,0.0,0.0,0.0,c:\Users\user\Documents\HSFlensburgMaster\Sommersemester2026\AdvancedDeepLearning\Projekt\Exoplanets\data\interim\spoc120_dataset_generation\samples\toi_1945_01.npz
622,1946.01,127315102,FP,10.8458712,2459338.849888,3.379,3120.0,8.4672,6670.3,2.56,217.279625,-43.361979,2020-06-17 17:40:43,2021-10-29 12:59:15,0,ok,True,2,18,test,642,11,success,0,0,14205,0.0,0.0,0.0,c:\Users\user\Documents\HSFlensburgMaster\Sommersemester2026\AdvancedDeepLearning\Projekt\Exoplanets\data\interim\spoc120_dataset_generation\samples\toi_1946_01.npz
623,1947.01,460140752,FP,12.0077462,2460066.821944,2.818,2921.0,8.9301,4990.7,,156.738469,-60.665225,2020-06-17 17:40:43,2023-05-31 10:10:01,0,ok,True,2,7,train,643,36,success,0,0,16355,0.0,0.0,0.0,c:\Users\user\Documents\HSFlensburgMaster\Sommersemester2026\AdvancedDeepLearning\Projekt\Exoplanets\data\interim\spoc120_dataset_generation\samples\toi_1947_01.npz
624,1948.01,31268146,FP,3.6473383,2460013.457382,4.4572847,162.7642577,10.1302,5928.0,1.47579,88.071315,-70.920308,2020-06-17 17:40:43,2024-02-06 16:04:15,0,ok,True,36,11,train,644,4,success,0,0,14664,0.0,0.0,0.0,c:\Users\user\Documents\HSFlensburgMaster\Sommersemester2026\AdvancedDeepLearning\Projekt\Exoplanets\data\interim\spoc120_dataset_generation\samples\toi_1948_01.npz
625,195.01,230982885,KP,2.0727598,2458355.490424,2.619,14761.0,9.9696,5640.0,1.13,24.605139,-55.772001,2018-11-03 00:53:39,2023-11-03 10:08:02,1,ok,True,6,3,train,645,2,success,0,0,18298,0.0,0.0,0.0,c:\Users\user\Documents\HSFlensburgMaster\Sommersemester2026\AdvancedDeepLearning\Projekt\Exoplanets\data\interim\spoc120_dataset_generation\samples\toi_195_01.npz
626,1950.01,327663613,FP,1.41144,2458599.56984,2.509,414.379,8.4215,9208.0,,189.810101,-69.542013,2020-06-17 17:40:43,2021-12-07 16:02:02,0,ok,True,1,14,validation,646,38,success,0,0,18490,0.0,0.0,0.0,c:\Users\user\Documents\HSFlensburgMaster\Sommersemester2026\AdvancedDeepLearning\Projekt\Exoplanets\data\interim\spoc120_dataset_generation\samples\toi_1950_01.npz
627,1952.01,394509844,FP,6.89132,2458599.31398,5.369,5940.0,10.5,5488.0,1.41,154.996219,-79.802603,2020-06-17 17:40:43,2021-10-29 12:59:15,0,ok,True,2,9,train,647,38,success,0,0,18491,0.0,0.0,0.0,c:\Users\user\Documents\HSFlensburgMaster\Sommersemester2026\AdvancedDeepLearning\Projekt\Exoplanets\data\interim\spoc120_dataset_generation\samples\toi_1952_01.npz
628,1953.01,242536549,FP,0.6923563,2459359.132432,0.803,810.0,9.5187,6422.1,1.85,215.145569,-41.983318,2020-06-17 17:40:44,2021-10-29 12:59:15,0,ok,True,1,10,train,648,38,success,0,0,18236,0.0,0.0,0.0,c:\Users\user\Documents\HSFlensburgMaster\Sommersemester2026\AdvancedDeepLearning\Projekt\Exoplanets\data\interim\spoc120_dataset_generation\samples\toi_1953_01.npz
629,2164.01,49967354,FP,1.09333,2459010.86112,1.975,1250.0,10.879,5274.0,3.39,277.907741,13.897884,2020-08-10 17:26:49,2021-10-29 12:59:15,0,ok,True,2,3,train,649,40,success,0,0,19611,0.0,0.0,0.0,c:\Users\user\Documents\HSFlensburgMaster\Sommersemester2026\AdvancedDeepLearning\Projekt\Exoplanets\data\interim\spoc120_dataset_generation\samples\toi_2164_01.npz
630,2167.01,160162987,FP,23.0531698,2459441.746048,1.228,2940.0,10.7791,5752.0,1.19,242.364094,84.491119,2020-08-10 17:26:49,2024-09-18 10:08:02,0,ok,True,8,7,train,650,40,success,7,0,19608,3.482587064676617,0.0,3.482587064676617,c:\Users\user\Documents\HSFlensburgMaster\Sommersemester2026\AdvancedDeepLearning\Projekt\Exoplanets\data\interim\spoc120_dataset_generation\samples\toi_2167_01.npz
631,2168.01,364075352,FP,37.83633,2458772.93351,5.713,8240.0,10.9591,6641.0,1.26,306.223028,74.837343,2020-08-10 17:26:49,2024-09-18 10:08:02,0,ok,True,3,19,test,651,40,success,55,0,19611,27.363184079601986,0.0,27.363184079601986,c:\Users\user\Documents\HSFlensburgMaster\Sommersemester2026\AdvancedDeepLearning\Projekt\Exoplanets\data\interim\spoc120_dataset_generation\samples\toi_2168_01.npz
632,217.01,260043723,FP,3.1385856,2460982.315462,3.4594079,505.3163401,8.735,6278.0,1.55,91.608698,-58.953703,2018-10-22 18:35:20,2026-04-18 10:08:02,0,ok,True,34,10,train,652,1,success,0,0,18277,0.0,0.0,0.0,c:\Users\user\Documents\HSFlensburgMaster\Sommersemester2026\AdvancedDeepLearning\Projekt\Exoplanets\data\interim\spoc120_dataset_generation\samples\toi_217_01.npz
633,2171.01,75656058,FA,1.78166,2459011.83317,2.765,8160.0,10.8181,6528.0,1.49,270.898715,38.073512,2020-08-10 17:26:49,2021-10-29 12:59:15,0,ok,True,6,1,train,653,40,success,0,0,19611,0.0,0.0,0.0,c:\Users\user\Documents\HSFlensburgMaster\Sommersemester2026\AdvancedDeepLearning\Projekt\Exoplanets\data\interim\spoc120_dataset_generation\samples\toi_2171_01.npz
634,2172.01,76197937,FA,1.78252,2459011.82925,2.729,1920.0,10.8642,5085.0,3.7,273.702683,37.629995,2020-08-10 17:26:49,2024-06-20 12:02:45,0,ok,True,6,4,train,654,40,success,0,0,19610,0.0,0.0,0.0,c:\Users\user\Documents\HSFlensburgMaster\Sommersemester2026\AdvancedDeepLearning\Projekt\Exoplanets\data\interim\spoc120_dataset_generation\samples\toi_2172_01.npz
635,2173.01,293567206,FP,0.6856225,2460311.597247,0.751,723.0,10.4929,5829.0,1.06,145.799111,87.86853,2020-08-10 17:26:49,2024-02-05 10:08:02,0,ok,True,3,18,test,655,40,success,0,0,19611,0.0,0.0,0.0,c:\Users\user\Documents\HSFlensburgMaster\Sommersemester2026\AdvancedDeepLearning\Projekt\Exoplanets\data\interim\spoc120_dataset_generation\samples\toi_2173_01.npz
636,2175.01,405717754,KP,4.4379727,2459770.377734,4.7176624,16222.5125043,12.9614,5967.0,1.5696599,286.243446,50.040367,2020-08-10 18:29:44,2023-03-15 16:02:02,1,ok,True,9,7,train,656,40,success,0,0,19459,0.0,0.0,0.0,c:\Users\user\Documents\HSFlensburgMaster\Sommersemester2026\AdvancedDeepLearning\Projekt\Exoplanets\data\interim\spoc120_dataset_generation\samples\toi_2175_01.npz
637,2176.01,123495874,KP,7.8914271,2459776.680872,4.2653156,9822.0002486,12.9934,5883.0,1.27992,282.629633,46.323281,2020-08-10 18:29:44,2023-03-15 16:02:02,1,ok,True,10,2,train,657,40,success,0,0,19609,0.0,0.0,0.0,c:\Users\user\Documents\HSFlensburgMaster\Sommersemester2026\AdvancedDeepLearning\Projekt\Exoplanets\data\interim\spoc120_dataset_generation\samples\toi_2176_01.npz
638,2177.01,123233041,KP,3.5224751,2459445.304166,3.2804955,8602.325645,13.1448,6179.0,1.5817,281.288134,42.451098,2020-08-10 18:29:44,2023-03-15 16:02:02,1,ok,True,7,11,train,658,40,success,0,0,19610,0.0,0.0,0.0,c:\Users\user\Documents\HSFlensburgMaster\Sommersemester2026\AdvancedDeepLearning\Projekt\Exoplanets\data\interim\spoc120_dataset_generation\samples\toi_2177_01.npz
639,2178.01,164892194,KP,3.024111,2459392.686784,2.7209657,7558.6411086,13.4633,6041.0,1.36388,285.240829,46.668241,2020-08-10 18:29:44,2023-03-15 16:02:02,1,ok,True,9,3,train,659,40,success,0,0,19609,0.0,0.0,0.0,c:\Users\user\Documents\HSFlensburgMaster\Sommersemester2026\AdvancedDeepLearning\Projekt\Exoplanets\data\interim\spoc120_dataset_generation\samples\toi_2178_01.npz
640,2179.01,237913194,CP,15.1689723,2459062.422964,2.0633315,7818.5475582,11.4864,5713.0,1.12898,22.445812,-60.73991,2020-08-10 18:29:44,2021-12-09 10:10:02,1,ok,True,7,3,train,660,28,success,34,0,15211,16.91542288557214,0.0,16.91542288557214,c:\Users\user\Documents\HSFlensburgMaster\Sommersemester2026\AdvancedDeepLearning\Projekt\Exoplanets\data\interim\spoc120_dataset_generation\samples\toi_2179_01.npz
641,2400.01,260849386,FP,1.0339,2458568.22176,1.404,520.0,10.7961,6444.0,2.28,118.937216,-54.266268,2020-11-24 20:52:12,2021-10-29 12:59:15,0,ok,True,3,18,test,661,88,success,0,0,16357,0.0,0.0,0.0,c:\Users\user\Documents\HSFlensburgMaster\Sommersemester2026\AdvancedDeepLearning\Projekt\Exoplanets\data\interim\spoc120_dataset_generation\samples\toi_2400_01.npz
642,2403.01,293435336,KP,1.8098811,2460985.484461,3.7636624,13033.5612701,9.02706,6278.2,1.89121,26.632936,2.700389,2020-11-24 20:55:49,2026-03-04 16:00:01,1,ok,True,4,17,test,662,30,success,0,0,16085,0.0,0.0,0.0,c:\Users\user\Documents\HSFlensburgMaster\Sommersemester2026\AdvancedDeepLearning\Projekt\Exoplanets\data\interim\spoc120_dataset_generation\samples\toi_2403_01.npz
643,2406.01,212957629,CP,3.0766835,2459115.976073,1.2491751,18848.5607395,14.3109,3163.0,0.1966,8.806054,-3.372083,2020-11-24 20:55:50,2024-11-15 16:02:02,1,ok,True,4,4,train,665,30,success,0,0,16016,0.0,0.0,0.0,c:\Users\user\Documents\HSFlensburgMaster\Sommersemester2026\AdvancedDeepLearning\Projekt\Exoplanets\data\interim\spoc120_dataset_generation\samples\toi_2406_01.npz
644,2407.01,153078576,CP,2.7029187,2459116.620626,1.6998642,5132.6782834,12.5264,3596.0,0.524573,49.746545,-46.458025,2020-11-24 20:55:50,2025-07-22 12:04:25,1,ok,True,3,7,train,666,30,success,0,0,16814,0.0,0.0,0.0,c:\Users\user\Documents\HSFlensburgMaster\Sommersemester2026\AdvancedDeepLearning\Projekt\Exoplanets\data\interim\spoc120_dataset_generation\samples\toi_2407_01.npz
645,264.01,122612091,KP,2.2167436,2460988.072434,3.8789472,4239.7484463,10.4614,6250.0,2.66,41.040078,-30.169078,2019-06-06 20:53:59,2026-04-17 10:08:01,1,ok,True,6,2,train,667,3,success,0,0,12894,0.0,0.0,0.0,c:\Users\user\Documents\HSFlensburgMaster\Sommersemester2026\AdvancedDeepLearning\Projekt\Exoplanets\data\interim\spoc120_dataset_generation\samples\toi_264_01.npz
646,2641.01,162802770,CP,4.880964,2459283.404103,1.6120362,3385.5526856,11.1897,6309.0,1.27132,171.130372,-42.732139,2021-04-29 22:53:08,2024-02-15 10:08:02,1,ok,True,6,18,test,668,36,success,0,0,15457,0.0,0.0,0.0,c:\Users\user\Documents\HSFlensburgMaster\Sommersemester2026\AdvancedDeepLearning\Projekt\Exoplanets\data\interim\spoc120_dataset_generation\samples\toi_2641_01.npz
647,2642.01,448589187,KP,3.0652926,2459304.823271,2.606,11240.0,12.3077,6229.0,1.22,166.3188,-34.122745,2021-04-29 22:53:08,2021-11-09 16:02:01,1,ok,True,5,11,train,669,36,success,0,0,15482,0.0,0.0,0.0,c:\Users\user\Documents\HSFlensburgMaster\Sommersemester2026\AdvancedDeepLearning\Projekt\Exoplanets\data\interim\spoc120_dataset_generation\samples\toi_2642_01.npz
648,2643.01,152852327,KP,9.1720535,2459562.250418,7.169,580.0,11.0295,4933.0,3.79,182.166267,-8.747217,2021-04-29 22:53:08,2025-08-29 16:00:02,1,ok,True,3,14,validation,670,36,success,0,0,15524,0.0,0.0,0.0,c:\Users\user\Documents\HSFlensburgMaster\Sommersemester2026\AdvancedDeepLearning\Projekt\Exoplanets\data\interim\spoc120_dataset_generation\samples\toi_2643_01.npz
649,1956.01,334911765,FP,0.88958,2458600.59694,1.844,1240.0,10.4877,5586.2,1.11,213.978422,-62.906643,2020-06-17 17:40:44,2021-10-29 12:59:15,0,ok,True,1,12,train,672,38,success,0,0,18494,0.0,0.0,0.0,c:\Users\user\Documents\HSFlensburgMaster\Sommersemester2026\AdvancedDeepLearning\Projekt\Exoplanets\data\interim\spoc120_dataset_generation\samples\toi_1956_01.npz
650,1957.01,302659412,FP,14.5187891,2460083.974882,2.897,429.0,9.4845,5844.8,1.79,134.966386,-67.955597,2020-06-17 17:40:44,2024-01-23 16:02:02,0,ok,True,5,10,train,673,36,success,26,0,15919,12.935323383084576,0.0,12.935323383084576,c:\Users\user\Documents\HSFlensburgMaster\Sommersemester2026\AdvancedDeepLearning\Projekt\Exoplanets\data\interim\spoc120_dataset_generation\samples\toi_1957_01.npz
651,1959.01,400323948,FP,3.2242808,2459336.010178,4.3100077,868.6214414,11.0897,4866.2,2.62415,166.085979,-67.991833,2020-06-17 17:40:44,2021-10-29 12:59:15,0,ok,True,2,19,test,674,37,success,0,0,16559,0.0,0.0,0.0,c:\Users\user\Documents\HSFlensburgMaster\Sommersemester2026\AdvancedDeepLearning\Projekt\Exoplanets\data\interim\spoc120_dataset_generation\samples\toi_1959_01.npz
652,1962.01,141663464,FP,1.76447,2458601.34368,2.749,2640.0,7.185,8049.0,5.08,228.629109,-43.387085,2020-06-17 17:40:44,2021-10-29 12:59:15,0,ok,True,1,16,validation,675,38,success,0,0,18225,0.0,0.0,0.0,c:\Users\user\Documents\HSFlensburgMaster\Sommersemester2026\AdvancedDeepLearning\Projekt\Exoplanets\data\interim\spoc120_dataset_generation\samples\toi_1962_01.npz
653,1963.01,190271688,FP,12.6534664,2459341.024374,4.0982077,27095.439949,10.163,5394.6,1.18915,221.343502,-54.761146,2020-06-17 17:40:44,2025-09-04 16:00:02,0,ok,True,4,13,train,676,38,success,0,0,18494,0.0,0.0,0.0,c:\Users\user\Documents\HSFlensburgMaster\Sommersemester2026\AdvancedDeepLearning\Projekt\Exoplanets\data\interim\spoc120_dataset_generation\samples\toi_1963_01.npz
654,1964.01,242083025,FP,0.6466988,2459307.492086,1.0248899,1063.700888,10.7892,6308.3,1.71404,201.642206,-39.629886,2020-06-17 17:40:44,2026-03-28 12:03:56,0,ok,True,4,0,train,677,37,success,0,0,15294,0.0,0.0,0.0,c:\Users\user\Documents\HSFlensburgMaster\Sommersemester2026\AdvancedDeepLearning\Projekt\Exoplanets\data\interim\spoc120_dataset_generation\samples\toi_1964_01.npz
655,1965.01,295354126,FP,2.2778177,2459357.403106,3.212,880.0,8.177301,9096.5,,223.151952,-61.568677,2020-06-17 17:40:44,2021-10-29 12:59:15,0,ok,True,1,13,train,678,38,success,0,0,18486,0.0,0.0,0.0,c:\Users\user\Documents\HSFlensburgMaster\Sommersemester2026\AdvancedDeepLearning\Projekt\Exoplanets\data\interim\spoc120_dataset_generation\samples\toi_1965_01.npz
656,1969.01,293708935,FP,2.6855915,2458597.350807,2.0491187,488.2401788,8.5941,5796.0,1.51715,222.333572,-60.080256,2020-06-17 17:40:44,2021-10-29 12:59:15,0,ok,True,1,15,validation,679,11,success,0,0,15211,0.0,0.0,0.0,c:\Users\user\Documents\HSFlensburgMaster\Sommersemester2026\AdvancedDeepLearning\Projekt\Exoplanets\data\interim\spoc120_dataset_generation\samples\toi_1969_01.npz
657,197.01,441462736,CP,14.2811731,2460927.616153,8.571366,762.9376583,7.3566,5105.0,2.90324,353.033186,-21.801201,2018-10-22 19:57:36,2026-02-26 16:00:02,1,ok,True,3,16,validation,680,2,success,15,0,18295,7.462686567164178,0.0,7.462686567164178,c:\Users\user\Documents\HSFlensburgMaster\Sommersemester2026\AdvancedDeepLearning\Projekt\Exoplanets\data\interim\spoc120_dataset_generation\samples\toi_197_01.npz
658,2182.01,268823307,KP,3.5484481,2459444.706868,4.5123025,7022.0056891,12.7655,6295.0,1.78185,299.407034,44.035039,2020-08-10 18:29:44,2023-03-15 16:02:02,1,ok,True,7,8,train,682,41,success,0,0,18322,0.0,0.0,0.0,c:\Users\user\Documents\HSFlensburgMaster\Sommersemester2026\AdvancedDeepLearning\Projekt\Exoplanets\data\interim\spoc120_dataset_generation\samples\toi_2182_01.npz
659,2184.01,176956893,CP,6.9067868,2459036.618741,6.6850674,1751.7778572,11.4057,5731.8,3.1513801,100.833125,-66.947656,2020-09-18 16:26:01,2025-06-03 16:00:01,1,ok,True,29,15,validation,683,27,success,0,0,13916,0.0,0.0,0.0,c:\Users\user\Documents\HSFlensburgMaster\Sommersemester2026\AdvancedDeepLearning\Projekt\Exoplanets\data\interim\spoc120_dataset_generation\samples\toi_2184_01.npz
660,219.01,260609205,FP,4.4617755,2460184.852236,5.4532494,18854.6431909,12.7222,6354.0,2.23892,97.453898,-57.254816,2018-10-22 18:35:22,2023-12-20 10:08:02,0,ok,True,30,1,train,684,1,success,0,0,18279,0.0,0.0,0.0,c:\Users\user\Documents\HSFlensburgMaster\Sommersemester2026\AdvancedDeepLearning\Projekt\Exoplanets\data\interim\spoc120_dataset_generation\samples\toi_219_01.npz
661,2409.01,321068176,FA,12.9696927,2459121.065867,1.1129072,4085.6845383,11.2711,5017.0,0.972753,44.338399,-41.191773,2020-11-24 20:55:50,2021-10-29 12:59:15,0,ok,True,5,18,test,685,30,success,0,0,16844,0.0,0.0,0.0,c:\Users\user\Documents\HSFlensburgMaster\Sommersemester2026\AdvancedDeepLearning\Projekt\Exoplanets\data\interim\spoc120_dataset_generation\samples\toi_2409_01.npz
662,241.01,77031414,KP,1.3866519,2458355.195919,2.3006751,14246.4665531,10.9571,6286.0,1.07661,354.168696,-34.611304,2018-11-29 21:52:42,2021-12-08 16:02:02,1,ok,True,4,7,train,686,2,success,0,0,18300,0.0,0.0,0.0,c:\Users\user\Documents\HSFlensburgMaster\Sommersemester2026\AdvancedDeepLearning\Projekt\Exoplanets\data\interim\spoc120_dataset_generation\samples\toi_241_01.npz
663,2411.01,10837041,CP,0.7827075,2460987.464436,1.0403706,526.867675,10.4238,4099.0,0.727642,20.922457,-8.701794,2020-11-24 20:55:50,2026-02-20 10:08:01,1,ok,True,2,1,train,687,30,success,0,0,16001,0.0,0.0,0.0,c:\Users\user\Documents\HSFlensburgMaster\Sommersemester2026\AdvancedDeepLearning\Projekt\Exoplanets\data\interim\spoc120_dataset_generation\samples\toi_2411_01.npz
664,2412.01,684936227,FA,15.29859,2459134.75391,3.214,1187.0,11.9755,4131.3,,62.379568,-62.850656,2020-11-25 21:07:35,2021-10-29 12:59:15,0,ok,True,40,3,train,688,2,recovered,18,0,18300,8.955223880597014,0.0,8.955223880597014,c:\Users\user\Documents\HSFlensburgMaster\Sommersemester2026\AdvancedDeepLearning\Projekt\Exoplanets\data\interim\spoc120_dataset_generation\samples\toi_2412_01.npz
665,2413.01,206498307,FP,13.4190392,2459066.937927,5.9221882,4668.5368695,11.3882,5184.9,1.69269,332.188392,-18.992719,2020-11-25 21:26:32,2021-10-29 12:59:15,0,ok,True,2,7,train,689,28,success,52,0,13875,25.870646766169152,0.0,25.870646766169152,c:\Users\user\Documents\HSFlensburgMaster\Sommersemester2026\AdvancedDeepLearning\Projekt\Exoplanets\data\interim\spoc120_dataset_generation\samples\toi_2413_01.npz
666,2414.01,237320326,KP,1.7771109,2459062.739359,1.5669528,14073.5021163,12.003,5627.0,0.97906,344.873588,-60.447819,2020-11-25 21:26:32,2021-10-29 12:59:15,1,ok,True,6,7,train,690,28,success,0,0,11941,0.0,0.0,0.0,c:\Users\user\Documents\HSFlensburgMaster\Sommersemester2026\AdvancedDeepLearning\Projekt\Exoplanets\data\interim\spoc120_dataset_generation\samples\toi_2414_01.npz
667,2416.01,237922465,CP,8.2754608,2459352.544159,3.755,6510.0,12.4333,5515.2,1.39,57.338941,-60.787186,2020-11-25 21:26:32,2024-02-28 12:02:45,1,ok,True,11,17,test,691,28,success,0,0,14831,0.0,0.0,0.0,c:\Users\user\Documents\HSFlensburgMaster\Sommersemester2026\AdvancedDeepLearning\Projekt\Exoplanets\data\interim\spoc120_dataset_generation\samples\toi_2416_01.npz
668,2418.01,65347776,FP,25.86696,2459133.37121,4.923,2240.0,10.9166,5095.0,0.8,39.725259,-27.324227,2020-11-25 22:47:02,2024-09-18 10:08:02,0,ok,True,2,13,train,692,4,recovered,36,0,14726,17.91044776119403,0.0,17.91044776119403,c:\Users\user\Documents\HSFlensburgMaster\Sommersemester2026\AdvancedDeepLearning\Projekt\Exoplanets\data\interim\spoc120_dataset_generation\samples\toi_2418_01.npz
669,242.01,120585579,FP,6.340315,2458357.778211,4.249306,25410.703288,12.5766,6083.0,1.2666,4.451423,-38.110855,2018-11-29 21:52:42,2022-10-20 16:02:02,0,ok,True,4,9,train,693,2,success,0,0,18298,0.0,0.0,0.0,c:\Users\user\Documents\HSFlensburgMaster\Sommersemester2026\AdvancedDeepLearning\Projekt\Exoplanets\data\interim\spoc120_dataset_generation\samples\toi_242_01.npz
670,2421.01,70524163,CP,4.3474,2459139.61885,4.684,3520.0,10.6918,5618.0,1.79,33.154021,-35.390918,2020-11-25 22:47:02,2023-03-03 12:03:04,1,ok,True,3,2,train,694,97,success,0,0,28613,0.0,0.0,0.0,c:\Users\user\Documents\HSFlensburgMaster\Sommersemester2026\AdvancedDeepLearning\Projekt\Exoplanets\data\interim\spoc120_dataset_generation\samples\toi_2421_01.npz
671,265.01,159951311,KP,5.9242661,2459169.574874,2.8894449,11796.3303624,11.7276,5310.0,0.846671,49.562173,-41.302023,2019-06-06 20:53:59,2024-09-09 10:08:01,1,ok,True,6,13,train,695,3,success,0,0,13032,0.0,0.0,0.0,c:\Users\user\Documents\HSFlensburgMaster\Sommersemester2026\AdvancedDeepLearning\Projekt\Exoplanets\data\interim\spoc120_dataset_generation\samples\toi_265_01.npz
672,266.01,164767175,CP,10.7511248,2460973.354682,2.8581721,586.0959345,9.45661,5784.0,0.918917,26.209253,-18.401384,2018-11-30 22:06:24,2026-04-17 10:08:01,1,ok,True,3,1,train,696,3,success,21,0,12844,10.44776119402985,0.0,10.44776119402985,c:\Users\user\Documents\HSFlensburgMaster\Sommersemester2026\AdvancedDeepLearning\Projekt\Exoplanets\data\interim\spoc120_dataset_generation\samples\toi_266_01.npz
673,266.02,164767175,CP,19.6050966,2460986.17995,4.1605138,590.7656874,9.45661,5784.0,0.918917,26.209253,-18.401384,2018-11-30 22:06:24,2026-04-17 10:08:01,1,ok,True,3,1,train,697,3,success,22,0,12844,10.945273631840797,0.0,10.945273631840797,c:\Users\user\Documents\HSFlensburgMaster\Sommersemester2026\AdvancedDeepLearning\Projekt\Exoplanets\data\interim\spoc120_dataset_generation\samples\toi_266_02.npz
674,2664.01,277871306,FP,3.9602774,2460277.924101,0.884,6193.0,10.1483,5863.0,1.04,156.922386,0.501027,2021-05-06 23:22:41,2024-01-03 10:08:03,0,ok,True,4,1,train,698,35,success,0,0,13688,0.0,0.0,0.0,c:\Users\user\Documents\HSFlensburgMaster\Sommersemester2026\AdvancedDeepLearning\Projekt\Exoplanets\data\interim\spoc120_dataset_generation\samples\toi_2664_01.npz
675,1971.01,253132689,FP,3.217824,2460062.383323,1.735,1288.0,10.3345,5418.0,1.67,194.769773,-57.253713,2020-06-17 17:40:44,2023-05-31 16:02:02,0,ok,True,2,16,validation,699,37,success,0,0,15991,0.0,0.0,0.0,c:\Users\user\Documents\HSFlensburgMaster\Sommersemester2026\AdvancedDeepLearning\Projekt\Exoplanets\data\interim\spoc120_dataset_generation\samples\toi_1971_01.npz
676,1975.01,467281353,FP,2.8319354,2459332.170832,3.21,780.0,10.2081,5408.7,1.48,168.076087,-60.93258,2020-06-17 17:40:44,2023-01-27 12:02:32,0,ok,True,2,13,train,700,37,success,0,0,17288,0.0,0.0,0.0,c:\Users\user\Documents\HSFlensburgMaster\Sommersemester2026\AdvancedDeepLearning\Projekt\Exoplanets\data\interim\spoc120_dataset_generation\samples\toi_1975_01.npz
677,1977.01,383531859,FP,17.0614756,2459352.185799,3.384,2730.0,9.5918,9184.7,2.14183,216.147711,-60.383601,2020-06-17 17:40:45,2021-10-29 12:59:15,0,ok,True,5,17,test,701,38,success,10,0,18494,4.975124378109453,0.0,4.975124378109453,c:\Users\user\Documents\HSFlensburgMaster\Sommersemester2026\AdvancedDeepLearning\Projekt\Exoplanets\data\interim\spoc120_dataset_generation\samples\toi_1977_01.npz
678,1978.01,458856474,FP,6.081043,2460751.695956,4.818249,15384.1717123,5.666,8719.5,1.0,161.140515,-59.737608,2020-06-17 17:40:45,2026-02-18 10:08:02,0,ok,True,6,2,train,702,36,success,0,0,16346,0.0,0.0,0.0,c:\Users\user\Documents\HSFlensburgMaster\Sommersemester2026\AdvancedDeepLearning\Projekt\Exoplanets\data\interim\spoc120_dataset_generation\samples\toi_1978_01.npz
679,1979.01,458857720,FP,1.30924,2458571.79697,2.535,3370.0,9.8678,8832.5,,161.046711,-59.92517,2020-06-17 17:40:45,2021-10-29 12:59:15,0,ok,True,2,12,train,703,36,success,0,0,16357,0.0,0.0,0.0,c:\Users\user\Documents\HSFlensburgMaster\Sommersemester2026\AdvancedDeepLearning\Projekt\Exoplanets\data\interim\spoc120_dataset_generation\samples\toi_1979_01.npz
680,198.01,12421862,CP,10.2152025,2458356.371864,2.3476219,960.5475682,9.92801,3763.0,0.447336,2.271509,-27.121745,2018-11-03 01:49:39,2026-01-12 16:00:02,1,ok,True,4,13,train,704,2,success,0,0,18297,0.0,0.0,0.0,c:\Users\user\Documents\HSFlensburgMaster\Sommersemester2026\AdvancedDeepLearning\Projekt\Exoplanets\data\interim\spoc120_dataset_generation\samples\toi_198_01.npz
681,1980.01,127793615,FP,9.27898,2458604.91156,6.514,9020.0,10.9805,5898.8,1.45,218.270079,-43.298512,2020-06-17 17:40:45,2021-10-29 12:59:15,0,ok,True,1,10,train,705,38,success,0,0,18227,0.0,0.0,0.0,c:\Users\user\Documents\HSFlensburgMaster\Sommersemester2026\AdvancedDeepLearning\Projekt\Exoplanets\data\interim\spoc120_dataset_generation\samples\toi_1980_01.npz
682,1983.01,89535068,FP,6.1110945,2459288.09218,4.2566318,1098.152672,10.3349,5725.0,1.07235,127.281049,-57.194209,2020-06-17 20:08:07,2021-10-29 12:59:15,0,ok,True,3,2,train,706,35,success,0,0,13719,0.0,0.0,0.0,c:\Users\user\Documents\HSFlensburgMaster\Sommersemester2026\AdvancedDeepLearning\Projekt\Exoplanets\data\interim\spoc120_dataset_generation\samples\toi_1983_01.npz
683,1984.01,162246865,FP,0.5646193,2459331.916143,1.295,510.0,10.361,6237.0,1.3,168.871533,-44.428987,2020-06-17 20:08:07,2023-01-25 10:10:01,0,ok,True,2,1,train,707,36,success,0,0,15464,0.0,0.0,0.0,c:\Users\user\Documents\HSFlensburgMaster\Sommersemester2026\AdvancedDeepLearning\Projekt\Exoplanets\data\interim\spoc120_dataset_generation\samples\toi_1984_01.npz
684,2193.01,401604346,CP,2.1223673,2459037.564542,1.5855365,8056.3340252,11.3996,6079.0,1.19653,313.691232,-72.80464,2020-09-18 16:26:01,2023-03-03 12:03:04,1,ok,True,6,18,test,708,27,success,0,0,13558,0.0,0.0,0.0,c:\Users\user\Documents\HSFlensburgMaster\Sommersemester2026\AdvancedDeepLearning\Projekt\Exoplanets\data\interim\spoc120_dataset_generation\samples\toi_2193_01.npz
685,2194.01,271478281,CP,15.3419095,2460141.982191,2.736,683.0,7.4259,4669.0,0.69,299.156339,-31.335181,2020-09-18 16:26:01,2023-12-03 12:03:15,1,ok,True,4,1,train,709,27,success,13,0,16778,6.467661691542288,0.0,6.467661691542288,c:\Users\user\Documents\HSFlensburgMaster\Sommersemester2026\AdvancedDeepLearning\Projekt\Exoplanets\data\interim\spoc120_dataset_generation\samples\toi_2194_01.npz
686,2196.01,372172128,CP,1.1953968,2459036.508778,1.5752293,1127.2344564,11.3643,5728.0,1.02917,312.340074,-70.485072,2020-09-18 16:26:01,2022-08-15 12:02:56,1,ok,True,6,13,train,710,27,success,0,0,12650,0.0,0.0,0.0,c:\Users\user\Documents\HSFlensburgMaster\Sommersemester2026\AdvancedDeepLearning\Projekt\Exoplanets\data\interim\spoc120_dataset_generation\samples\toi_2196_01.npz
687,2197.01,389352124,KP,4.954648,2460148.5999,3.639,7357.0,9.0532,6562.0,1.47,311.042756,-39.225486,2020-09-18 16:26:01,2023-10-16 16:02:02,1,ok,True,5,14,validation,711,27,success,0,0,16776,0.0,0.0,0.0,c:\Users\user\Documents\HSFlensburgMaster\Sommersemester2026\AdvancedDeepLearning\Projekt\Exoplanets\data\interim\spoc120_dataset_generation\samples\toi_2197_01.npz
688,2198.01,100566492,KP,4.9549631,2459040.905327,5.9565174,8236.2566801,11.117,6282.4,1.99207,309.511234,-48.462083,2020-09-18 16:26:02,2021-10-29 12:59:15,1,ok,True,5,5,train,712,27,success,0,0,16511,0.0,0.0,0.0,c:\Users\user\Documents\HSFlensburgMaster\Sommersemester2026\AdvancedDeepLearning\Projekt\Exoplanets\data\interim\spoc120_dataset_generation\samples\toi_2198_01.npz
689,2199.01,369455629,KP,3.3771114,2459038.510574,2.4508029,4515.155077,11.4513,5614.86,1.28017,311.673345,-41.820983,2020-09-18 16:26:02,2021-10-29 12:59:15,1,ok,True,5,9,train,713,27,success,0,0,16778,0.0,0.0,0.0,c:\Users\user\Documents\HSFlensburgMaster\Sommersemester2026\AdvancedDeepLearning\Projekt\Exoplanets\data\interim\spoc120_dataset_generation\samples\toi_2199_01.npz
690,220.01,150098860,CP,10.6953065,2460966.946848,1.992523,927.7984537,9.6878,5272.71,0.88,91.799699,-61.99721,2019-05-07 17:42:37,2026-02-17 16:00:01,1,ok,True,38,11,train,714,1,success,0,0,18276,0.0,0.0,0.0,c:\Users\user\Documents\HSFlensburgMaster\Sommersemester2026\AdvancedDeepLearning\Projekt\Exoplanets\data\interim\spoc120_dataset_generation\samples\toi_220_01.npz
691,2202.01,358107516,CP,11.9124942,2459041.912359,3.7520869,19304.2778014,12.173,5064.0,0.823883,51.228421,-73.957546,2020-09-18 16:26:02,2024-02-15 10:08:02,1,ok,True,18,11,train,715,27,success,0,0,16781,0.0,0.0,0.0,c:\Users\user\Documents\HSFlensburgMaster\Sommersemester2026\AdvancedDeepLearning\Projekt\Exoplanets\data\interim\spoc120_dataset_generation\samples\toi_2202_01.npz
692,2204.01,467971286,KP,2.2250514,2459037.141234,2.3678871,13144.590055,13.191,5103.0,0.883426,289.297427,-60.89176,2020-09-18 16:26:02,2021-10-29 12:59:15,1,ok,True,7,10,train,716,27,success,0,0,15053,0.0,0.0,0.0,c:\Users\user\Documents\HSFlensburgMaster\Sommersemester2026\AdvancedDeepLearning\Projekt\Exoplanets\data\interim\spoc120_dataset_generation\samples\toi_2204_01.npz
693,2205.01,260298958,FP,0.8891483,2459036.525582,1.1970992,44722.5890994,15.0804,3653.0,0.649887,94.315682,-56.509859,2020-09-18 16:26:02,2025-07-09 16:00:02,0,ok,True,25,4,train,717,27,success,0,0,16781,0.0,0.0,0.0,c:\Users\user\Documents\HSFlensburgMaster\Sommersemester2026\AdvancedDeepLearning\Projekt\Exoplanets\data\interim\spoc120_dataset_generation\samples\toi_2205_01.npz
694,2206.01,381856447,KP,1.7690121,2459037.77354,1.0172953,10110.2139841,10.7218,4683.0,0.701795,322.253764,-58.836147,2020-09-18 16:26:02,2021-10-29 12:59:15,1,ok,True,7,10,train,718,27,success,0,0,16494,0.0,0.0,0.0,c:\Users\user\Documents\HSFlensburgMaster\Sommersemester2026\AdvancedDeepLearning\Projekt\Exoplanets\data\interim\spoc120_dataset_generation\samples\toi_2206_01.npz
695,2207.01,90850770,CP,8.000489,2459043.770189,4.6706895,4606.7419685,10.9651,6146.0,1.55738,307.596693,-44.887618,2020-09-18 16:26:02,2025-06-04 16:00:01,1,ok,True,3,14,validation,719,27,success,0,0,15365,0.0,0.0,0.0,c:\Users\user\Documents\HSFlensburgMaster\Sommersemester2026\AdvancedDeepLearning\Projekt\Exoplanets\data\interim\spoc120_dataset_generation\samples\toi_2207_01.npz
696,2424.01,313891529,FP,12.3750537,2459092.273962,6.6166181,4155.6104825,10.2845,6173.5,2.36235,0.315071,-28.493223,2020-12-04 01:07:14,2021-10-29 12:59:15,0,ok,True,2,5,train,720,29,success,19,0,13671,9.45273631840796,0.0,9.45273631840796,c:\Users\user\Documents\HSFlensburgMaster\Sommersemester2026\AdvancedDeepLearning\Projekt\Exoplanets\data\interim\spoc120_dataset_generation\samples\toi_2424_01.npz
697,2427.01,142937186,CP,1.30613,2459169.61994,0.634,560.0,9.0138,4072.0,0.68,52.291732,-31.362867,2020-12-22 23:47:36,2021-10-29 12:59:15,1,ok,True,2,14,validation,721,31,success,0,0,16636,0.0,0.0,0.0,c:\Users\user\Documents\HSFlensburgMaster\Sommersemester2026\AdvancedDeepLearning\Projekt\Exoplanets\data\interim\spoc120_dataset_generation\samples\toi_2427_01.npz
698,2431.01,258804746,CP,0.224195,2460258.868869,0.292,540.0,9.5209,4079.0,0.68,37.765299,8.381625,2020-12-22 23:47:36,2025-07-22 12:04:25,1,ok,True,5,11,train,722,31,success,0,0,16177,0.0,0.0,0.0,c:\Users\user\Documents\HSFlensburgMaster\Sommersemester2026\AdvancedDeepLearning\Projekt\Exoplanets\data\interim\spoc120_dataset_generation\samples\toi_2431_01.npz
699,2438.01,686072378,FP,1.9426003,2459175.406024,1.0206743,504062.379922,16.2463,5780.0,,68.226889,-32.88712,2021-01-06 21:28:53,2021-10-29 12:59:15,0,ok,True,2,7,train,723,31,success,0,0,16735,0.0,0.0,0.0,c:\Users\user\Documents\HSFlensburgMaster\Sommersemester2026\AdvancedDeepLearning\Projekt\Exoplanets\data\interim\spoc120_dataset_generation\samples\toi_2438_01.npz
700,2667.01,348684813,FP,7.7517472,2459976.896634,3.761,861.0,9.6732,5133.0,4.75,133.993484,-14.35529,2021-05-06 23:22:42,2024-01-29 10:08:02,0,ok,True,1,7,train,724,61,success,0,0,15793,0.0,0.0,0.0,c:\Users\user\Documents\HSFlensburgMaster\Sommersemester2026\AdvancedDeepLearning\Projekt\Exoplanets\data\interim\spoc120_dataset_generation\samples\toi_2667_01.npz
701,2669.01,348835438,CP,6.203496,2459985.604157,5.715,810.0,9.9917,4859.0,3.98,134.722645,-13.312579,2021-05-06 23:22:42,2023-03-10 16:02:01,1,ok,True,3,14,validation,725,61,success,0,0,15602,0.0,0.0,0.0,c:\Users\user\Documents\HSFlensburgMaster\Sommersemester2026\AdvancedDeepLearning\Projekt\Exoplanets\data\interim\spoc120_dataset_generation\samples\toi_2669_01.npz
702,267.01,166836920,KP,5.7525804,2460988.126499,5.2325983,5301.7998237,8.93,6180.0,1.70927,39.897669,-50.008193,2018-11-30 22:06:24,2026-04-17 10:08:01,1,ok,True,6,9,train,726,3,success,0,0,13185,0.0,0.0,0.0,c:\Users\user\Documents\HSFlensburgMaster\Sommersemester2026\AdvancedDeepLearning\Projekt\Exoplanets\data\interim\spoc120_dataset_generation\samples\toi_267_01.npz
703,2671.01,190081497,FP,3.1630387,2459991.730295,4.661,1130.0,10.3364,6187.0,1.34,132.269994,-36.578257,2021-05-06 23:22:42,2024-01-30 16:02:02,0,ok,True,2,17,test,727,61,success,0,0,15925,0.0,0.0,0.0,c:\Users\user\Documents\HSFlensburgMaster\Sommersemester2026\AdvancedDeepLearning\Projekt\Exoplanets\data\interim\spoc120_dataset_generation\samples\toi_2671_01.npz
704,1988.01,161156159,FP,2.2818488,2460064.293216,3.973,1483.0,10.1854,5368.0,2.15,190.132487,-48.740903,2020-06-17 20:08:08,2023-05-31 16:02:02,0,ok,True,1,7,train,728,37,success,0,0,15961,0.0,0.0,0.0,c:\Users\user\Documents\HSFlensburgMaster\Sommersemester2026\AdvancedDeepLearning\Projekt\Exoplanets\data\interim\spoc120_dataset_generation\samples\toi_1988_01.npz
705,1989.01,324395151,FP,3.4551479,2459309.575644,5.7444704,5191.7260014,10.2581,8046.5,,176.866343,-64.882975,2020-06-17 20:08:08,2021-10-29 12:59:15,0,ok,True,2,7,train,729,37,success,0,0,17336,0.0,0.0,0.0,c:\Users\user\Documents\HSFlensburgMaster\Sommersemester2026\AdvancedDeepLearning\Projekt\Exoplanets\data\interim\spoc120_dataset_generation\samples\toi_1989_01.npz
706,1990.01,457939414,FP,3.7899524,2459281.710853,5.5268401,4345.4373432,10.1574,5579.5,1.10456,158.670633,-59.748482,2020-06-17 20:08:08,2021-10-29 12:59:15,0,ok,True,3,9,train,731,36,success,0,0,16357,0.0,0.0,0.0,c:\Users\user\Documents\HSFlensburgMaster\Sommersemester2026\AdvancedDeepLearning\Projekt\Exoplanets\data\interim\spoc120_dataset_generation\samples\toi_1990_01.npz
707,1991.01,82707763,FP,6.6570835,2460065.075037,5.285,7164.0,10.1405,5805.6,1.73,169.958638,-51.866071,2020-06-17 20:08:08,2023-05-31 10:10:01,0,ok,True,1,3,train,732,37,success,0,0,14496,0.0,0.0,0.0,c:\Users\user\Documents\HSFlensburgMaster\Sommersemester2026\AdvancedDeepLearning\Projekt\Exoplanets\data\interim\spoc120_dataset_generation\samples\toi_1991_01.npz
708,1992.01,147340931,FP,4.3114812,2459331.540551,3.505,6360.0,10.5287,,1.72,162.91688,-44.984741,2020-06-17 20:08:08,2026-05-07 16:00:02,0,ok,True,1,15,validation,733,36,success,0,0,15483,0.0,0.0,0.0,c:\Users\user\Documents\HSFlensburgMaster\Sommersemester2026\AdvancedDeepLearning\Projekt\Exoplanets\data\interim\spoc120_dataset_generation\samples\toi_1992_01.npz
709,1993.01,453464017,FP,3.9416903,2459352.660686,2.537,12840.0,10.248,6190.4,1.48,152.28015,-72.798117,2020-06-17 20:08:08,2021-10-29 12:59:15,0,ok,True,2,8,train,734,37,success,0,0,15905,0.0,0.0,0.0,c:\Users\user\Documents\HSFlensburgMaster\Sommersemester2026\AdvancedDeepLearning\Projekt\Exoplanets\data\interim\spoc120_dataset_generation\samples\toi_1993_01.npz
710,1994.01,445903569,CP,4.0337201,2460032.218521,3.48,2868.0,10.2396,7369.0,2.22,147.174575,-51.756564,2020-06-17 20:08:08,2025-04-20 12:03:53,1,ok,True,6,16,validation,735,36,success,0,0,15900,0.0,0.0,0.0,c:\Users\user\Documents\HSFlensburgMaster\Sommersemester2026\AdvancedDeepLearning\Projekt\Exoplanets\data\interim\spoc120_dataset_generation\samples\toi_1994_01.npz
711,1996.01,275384718,FP,7.72433,2458576.4335,8.03,7120.0,10.2372,6249.4,2.32,178.547176,-46.896887,2020-06-17 20:08:08,2021-10-29 12:59:15,0,ok,True,1,11,train,736,37,success,0,0,15469,0.0,0.0,0.0,c:\Users\user\Documents\HSFlensburgMaster\Sommersemester2026\AdvancedDeepLearning\Projekt\Exoplanets\data\interim\spoc120_dataset_generation\samples\toi_1996_01.npz
712,1998.01,429295277,FP,1.10833,2458572.20786,2.288,1060.0,10.186,5972.0,1.4,184.259218,-51.075153,2020-06-17 20:08:08,2021-10-29 12:59:15,0,ok,True,1,15,validation,737,37,success,0,0,15789,0.0,0.0,0.0,c:\Users\user\Documents\HSFlensburgMaster\Sommersemester2026\AdvancedDeepLearning\Projekt\Exoplanets\data\interim\spoc120_dataset_generation\samples\toi_1998_01.npz
713,200.01,410214986,CP,8.1382222,2458332.308323,3.2797025,3852.0299874,7.8541,5414.0,0.951985,354.915467,-69.196043,2018-11-09 21:01:14,2024-09-05 10:08:02,1,ok,True,10,0,train,738,1,success,0,0,18268,0.0,0.0,0.0,c:\Users\user\Documents\HSFlensburgMaster\Sommersemester2026\AdvancedDeepLearning\Projekt\Exoplanets\data\interim\spoc120_dataset_generation\samples\toi_200_01.npz
714,2000.01,371188886,CP,9.1270519,2460086.660775,3.549,4568.0,10.3579,5400.0,1.18,146.397063,-66.686631,2020-06-17 20:08:08,2025-09-24 16:00:02,1,ok,True,7,13,train,739,36,success,0,0,15799,0.0,0.0,0.0,c:\Users\user\Documents\HSFlensburgMaster\Sommersemester2026\AdvancedDeepLearning\Projekt\Exoplanets\data\interim\spoc120_dataset_generation\samples\toi_2000_01.npz
715,2000.02,371188886,CP,3.098367,2460038.819877,1.963,496.0,10.3579,5400.0,1.18,146.397063,-66.686631,2022-03-24 22:19:25,2023-12-03 12:03:15,1,ok,True,7,13,train,740,36,success,0,0,15799,0.0,0.0,0.0,c:\Users\user\Documents\HSFlensburgMaster\Sommersemester2026\AdvancedDeepLearning\Projekt\Exoplanets\data\interim\spoc120_dataset_generation\samples\toi_2000_02.npz
716,221.01,316937670,FP,0.62425,2458325.342966,0.774288,954.060325,12.1535,3765.0,0.525,356.492464,-56.344047,2018-11-14 15:06:55,2022-10-03 16:02:02,0,ok,True,3,7,train,741,1,success,0,0,18274,0.0,0.0,0.0,c:\Users\user\Documents\HSFlensburgMaster\Sommersemester2026\AdvancedDeepLearning\Projekt\Exoplanets\data\interim\spoc120_dataset_generation\samples\toi_221_01.npz
717,2211.01,212253390,CP,3.0926858,2459038.102648,2.2149195,272.6778328,9.2551,5253.0,0.834386,308.539086,-29.672613,2020-09-18 16:26:02,2026-01-09 16:00:01,1,ok,True,4,9,train,742,27,success,0,0,16780,0.0,0.0,0.0,c:\Users\user\Documents\HSFlensburgMaster\Sommersemester2026\AdvancedDeepLearning\Projekt\Exoplanets\data\interim\spoc120_dataset_generation\samples\toi_2211_01.npz
718,2215.01,425561347,CP,5.7772122,2459040.86632,2.56341,1470.3821261,9.977,4882.7,0.729818,286.073121,-32.354279,2020-09-18 19:18:08,2024-04-25 10:08:01,1,ok,True,4,3,train,743,27,success,0,0,15748,0.0,0.0,0.0,c:\Users\user\Documents\HSFlensburgMaster\Sommersemester2026\AdvancedDeepLearning\Projekt\Exoplanets\data\interim\spoc120_dataset_generation\samples\toi_2215_01.npz
719,2221.01,441420236,CP,8.4536777,2459041.281746,3.5738006,2872.2887525,6.755,3588.0,0.698009,311.291137,-31.34245,2020-09-18 19:18:08,2025-08-29 16:00:02,1,ok,True,3,2,train,744,1,success,0,0,17687,0.0,0.0,0.0,c:\Users\user\Documents\HSFlensburgMaster\Sommersemester2026\AdvancedDeepLearning\Projekt\Exoplanets\data\interim\spoc120_dataset_generation\samples\toi_2221_01.npz
720,244.01,118327550,CP,7.397216,2458357.364688,1.3164962,953.5477499,10.3475,3342.0,0.407103,10.569754,-36.717974,2018-11-29 21:52:42,2025-06-04 16:00:01,1,ok,True,6,3,train,745,2,success,0,0,18299,0.0,0.0,0.0,c:\Users\user\Documents\HSFlensburgMaster\Sommersemester2026\AdvancedDeepLearning\Projekt\Exoplanets\data\interim\spoc120_dataset_generation\samples\toi_244_01.npz
721,2442.01,168871868,FP,17.1217196,2459183.305376,6.507,131000.0,11.402,5762.0,1.0,65.100654,-31.081604,2021-01-06 21:28:53,2021-10-29 12:59:15,0,ok,True,2,13,train,746,31,success,28,0,16515,13.930348258706468,0.0,13.930348258706468,c:\Users\user\Documents\HSFlensburgMaster\Sommersemester2026\AdvancedDeepLearning\Projekt\Exoplanets\data\interim\spoc120_dataset_generation\samples\toi_2442_01.npz
722,2443.01,318753380,CP,15.6692322,2459148.098617,4.562853,1393.3814802,8.2969,4214.44,0.732115,40.179861,1.199676,2021-01-06 21:28:53,2021-11-22 12:01:46,1,ok,True,1,12,train,747,31,success,36,0,16171,17.91044776119403,0.0,17.91044776119403,c:\Users\user\Documents\HSFlensburgMaster\Sommersemester2026\AdvancedDeepLearning\Projekt\Exoplanets\data\interim\spoc120_dataset_generation\samples\toi_2443_01.npz
723,2445.01,439867639,CP,0.3711334,2458411.217326,0.4918187,2322.6218151,13.1292,3333.0,0.272233,43.316155,0.052337,2021-01-06 21:28:53,2022-01-29 12:02:06,1,ok,True,2,6,train,748,4,success,0,0,14801,0.0,0.0,0.0,c:\Users\user\Documents\HSFlensburgMaster\Sommersemester2026\AdvancedDeepLearning\Projekt\Exoplanets\data\interim\spoc120_dataset_generation\samples\toi_2445_01.npz
724,2448.01,231721005,FP,9.0182016,2460121.423199,3.08,492.0,10.0039,9671.0,1.78,80.740227,-53.76459,2021-01-06 21:30:16,2023-08-28 10:08:02,0,ok,True,10,9,train,749,64,success,0,0,18854,0.0,0.0,0.0,c:\Users\user\Documents\HSFlensburgMaster\Sommersemester2026\AdvancedDeepLearning\Projekt\Exoplanets\data\interim\spoc120_dataset_generation\samples\toi_2448_01.npz
725,269.01,220479565,CP,3.6977167,2458381.845549,0.9308263,4755.6707294,12.2958,3607.0,0.397924,75.846283,-54.177721,2019-05-17 18:40:33,2024-02-13 10:08:02,1,ok,True,21,11,train,751,3,success,0,0,12645,0.0,0.0,0.0,c:\Users\user\Documents\HSFlensburgMaster\Sommersemester2026\AdvancedDeepLearning\Projekt\Exoplanets\data\interim\spoc120_dataset_generation\samples\toi_269_01.npz
726,2002.01,356453768,FP,2.3330349,2460011.151332,3.005,2795.0,10.4879,5986.5,1.56,134.190203,-61.371461,2020-06-17 20:08:08,2023-03-27 10:10:16,0,ok,True,3,9,train,752,35,success,0,0,13771,0.0,0.0,0.0,c:\Users\user\Documents\HSFlensburgMaster\Sommersemester2026\AdvancedDeepLearning\Projekt\Exoplanets\data\interim\spoc120_dataset_generation\samples\toi_2002_01.npz
727,2004.01,439610306,FP,1.79988,2458545.26565,3.518,180.0,9.0607,6136.9,2.46,143.46695,-55.175763,2020-06-17 20:08:08,2021-10-29 12:59:15,0,ok,True,2,12,train,753,36,success,0,0,16354,0.0,0.0,0.0,c:\Users\user\Documents\HSFlensburgMaster\Sommersemester2026\AdvancedDeepLearning\Projekt\Exoplanets\data\interim\spoc120_dataset_generation\samples\toi_2004_01.npz
728,2006.01,41173048,FA,6.40938,2459194.004177,2.356,280.0,9.2225,4650.0,8.3,91.22465,-69.360322,2020-06-17 20:08:08,2021-10-29 12:59:15,0,ok,True,11,6,train,754,27,success,0,0,16150,0.0,0.0,0.0,c:\Users\user\Documents\HSFlensburgMaster\Sommersemester2026\AdvancedDeepLearning\Projekt\Exoplanets\data\interim\spoc120_dataset_generation\samples\toi_2006_01.npz
729,2011.01,136916387,KP,11.5778362,2458631.767617,3.8772499,217.3994918,5.0494,5739.0,1.02607,230.440115,-48.318817,2020-06-17 20:50:03,2024-01-31 16:02:01,1,ok,True,5,0,train,758,12,success,0,0,14757,0.0,0.0,0.0,c:\Users\user\Documents\HSFlensburgMaster\Sommersemester2026\AdvancedDeepLearning\Projekt\Exoplanets\data\interim\spoc120_dataset_generation\samples\toi_2011_01.npz
730,2011.02,136916387,KP,27.5920718,2458650.89757,3.2743016,555.3352929,5.0494,5739.0,1.02607,230.440115,-48.318817,2022-04-20 20:30:04,2024-01-31 16:02:01,1,ok,True,5,0,train,759,12,success,45,0,14757,22.388059701492537,0.0,22.388059701492537,c:\Users\user\Documents\HSFlensburgMaster\Sommersemester2026\AdvancedDeepLearning\Projekt\Exoplanets\data\interim\spoc120_dataset_generation\samples\toi_2011_02.npz
731,2012.01,138294130,KP,3.0565259,2459716.992394,4.145,8800.0,10.6506,5981.0,1.6,229.99122,36.229545,2020-06-19 06:00:39,2022-09-02 16:02:01,1,ok,True,5,17,test,760,24,success,0,0,14746,0.0,0.0,0.0,c:\Users\user\Documents\HSFlensburgMaster\Sommersemester2026\AdvancedDeepLearning\Projekt\Exoplanets\data\interim\spoc120_dataset_generation\samples\toi_2012_01.npz
732,2013.01,188589164,CP,2.6162769,2458956.396322,1.134893,1120.6014184,10.2705,3352.0,0.325635,239.577568,35.408114,2020-06-19 06:00:39,2024-10-03 10:08:02,1,ok,True,3,1,train,761,24,success,0,0,14646,0.0,0.0,0.0,c:\Users\user\Documents\HSFlensburgMaster\Sommersemester2026\AdvancedDeepLearning\Projekt\Exoplanets\data\interim\spoc120_dataset_generation\samples\toi_2013_01.npz
733,2014.01,198588220,KP,4.8099755,2460497.317355,6.696,6965.0,9.63331,6417.0,2.65,256.610728,44.776885,2020-06-19 06:00:39,2024-09-04 10:08:02,1,ok,True,8,16,validation,762,24,success,0,0,18207,0.0,0.0,0.0,c:\Users\user\Documents\HSFlensburgMaster\Sommersemester2026\AdvancedDeepLearning\Projekt\Exoplanets\data\interim\spoc120_dataset_generation\samples\toi_2014_01.npz
734,223.01,326453034,FA,14.445918,2458355.95751,1.533311,1273.806981,10.2733,5063.0,0.87237,339.677571,-25.631849,2018-11-29 21:52:42,2021-10-29 12:59:15,0,ok,True,2,10,train,763,2,success,18,0,18300,8.955223880597014,0.0,8.955223880597014,c:\Users\user\Documents\HSFlensburgMaster\Sommersemester2026\AdvancedDeepLearning\Projekt\Exoplanets\data\interim\spoc120_dataset_generation\samples\toi_223_01.npz
735,2231.01,100504381,FA,5.46278,2460143.110815,1.274,2982.0,8.565,,1.69,308.563699,-48.274725,2020-09-18 21:10:22,2023-08-28 10:08:02,0,ok,True,4,7,train,764,67,success,0,0,13276,0.0,0.0,0.0,c:\Users\user\Documents\HSFlensburgMaster\Sommersemester2026\AdvancedDeepLearning\Projekt\Exoplanets\data\interim\spoc120_dataset_generation\samples\toi_2231_01.npz
736,2236.01,394722182,CP,3.5315897,2459389.337457,2.689,7230.0,10.8673,6209.0,1.62,20.166011,-86.979965,2020-09-18 21:10:23,2023-03-03 12:03:04,1,ok,True,4,3,train,765,66,success,0,0,15275,0.0,0.0,0.0,c:\Users\user\Documents\HSFlensburgMaster\Sommersemester2026\AdvancedDeepLearning\Projekt\Exoplanets\data\interim\spoc120_dataset_generation\samples\toi_2236_01.npz
737,2451.01,4294779,FP,0.3438892,2459174.475148,0.9696069,24850.3953805,15.8552,3199.0,0.540483,81.312676,-0.770748,2021-02-03 22:59:10,2021-10-29 12:59:15,0,ok,True,1,0,train,766,32,success,0,0,17045,0.0,0.0,0.0,c:\Users\user\Documents\HSFlensburgMaster\Sommersemester2026\AdvancedDeepLearning\Projekt\Exoplanets\data\interim\spoc120_dataset_generation\samples\toi_2451_01.npz
738,2452.01,219208037,FP,0.9776805,2459229.062884,0.7657397,965.3175192,11.1925,4456.2,1.09813,93.098193,-50.930948,2021-02-03 22:59:10,2021-10-29 12:59:15,0,ok,True,5,8,train,767,28,success,0,0,12129,0.0,0.0,0.0,c:\Users\user\Documents\HSFlensburgMaster\Sommersemester2026\AdvancedDeepLearning\Projekt\Exoplanets\data\interim\spoc120_dataset_generation\samples\toi_2452_01.npz
739,2458.01,449197831,CP,3.7369689,2459177.402573,1.9917422,310.4978088,8.71008,6092.0,1.32975,79.621529,1.253439,2021-02-03 22:59:11,2021-10-29 12:59:15,1,ok,True,2,16,validation,768,32,success,0,0,17120,0.0,0.0,0.0,c:\Users\user\Documents\HSFlensburgMaster\Sommersemester2026\AdvancedDeepLearning\Projekt\Exoplanets\data\interim\spoc120_dataset_generation\samples\toi_2458_01.npz
740,2459.01,192790476,CP,19.1047019,2458452.334564,3.2516728,1906.0596245,9.3951,4195.0,0.675093,82.143332,-39.373046,2021-02-03 22:59:12,2024-09-02 12:03:01,1,ok,True,6,16,validation,769,5,success,14,0,17395,6.965174129353234,0.0,6.965174129353234,c:\Users\user\Documents\HSFlensburgMaster\Sommersemester2026\AdvancedDeepLearning\Projekt\Exoplanets\data\interim\spoc120_dataset_generation\samples\toi_2459_01.npz
741,246.01,158623531,KP,7.8728937,2458355.73229,3.7599578,14639.4155321,11.2794,5070.0,1.26,24.167869,-50.659308,2018-12-20 17:24:11,2021-12-02 10:10:02,1,ok,True,8,14,validation,770,2,success,0,0,18299,0.0,0.0,0.0,c:\Users\user\Documents\HSFlensburgMaster\Sommersemester2026\AdvancedDeepLearning\Projekt\Exoplanets\data\interim\spoc120_dataset_generation\samples\toi_246_01.npz
742,2461.01,411839167,KP,6.1802614,2459175.327301,4.1830206,5383.8458373,10.8243,6513.0,1.73931,78.91982,16.278699,2021-02-03 22:59:12,2024-11-26 16:02:02,1,ok,True,5,17,test,771,32,success,0,0,17282,0.0,0.0,0.0,c:\Users\user\Documents\HSFlensburgMaster\Sommersemester2026\AdvancedDeepLearning\Projekt\Exoplanets\data\interim\spoc120_dataset_generation\samples\toi_2461_01.npz
743,2464.01,32949762,KP,3.7684981,2459222.681031,2.727,19800.0,12.3352,5160.0,0.87,87.679561,-27.623322,2021-02-03 22:59:12,2021-10-29 12:59:15,1,ok,True,4,8,train,772,32,success,0,0,17484,0.0,0.0,0.0,c:\Users\user\Documents\HSFlensburgMaster\Sommersemester2026\AdvancedDeepLearning\Projekt\Exoplanets\data\interim\spoc120_dataset_generation\samples\toi_2464_01.npz
744,2719.01,176314383,CP,3.3759446,2459197.636818,3.538,1270.0,12.0676,5701.0,1.69,71.554945,-0.804872,2021-06-03 21:39:03,2025-08-09 12:03:57,1,ok,True,1,4,train,773,98,success,0,0,25043,0.0,0.0,0.0,c:\Users\user\Documents\HSFlensburgMaster\Sommersemester2026\AdvancedDeepLearning\Projekt\Exoplanets\data\interim\spoc120_dataset_generation\samples\toi_2719_01.npz
745,272.01,268766053,KP,3.3098458,2459140.875701,2.2676536,19158.8321817,11.7617,4953.0,0.858619,31.909164,-20.661843,2018-11-30 22:06:25,2024-09-09 10:08:01,1,ok,True,3,12,train,774,3,success,0,0,12919,0.0,0.0,0.0,c:\Users\user\Documents\HSFlensburgMaster\Sommersemester2026\AdvancedDeepLearning\Projekt\Exoplanets\data\interim\spoc120_dataset_generation\samples\toi_272_01.npz
746,273.01,279740441,FP,0.7418594,2458386.095087,1.5026958,2983.6257317,11.481,4304.6,0.66174,51.504472,-64.548108,2018-11-30 22:06:25,2021-12-06 10:10:01,0,ok,True,7,0,train,775,1,success,0,0,18276,0.0,0.0,0.0,c:\Users\user\Documents\HSFlensburgMaster\Sommersemester2026\AdvancedDeepLearning\Projekt\Exoplanets\data\interim\spoc120_dataset_generation\samples\toi_273_01.npz
747,2015.01,368287008,CP,3.3491408,2459712.928909,1.207,7210.0,12.8387,3223.0,0.32,232.132653,27.361073,2020-06-19 06:00:39,2025-04-20 12:03:53,1,ok,True,3,6,train,776,24,success,0,0,16047,0.0,0.0,0.0,c:\Users\user\Documents\HSFlensburgMaster\Sommersemester2026\AdvancedDeepLearning\Projekt\Exoplanets\data\interim\spoc120_dataset_generation\samples\toi_2015_01.npz
748,2017.01,357416482,FP,5.49826,2460434.940249,2.04,12929.0,8.2057,6362.6,1.34,228.949819,27.36181,2020-06-19 06:00:39,2024-08-06 10:08:01,0,ok,True,3,2,train,777,24,success,0,0,18210,0.0,0.0,0.0,c:\Users\user\Documents\HSFlensburgMaster\Sommersemester2026\AdvancedDeepLearning\Projekt\Exoplanets\data\interim\spoc120_dataset_generation\samples\toi_2017_01.npz
749,2018.01,357501308,CP,7.4355709,2458958.257962,2.3450321,1310.6803156,8.962,4218.9,0.622512,229.837442,29.207877,2020-06-19 06:00:39,2024-10-01 10:08:01,1,ok,True,4,10,train,778,24,success,0,0,18211,0.0,0.0,0.0,c:\Users\user\Documents\HSFlensburgMaster\Sommersemester2026\AdvancedDeepLearning\Projekt\Exoplanets\data\interim\spoc120_dataset_generation\samples\toi_2018_01.npz
750,2019.01,159781361,CP,15.3468182,2460431.584231,6.425,665.0,9.6087,5588.0,1.8,234.431765,48.955206,2020-06-19 06:00:39,2024-08-15 10:08:02,1,ok,True,5,6,train,779,24,recovered,11,0,18214,5.472636815920398,0.0,5.472636815920398,c:\Users\user\Documents\HSFlensburgMaster\Sommersemester2026\AdvancedDeepLearning\Projekt\Exoplanets\data\interim\spoc120_dataset_generation\samples\toi_2019_01.npz
751,2020.01,39903405,KP,5.633477,2460477.275907,4.132,5651.0,8.27468,6412.8,1.7,245.151432,41.04796,2020-06-19 06:00:39,2024-08-29 10:08:02,1,ok,True,6,15,validation,780,24,success,0,0,18213,0.0,0.0,0.0,c:\Users\user\Documents\HSFlensburgMaster\Sommersemester2026\AdvancedDeepLearning\Projekt\Exoplanets\data\interim\spoc120_dataset_generation\samples\toi_2020_01.npz
752,2021.01,236312126,KP,3.9415041,2459713.291648,2.866,21330.0,10.5484,5729.0,0.92,240.549275,28.169625,2020-06-19 06:00:39,2022-09-02 16:02:01,1,ok,True,2,18,test,781,24,success,0,0,15726,0.0,0.0,0.0,c:\Users\user\Documents\HSFlensburgMaster\Sommersemester2026\AdvancedDeepLearning\Projekt\Exoplanets\data\interim\spoc120_dataset_generation\samples\toi_2021_01.npz
753,2022.01,11996814,FP,0.4487349,2458790.849435,2.8757897,3572.0328032,11.6484,3975.0,0.627144,31.17055,65.289331,2020-06-19 06:00:39,2021-10-29 12:59:15,0,ok,True,4,6,train,782,18,success,0,2,14765,0.0,3.278688524590164,3.278688524590164,c:\Users\user\Documents\HSFlensburgMaster\Sommersemester2026\AdvancedDeepLearning\Projekt\Exoplanets\data\interim\spoc120_dataset_generation\samples\toi_2022_01.npz
754,2024.01,255930614,KP,2.8758831,2460476.023499,3.14,3152.0,7.6262,6084.0,1.46,247.622983,38.347535,2020-06-19 06:00:40,2024-08-29 10:08:02,1,ok,True,6,18,test,783,24,success,0,0,15709,0.0,0.0,0.0,c:\Users\user\Documents\HSFlensburgMaster\Sommersemester2026\AdvancedDeepLearning\Projekt\Exoplanets\data\interim\spoc120_dataset_generation\samples\toi_2024_01.npz
755,2025.01,394050135,CP,8.8720542,2459754.939635,3.6593396,6144.296801,10.9461,6042.0,1.47996,282.795256,82.245414,2020-06-19 07:20:03,2023-06-16 12:02:57,1,ok,True,13,6,train,784,40,success,0,0,19610,0.0,0.0,0.0,c:\Users\user\Documents\HSFlensburgMaster\Sommersemester2026\AdvancedDeepLearning\Projekt\Exoplanets\data\interim\spoc120_dataset_generation\samples\toi_2025_01.npz
756,2246.01,349786918,FP,2.9663389,2460772.168476,4.3486787,192.3691435,9.9676,5807.0,1.59,113.043495,-65.811395,2020-09-18 21:10:23,2026-04-28 16:00:02,0,ok,True,10,6,train,785,4,success,0,0,14373,0.0,0.0,0.0,c:\Users\user\Documents\HSFlensburgMaster\Sommersemester2026\AdvancedDeepLearning\Projekt\Exoplanets\data\interim\spoc120_dataset_generation\samples\toi_2246_01.npz
757,2247.01,376168473,FA,5.41402,2459040.0943,4.418,7780.0,10.787,6394.3,1.75,310.483618,-38.878003,2020-09-18 21:10:23,2021-10-29 12:59:15,0,ok,True,2,3,train,786,67,success,0,0,12982,0.0,0.0,0.0,c:\Users\user\Documents\HSFlensburgMaster\Sommersemester2026\AdvancedDeepLearning\Projekt\Exoplanets\data\interim\spoc120_dataset_generation\samples\toi_2247_01.npz
758,2250.01,264303333,FP,0.8153098,2460367.057256,1.373,189.0,10.1583,5729.0,0.97,296.355007,67.310971,2020-09-23 20:39:01,2024-04-22 10:08:02,0,ok,True,24,7,train,787,14,success,0,0,18423,0.0,0.0,0.0,c:\Users\user\Documents\HSFlensburgMaster\Sommersemester2026\AdvancedDeepLearning\Projekt\Exoplanets\data\interim\spoc120_dataset_generation\samples\toi_2250_01.npz
759,2466.01,293612446,KP,2.6266983,2459493.9445,4.087,10650.0,12.0364,6475.0,1.77,76.867332,16.867695,2021-02-03 22:59:13,2024-01-17 10:08:02,1,ok,True,4,14,validation,789,32,success,0,0,17282,0.0,0.0,0.0,c:\Users\user\Documents\HSFlensburgMaster\Sommersemester2026\AdvancedDeepLearning\Projekt\Exoplanets\data\interim\spoc120_dataset_generation\samples\toi_2466_01.npz
760,247.01,160148385,KP,3.4252563,2458354.319774,2.4617762,14223.1726719,11.9116,5540.0,1.11655,1.04657,-47.360635,2018-11-29 21:52:42,2024-09-19 10:08:01,1,ok,True,7,15,validation,790,2,success,0,0,18299,0.0,0.0,0.0,c:\Users\user\Documents\HSFlensburgMaster\Sommersemester2026\AdvancedDeepLearning\Projekt\Exoplanets\data\interim\spoc120_dataset_generation\samples\toi_247_01.npz
761,277.01,439456714,CP,3.9934418,2458385.036312,1.9693065,5801.8957159,11.7315,3748.0,0.523113,19.076698,-20.953277,2018-11-30 22:06:26,2023-03-03 12:03:04,1,ok,True,3,2,train,791,3,success,0,0,12676,0.0,0.0,0.0,c:\Users\user\Documents\HSFlensburgMaster\Sommersemester2026\AdvancedDeepLearning\Projekt\Exoplanets\data\interim\spoc120_dataset_generation\samples\toi_277_01.npz
762,2771.01,437893926,FP,3.8454384,2459548.185346,4.736,4590.0,12.4432,6733.4,2.02,94.017995,15.270666,2021-06-03 22:07:25,2024-08-22 10:08:01,0,ok,True,2,18,test,792,71,success,0,0,14967,0.0,0.0,0.0,c:\Users\user\Documents\HSFlensburgMaster\Sommersemester2026\AdvancedDeepLearning\Projekt\Exoplanets\data\interim\spoc120_dataset_generation\samples\toi_2771_01.npz
763,2779.01,319735319,FP,2.9038027,2459224.225903,3.511,5860.0,12.4889,6570.0,1.51,99.678448,2.43106,2021-06-03 22:07:26,2024-08-22 10:08:01,0,ok,True,1,14,validation,793,87,success,0,0,14339,0.0,0.0,0.0,c:\Users\user\Documents\HSFlensburgMaster\Sommersemester2026\AdvancedDeepLearning\Projekt\Exoplanets\data\interim\spoc120_dataset_generation\samples\toi_2779_01.npz
764,2257.01,198485881,CP,35.1896444,2459606.202888,3.3254029,4524.9353925,12.9672,3446.0,0.326932,194.739614,77.661716,2020-09-23 20:39:02,2022-11-09 16:02:01,1,ok,True,11,19,test,795,14,success,52,0,18423,25.870646766169152,0.0,25.870646766169152,c:\Users\user\Documents\HSFlensburgMaster\Sommersemester2026\AdvancedDeepLearning\Projekt\Exoplanets\data\interim\spoc120_dataset_generation\samples\toi_2257_01.npz
765,2258.01,219821826,FP,9.6799809,2459659.732563,1.806,15870.0,12.2169,5980.0,1.11,268.029535,62.79094,2020-09-23 20:39:02,2022-06-29 16:02:02,0,ok,True,27,6,train,796,24,success,0,0,18216,0.0,0.0,0.0,c:\Users\user\Documents\HSFlensburgMaster\Sommersemester2026\AdvancedDeepLearning\Projekt\Exoplanets\data\interim\spoc120_dataset_generation\samples\toi_2258_01.npz
766,2260.01,232568235,CP,0.3524597,2460423.375669,0.578,305.0,9.75874,5432.0,0.9,247.667,49.046789,2020-09-23 20:39:02,2024-07-26 10:08:01,1,ok,True,6,2,train,797,23,success,0,0,15062,0.0,0.0,0.0,c:\Users\user\Documents\HSFlensburgMaster\Sommersemester2026\AdvancedDeepLearning\Projekt\Exoplanets\data\interim\spoc120_dataset_generation\samples\toi_2260_01.npz
767,2266.01,8348911,CP,2.326343,2458957.9252,1.2195051,4153.6144436,13.5042,3244.0,0.261162,245.28004,31.577041,2020-09-30 13:26:55,2025-04-20 12:03:53,1,ok,True,6,19,test,798,24,success,0,0,15231,0.0,0.0,0.0,c:\Users\user\Documents\HSFlensburgMaster\Sommersemester2026\AdvancedDeepLearning\Projekt\Exoplanets\data\interim\spoc120_dataset_generation\samples\toi_2266_01.npz
768,2267.01,459837008,CP,3.4950422,2458816.152459,1.0311342,2004.426903,12.2591,3022.0,0.242745,65.061496,84.900824,2020-09-30 13:26:55,2025-08-20 12:05:05,1,ok,True,12,19,test,799,19,success,0,0,16587,0.0,0.0,0.0,c:\Users\user\Documents\HSFlensburgMaster\Sommersemester2026\AdvancedDeepLearning\Projekt\Exoplanets\data\interim\spoc120_dataset_generation\samples\toi_2267_01.npz
769,2267.03,459837008,CP,2.2891027,2458818.073212,0.8344032,1384.622855,12.2591,3022.0,0.242745,65.061496,84.900824,2022-02-28 23:51:56,2025-08-20 12:05:05,1,ok,True,12,19,test,800,19,success,0,0,16587,0.0,0.0,0.0,c:\Users\user\Documents\HSFlensburgMaster\Sommersemester2026\AdvancedDeepLearning\Projekt\Exoplanets\data\interim\spoc120_dataset_generation\samples\toi_2267_03.npz
770,2492.01,282498590,FP,10.1004307,2459222.255014,4.977,13680.0,11.6749,6519.0,1.49,90.099738,5.11447,2021-02-19 00:37:58,2025-01-08 12:03:11,0,ok,True,2,19,test,802,33,success,0,0,17457,0.0,0.0,0.0,c:\Users\user\Documents\HSFlensburgMaster\Sommersemester2026\AdvancedDeepLearning\Projekt\Exoplanets\data\interim\spoc120_dataset_generation\samples\toi_2492_01.npz
771,270.01,259377017,CP,5.6604773,2460982.004741,1.6617716,3451.8440419,10.4981,3551.0,0.374358,68.41608,-51.957394,2019-05-17 18:40:33,2026-04-17 10:08:01,1,ok,True,7,5,train,803,3,success,0,0,12983,0.0,0.0,0.0,c:\Users\user\Documents\HSFlensburgMaster\Sommersemester2026\AdvancedDeepLearning\Projekt\Exoplanets\data\interim\spoc120_dataset_generation\samples\toi_270_01.npz
772,270.02,259377017,CP,11.3796991,2460984.247091,2.0489434,2960.9549482,10.4981,3551.0,0.374358,68.41608,-51.957394,2019-05-17 18:40:33,2026-04-17 10:08:01,1,ok,True,7,5,train,804,3,success,31,0,12983,15.422885572139302,0.0,15.422885572139302,c:\Users\user\Documents\HSFlensburgMaster\Sommersemester2026\AdvancedDeepLearning\Projekt\Exoplanets\data\interim\spoc120_dataset_generation\samples\toi_270_02.npz
773,270.03,259377017,CP,3.3601671,2460987.858405,1.3266673,976.6940501,10.4981,3551.0,0.374358,68.41608,-51.957394,2019-05-17 18:40:33,2026-03-04 16:00:01,1,ok,True,7,5,train,805,3,success,0,0,12983,0.0,0.0,0.0,c:\Users\user\Documents\HSFlensburgMaster\Sommersemester2026\AdvancedDeepLearning\Projekt\Exoplanets\data\interim\spoc120_dataset_generation\samples\toi_270_03.npz
774,2707.01,455036659,KP,4.007232,2459194.067914,4.78,10360.0,12.1569,6202.0,1.75,68.974396,2.431273,2021-06-03 21:39:01,2025-08-29 16:00:02,1,ok,True,1,4,train,806,98,success,0,0,24630,0.0,0.0,0.0,c:\Users\user\Documents\HSFlensburgMaster\Sommersemester2026\AdvancedDeepLearning\Projekt\Exoplanets\data\interim\spoc120_dataset_generation\samples\toi_2707_01.npz
775,2046.01,468574941,CP,1.4971447,2459882.348171,2.4024159,16266.2491958,10.996,6081.0,1.2431901,16.184942,74.331306,2020-06-19 07:20:04,2023-02-21 16:02:01,1,ok,True,6,17,test,807,58,success,0,0,19474,0.0,0.0,0.0,c:\Users\user\Documents\HSFlensburgMaster\Sommersemester2026\AdvancedDeepLearning\Projekt\Exoplanets\data\interim\spoc120_dataset_generation\samples\toi_2046_01.npz
776,2047.01,363761216,FP,7.4072602,2460651.832302,3.019,14765.0,10.4708,5887.0,1.14,5.867146,71.158807,2020-06-19 07:20:04,2025-07-23 16:00:01,0,ok,True,1,12,train,808,52,success,0,0,14263,0.0,0.0,0.0,c:\Users\user\Documents\HSFlensburgMaster\Sommersemester2026\AdvancedDeepLearning\Projekt\Exoplanets\data\interim\spoc120_dataset_generation\samples\toi_2047_01.npz
777,2048.01,159873822,CP,13.7905315,2459704.448013,3.301,1140.0,10.7545,5021.6,0.76,237.924107,52.306308,2020-06-19 07:20:04,2023-03-20 12:03:37,1,ok,True,7,7,train,809,16,success,41,0,14887,20.398009950248756,0.0,20.398009950248756,c:\Users\user\Documents\HSFlensburgMaster\Sommersemester2026\AdvancedDeepLearning\Projekt\Exoplanets\data\interim\spoc120_dataset_generation\samples\toi_2048_01.npz
778,2052.01,1100766816,FP,1.62263,2458957.04205,1.555,1630.0,10.0943,5016.1,1.01,238.501017,19.596887,2020-06-19 07:20:04,2021-10-29 12:59:15,0,ok,True,1,14,validation,810,51,success,0,0,7793,0.0,0.0,0.0,c:\Users\user\Documents\HSFlensburgMaster\Sommersemester2026\AdvancedDeepLearning\Projekt\Exoplanets\data\interim\spoc120_dataset_generation\samples\toi_2052_01.npz
779,2053.01,315755496,FP,4.27808,2459394.643317,1.9576205,1096.6013542,10.5008,4772.0,5.2787499,310.331372,82.435302,2020-06-19 07:20:04,2021-10-29 12:59:15,0,ok,True,7,4,train,811,40,success,0,0,19610,0.0,0.0,0.0,c:\Users\user\Documents\HSFlensburgMaster\Sommersemester2026\AdvancedDeepLearning\Projekt\Exoplanets\data\interim\spoc120_dataset_generation\samples\toi_2053_01.npz
780,2054.01,378355116,FP,3.5684459,2459875.429386,2.934,939.0,10.7633,8124.0,2.08,358.248392,60.481667,2020-06-19 07:20:04,2023-05-26 16:02:02,0,ok,True,6,16,validation,812,57,success,0,0,17991,0.0,0.0,0.0,c:\Users\user\Documents\HSFlensburgMaster\Sommersemester2026\AdvancedDeepLearning\Projekt\Exoplanets\data\interim\spoc120_dataset_generation\samples\toi_2054_01.npz
781,2058.01,326732851,FP,1.51567,2458766.42257,2.281,750.0,10.5365,4963.0,4.96,359.678289,62.625907,2020-06-19 07:20:04,2021-10-29 12:59:15,0,ok,True,2,0,train,813,77,success,0,0,12874,0.0,0.0,0.0,c:\Users\user\Documents\HSFlensburgMaster\Sommersemester2026\AdvancedDeepLearning\Projekt\Exoplanets\data\interim\spoc120_dataset_generation\samples\toi_2058_01.npz
782,206.01,55650590,CP,0.7363132,2458325.542536,0.6736853,1322.5461054,12.4312,3358.0,0.351676,73.73822,-62.521874,2019-05-17 18:40:33,2024-01-17 16:02:04,1,ok,True,44,15,validation,814,1,success,0,0,15377,0.0,0.0,0.0,c:\Users\user\Documents\HSFlensburgMaster\Sommersemester2026\AdvancedDeepLearning\Projekt\Exoplanets\data\interim\spoc120_dataset_generation\samples\toi_206_01.npz
783,2060.01,285542903,FP,2.2657506,2460448.014024,3.419,388.0,9.8722,10125.0,4.14,13.27005,60.618112,2020-06-19 07:20:04,2024-08-06 10:08:01,0,ok,True,2,16,validation,815,58,success,0,0,18655,0.0,0.0,0.0,c:\Users\user\Documents\HSFlensburgMaster\Sommersemester2026\AdvancedDeepLearning\Projekt\Exoplanets\data\interim\spoc120_dataset_generation\samples\toi_2060_01.npz
784,2269.01,441798995,FA,1.4206036,2458683.350647,1.6483243,448.0101837,11.9521,3872.0,0.548484,264.147896,77.126216,2020-09-30 13:26:55,2021-10-29 12:59:15,0,ok,True,43,9,train,816,14,success,0,0,18422,0.0,0.0,0.0,c:\Users\user\Documents\HSFlensburgMaster\Sommersemester2026\AdvancedDeepLearning\Projekt\Exoplanets\data\interim\spoc120_dataset_generation\samples\toi_2269_01.npz
785,2274.01,289164482,CP,2.6796164,2458685.367259,0.9028948,827.5423687,10.3543,3943.0,0.63072,277.459311,40.541412,2020-09-30 13:26:55,2025-04-20 12:03:53,1,ok,True,8,4,train,817,14,success,0,0,18315,0.0,0.0,0.0,c:\Users\user\Documents\HSFlensburgMaster\Sommersemester2026\AdvancedDeepLearning\Projekt\Exoplanets\data\interim\spoc120_dataset_generation\samples\toi_2274_01.npz
786,2497.01,97568467,CP,10.655694,2459205.098381,7.8236322,2103.6578759,9.14112,6715.0,2.49897,90.062588,11.884058,2021-02-19 00:37:58,2024-06-06 10:08:02,1,ok,True,3,19,test,818,33,success,0,0,17446,0.0,0.0,0.0,c:\Users\user\Documents\HSFlensburgMaster\Sommersemester2026\AdvancedDeepLearning\Projekt\Exoplanets\data\interim\spoc120_dataset_generation\samples\toi_2497_01.npz
787,2498.01,263179590,CP,3.7382381,2459204.417815,2.975208,1316.4622757,10.844,5938.0,1.2906801,95.41622,11.251648,2021-02-19 00:37:59,2024-06-06 10:08:02,1,ok,True,3,2,train,819,33,success,0,0,17385,0.0,0.0,0.0,c:\Users\user\Documents\HSFlensburgMaster\Sommersemester2026\AdvancedDeepLearning\Projekt\Exoplanets\data\interim\spoc120_dataset_generation\samples\toi_2498_01.npz
788,250.01,184240683,KP,1.6284288,2458355.508611,2.368249,13798.6701483,11.5464,5700.0,1.0941,359.349028,-41.27722,2018-11-29 21:52:42,2024-09-09 10:08:01,1,ok,True,6,8,train,820,2,success,0,0,18299,0.0,0.0,0.0,c:\Users\user\Documents\HSFlensburgMaster\Sommersemester2026\AdvancedDeepLearning\Projekt\Exoplanets\data\interim\spoc120_dataset_generation\samples\toi_250_01.npz
789,2502.01,52689469,KP,3.1413825,2459202.042637,4.4361226,5433.0348726,13.6373,6534.0,1.73409,101.394805,-33.881692,2021-02-19 00:37:59,2021-12-02 16:02:01,1,ok,True,3,0,train,821,33,success,0,0,17458,0.0,0.0,0.0,c:\Users\user\Documents\HSFlensburgMaster\Sommersemester2026\AdvancedDeepLearning\Projekt\Exoplanets\data\interim\spoc120_dataset_generation\samples\toi_2502_01.npz
790,2503.01,124778445,KP,1.6751568,2459203.395868,2.2718194,17781.0520005,13.9819,5457.0,0.963518,94.444759,-35.706364,2021-02-19 00:37:59,2021-10-29 12:59:15,1,ok,True,3,8,train,822,33,success,0,0,17456,0.0,0.0,0.0,c:\Users\user\Documents\HSFlensburgMaster\Sommersemester2026\AdvancedDeepLearning\Projekt\Exoplanets\data\interim\spoc120_dataset_generation\samples\toi_2503_01.npz
791,251.01,224225541,CP,4.9377227,2458357.305138,2.1294254,844.8199092,9.3258,5862.0,0.955756,353.062066,-37.255863,2018-11-29 21:52:42,2024-09-09 10:08:01,1,ok,True,4,19,test,823,2,success,0,0,18298,0.0,0.0,0.0,c:\Users\user\Documents\HSFlensburgMaster\Sommersemester2026\AdvancedDeepLearning\Projekt\Exoplanets\data\interim\spoc120_dataset_generation\samples\toi_251_01.npz
792,2736.01,91869778,FP,3.4771921,2460235.294959,2.002,3250.0,10.9521,6539.0,1.94,88.841655,15.37845,2021-06-03 22:07:20,2024-12-27 12:03:09,0,ok,True,2,5,train,824,71,success,0,0,14682,0.0,0.0,0.0,c:\Users\user\Documents\HSFlensburgMaster\Sommersemester2026\AdvancedDeepLearning\Projekt\Exoplanets\data\interim\spoc120_dataset_generation\samples\toi_2736_01.npz
793,274.01,281979481,FP,0.5417947,2459362.157241,1.1716379,537.9244902,10.4929,5181.0,0.807298,130.505379,-75.801869,2018-11-30 22:06:25,2026-02-25 16:00:02,0,ok,True,9,7,train,825,3,success,0,0,12511,0.0,0.0,0.0,c:\Users\user\Documents\HSFlensburgMaster\Sommersemester2026\AdvancedDeepLearning\Projekt\Exoplanets\data\interim\spoc120_dataset_generation\samples\toi_274_01.npz
794,2743.01,280212554,FP,1.1472535,2459212.045265,1.789,4090.0,13.3574,9742.0,2.59,100.873785,-1.871278,2021-06-03 22:07:21,2024-08-22 10:08:01,0,ok,True,1,3,train,826,87,success,0,0,13894,0.0,0.0,0.0,c:\Users\user\Documents\HSFlensburgMaster\Sommersemester2026\AdvancedDeepLearning\Projekt\Exoplanets\data\interim\spoc120_dataset_generation\samples\toi_2743_01.npz
795,2744.01,279989567,FP,0.787177,2459226.18852,1.515,1350.0,11.4746,4899.5,,100.564751,-4.949889,2021-06-03 22:07:21,2024-08-22 10:08:01,0,ok,True,1,15,validation,827,87,success,0,0,13360,0.0,0.0,0.0,c:\Users\user\Documents\HSFlensburgMaster\Sommersemester2026\AdvancedDeepLearning\Projekt\Exoplanets\data\interim\spoc120_dataset_generation\samples\toi_2744_01.npz
796,2062.01,373785851,FP,4.04163,2458795.9996,1.719,3100.0,10.155,6895.0,2.36,27.778642,63.081422,2020-06-19 07:20:04,2021-10-29 12:59:15,0,ok,True,1,1,train,828,52,success,0,0,12653,0.0,0.0,0.0,c:\Users\user\Documents\HSFlensburgMaster\Sommersemester2026\AdvancedDeepLearning\Projekt\Exoplanets\data\interim\spoc120_dataset_generation\samples\toi_2062_01.npz
797,2064.01,115524421,KP,8.8036803,2459735.852814,2.997,8360.0,11.5906,5701.0,0.94,254.130502,44.302536,2020-06-19 07:20:04,2023-03-15 16:02:02,1,ok,True,4,9,train,829,51,success,0,0,10698,0.0,0.0,0.0,c:\Users\user\Documents\HSFlensburgMaster\Sommersemester2026\AdvancedDeepLearning\Projekt\Exoplanets\data\interim\spoc120_dataset_generation\samples\toi_2064_01.npz
798,2068.01,417931300,CP,7.7690887,2458683.416826,2.6251447,1416.7912077,11.1806,3700.0,0.542573,186.27356,60.418346,2020-07-15 20:44:30,2025-08-01 10:05:58,1,ok,True,7,15,validation,830,14,success,0,0,16407,0.0,0.0,0.0,c:\Users\user\Documents\HSFlensburgMaster\Sommersemester2026\AdvancedDeepLearning\Projekt\Exoplanets\data\interim\spoc120_dataset_generation\samples\toi_2068_01.npz
799,207.01,260271203,FP,5.6492853,2458330.097007,4.0424046,44346.559983,13.4734,5963.0,1.21025,94.218082,-58.229798,2019-01-31 17:54:50,2024-09-05 10:08:02,0,ok,True,19,13,train,831,1,success,0,0,18277,0.0,0.0,0.0,c:\Users\user\Documents\HSFlensburgMaster\Sommersemester2026\AdvancedDeepLearning\Projekt\Exoplanets\data\interim\spoc120_dataset_generation\samples\toi_207_01.npz
800,2076.01,27491137,CP,10.3563596,2459675.695029,3.4814933,923.942127,8.3745,5149.6,0.772148,217.392016,39.790399,2020-07-15 20:44:30,2022-11-09 16:02:01,1,ok,True,4,15,validation,832,16,success,0,0,15395,0.0,0.0,0.0,c:\Users\user\Documents\HSFlensburgMaster\Sommersemester2026\AdvancedDeepLearning\Projekt\Exoplanets\data\interim\spoc120_dataset_generation\samples\toi_2076_01.npz
801,228.01,77044471,KP,2.6865064,2458356.100116,2.6567231,12135.3375306,13.2576,5738.0,1.18274,358.558844,-30.013038,2018-11-29 21:52:42,2026-01-26 16:00:01,1,ok,True,4,2,train,833,2,success,0,0,18299,0.0,0.0,0.0,c:\Users\user\Documents\HSFlensburgMaster\Sommersemester2026\AdvancedDeepLearning\Projekt\Exoplanets\data\interim\spoc120_dataset_generation\samples\toi_228_01.npz
802,2283.01,198211976,FA,0.4018586,2458683.724447,1.5779753,111.3648011,11.2076,3621.0,0.520283,248.333273,63.524496,2020-09-30 13:26:56,2023-08-03 10:10:02,0,ok,True,42,3,train,834,14,success,0,0,16334,0.0,0.0,0.0,c:\Users\user\Documents\HSFlensburgMaster\Sommersemester2026\AdvancedDeepLearning\Projekt\Exoplanets\data\interim\spoc120_dataset_generation\samples\toi_2283_01.npz
803,2284.01,115446313,FP,4.9707023,2460471.356355,2.586,487.0,9.88372,6109.0,1.21,252.471891,47.316983,2020-09-30 13:26:56,2024-08-13 10:08:02,0,ok,True,5,19,test,835,24,success,0,0,18216,0.0,0.0,0.0,c:\Users\user\Documents\HSFlensburgMaster\Sommersemester2026\AdvancedDeepLearning\Projekt\Exoplanets\data\interim\spoc120_dataset_generation\samples\toi_2284_01.npz
804,2285.01,329148988,CP,27.2672016,2458747.184629,2.4164839,1154.3278885,11.3078,3546.0,0.460014,332.563264,58.706093,2020-09-30 13:26:56,2024-09-18 10:08:02,1,ok,True,9,10,train,836,16,success,45,0,14946,22.388059701492537,0.0,22.388059701492537,c:\Users\user\Documents\HSFlensburgMaster\Sommersemester2026\AdvancedDeepLearning\Projekt\Exoplanets\data\interim\spoc120_dataset_generation\samples\toi_2285_01.npz
805,229.01,120610833,KP,3.1260751,2458354.77371,1.7204574,11158.2764589,11.5005,5100.0,0.874706,5.237757,-35.998465,2018-11-29 21:52:42,2026-01-26 16:00:01,1,ok,True,4,15,validation,837,2,success,0,0,18298,0.0,0.0,0.0,c:\Users\user\Documents\HSFlensburgMaster\Sommersemester2026\AdvancedDeepLearning\Projekt\Exoplanets\data\interim\spoc120_dataset_generation\samples\toi_229_01.npz
806,2510.01,170103435,FP,1.9785151,2459984.552667,1.282,500.0,10.0879,6317.0,1.23,101.397361,-46.565471,2021-03-02 22:28:41,2023-03-08 16:02:02,0,ok,True,1,3,train,838,7,success,0,0,16337,0.0,0.0,0.0,c:\Users\user\Documents\HSFlensburgMaster\Sommersemester2026\AdvancedDeepLearning\Projekt\Exoplanets\data\interim\spoc120_dataset_generation\samples\toi_2510_01.npz
807,2524.01,169249234,CP,7.1858029,2459527.431854,4.2542613,11192.4995247,12.1772,5758.3,1.19,160.886843,-1.912698,2021-03-02 22:57:47,2024-06-06 10:08:02,1,ok,True,5,6,train,839,45,success,0,0,15864,0.0,0.0,0.0,c:\Users\user\Documents\HSFlensburgMaster\Sommersemester2026\AdvancedDeepLearning\Projekt\Exoplanets\data\interim\spoc120_dataset_generation\samples\toi_2524_01.npz
808,2525.01,149601126,CP,23.3418536,2459174.013303,6.4129373,6473.602151,13.4006,4944.0,0.824284,86.850974,-60.521308,2021-03-02 22:57:47,2024-09-18 10:08:02,1,ok,True,27,2,train,840,27,success,8,0,16781,3.9800995024875623,0.0,3.9800995024875623,c:\Users\user\Documents\HSFlensburgMaster\Sommersemester2026\AdvancedDeepLearning\Projekt\Exoplanets\data\interim\spoc120_dataset_generation\samples\toi_2525_01.npz
809,2754.01,148233571,FP,0.9422588,2459226.37606,1.46,1060.0,12.2082,5544.7,1.07,101.346587,-41.249216,2021-06-03 22:07:23,2024-08-22 10:08:01,0,ok,True,2,18,test,842,87,success,0,0,15339,0.0,0.0,0.0,c:\Users\user\Documents\HSFlensburgMaster\Sommersemester2026\AdvancedDeepLearning\Projekt\Exoplanets\data\interim\spoc120_dataset_generation\samples\toi_2754_01.npz
810,2759.01,134315574,FP,1.5971584,2459963.61295,3.429,5070.0,13.205,6033.0,2.06,107.356081,-44.683482,2021-06-03 22:07:23,2024-08-22 10:08:01,0,ok,True,1,14,validation,843,61,success,0,0,15610,0.0,0.0,0.0,c:\Users\user\Documents\HSFlensburgMaster\Sommersemester2026\AdvancedDeepLearning\Projekt\Exoplanets\data\interim\spoc120_dataset_generation\samples\toi_2759_01.npz
811,276.01,382188882,FP,4.8000953,2459328.579795,1.9968681,5241.0677476,10.6559,6366.0,1.58083,81.353084,-55.019925,2018-11-30 22:06:26,2023-11-01 10:08:02,0,ok,True,35,2,train,844,3,success,0,0,12780,0.0,0.0,0.0,c:\Users\user\Documents\HSFlensburgMaster\Sommersemester2026\AdvancedDeepLearning\Projekt\Exoplanets\data\interim\spoc120_dataset_generation\samples\toi_276_01.npz
812,2760.01,130611752,FP,0.4405893,2459963.18538,1.075,1850.0,12.8004,5643.0,1.48,105.752117,-43.493068,2021-06-03 22:07:24,2024-08-22 10:08:01,0,ok,True,1,0,train,845,61,success,0,0,15622,0.0,0.0,0.0,c:\Users\user\Documents\HSFlensburgMaster\Sommersemester2026\AdvancedDeepLearning\Projekt\Exoplanets\data\interim\spoc120_dataset_generation\samples\toi_2760_01.npz
813,2076.03,27491137,CP,21.0153047,2459673.364369,4.315,2072.0,8.3745,5149.6,0.77,217.392016,39.790399,2023-02-23 20:51:48,2023-02-24 12:02:44,1,ok,True,4,15,validation,847,16,success,21,0,15395,10.44776119402985,0.0,10.44776119402985,c:\Users\user\Documents\HSFlensburgMaster\Sommersemester2026\AdvancedDeepLearning\Projekt\Exoplanets\data\interim\spoc120_dataset_generation\samples\toi_2076_03.npz
814,2078.01,159244568,FA,6.2772478,2458820.249587,1.5325014,910.5215536,11.0372,5244.0,0.800741,227.179973,82.446925,2020-07-15 20:44:30,2022-06-02 12:03:17,0,ok,True,7,2,train,848,19,success,0,0,16500,0.0,0.0,0.0,c:\Users\user\Documents\HSFlensburgMaster\Sommersemester2026\AdvancedDeepLearning\Projekt\Exoplanets\data\interim\spoc120_dataset_generation\samples\toi_2078_01.npz
815,2081.01,321669174,CP,10.5054362,2459757.444606,2.4850401,1320.6016253,11.642,3742.0,0.515547,264.302263,53.025567,2020-07-15 20:44:31,2023-06-13 16:02:07,1,ok,True,26,0,train,849,14,success,0,0,14009,0.0,0.0,0.0,c:\Users\user\Documents\HSFlensburgMaster\Sommersemester2026\AdvancedDeepLearning\Projekt\Exoplanets\data\interim\spoc120_dataset_generation\samples\toi_2081_01.npz
816,2084.01,441738827,CP,6.0784031,2459652.834382,2.117,1810.0,13.3257,3630.0,0.47,259.254539,72.747023,2020-07-15 20:44:31,2023-12-03 12:03:15,1,ok,True,33,11,train,850,16,success,0,0,15696,0.0,0.0,0.0,c:\Users\user\Documents\HSFlensburgMaster\Sommersemester2026\AdvancedDeepLearning\Projekt\Exoplanets\data\interim\spoc120_dataset_generation\samples\toi_2084_01.npz
817,2084.02,441738827,FP,8.1490285,2458745.410754,2.3210553,2850.6795113,13.3257,3630.0,0.466766,259.254539,72.747023,2020-07-15 20:44:31,2024-06-04 12:03:05,0,ok,True,33,11,train,851,16,success,0,0,15696,0.0,0.0,0.0,c:\Users\user\Documents\HSFlensburgMaster\Sommersemester2026\AdvancedDeepLearning\Projekt\Exoplanets\data\interim\spoc120_dataset_generation\samples\toi_2084_02.npz
818,230.01,160074939,FA,13.340145,2458366.329788,4.611198,589.893526,8.7435,6467.0,1.57943,346.319169,-36.945639,2018-11-29 21:52:42,2025-04-10 12:03:03,0,ok,True,2,9,train,853,2,success,0,0,18298,0.0,0.0,0.0,c:\Users\user\Documents\HSFlensburgMaster\Sommersemester2026\AdvancedDeepLearning\Projekt\Exoplanets\data\interim\spoc120_dataset_generation\samples\toi_230_01.npz
819,2303.01,197959526,FP,0.7196291,2459061.885478,1.474746,4971.1456595,11.8199,6454.0,1.69458,348.296702,-53.832813,2020-10-01 13:35:30,2021-10-29 12:59:15,0,ok,True,1,15,validation,854,28,success,0,0,13675,0.0,0.0,0.0,c:\Users\user\Documents\HSFlensburgMaster\Sommersemester2026\AdvancedDeepLearning\Projekt\Exoplanets\data\interim\spoc120_dataset_generation\samples\toi_2303_01.npz
820,254.01,49687222,FA,20.186539,2458360.073308,1.866565,1006.041833,9.8343,6101.0,1.01859,351.705383,-11.725573,2018-11-29 21:52:42,2022-10-03 16:02:02,0,ok,True,3,1,train,857,2,success,13,0,18300,6.467661691542288,0.0,6.467661691542288,c:\Users\user\Documents\HSFlensburgMaster\Sommersemester2026\AdvancedDeepLearning\Projekt\Exoplanets\data\interim\spoc120_dataset_generation\samples\toi_254_01.npz
821,185.01,100100827,KP,0.9414525,2460205.353322,2.05,11445.0,8.8287,6400.0,1.35,24.354462,-45.677794,2018-12-20 17:24:11,2023-11-03 10:08:02,1,ok,True,9,12,train,858,2,success,0,0,18299,0.0,0.0,0.0,c:\Users\user\Documents\HSFlensburgMaster\Sommersemester2026\AdvancedDeepLearning\Projekt\Exoplanets\data\interim\spoc120_dataset_generation\samples\toi_185_01.npz
822,1853.01,73540072,CP,1.2436239,2459690.743436,1.211,1790.0,11.3719,4968.8,0.84,211.459347,16.99237,2020-05-08 16:49:52,2023-12-03 12:03:15,1,ok,True,1,4,train,859,50,success,0,0,10751,0.0,0.0,0.0,c:\Users\user\Documents\HSFlensburgMaster\Sommersemester2026\AdvancedDeepLearning\Projekt\Exoplanets\data\interim\spoc120_dataset_generation\samples\toi_1853_01.npz
823,1855.01,81247740,CP,1.3641482,2459690.637842,0.952,7820.0,10.6503,5347.0,1.08,205.353953,17.686872,2020-05-08 16:49:52,2025-04-20 12:03:53,1,ok,True,1,7,train,860,50,success,0,0,10542,0.0,0.0,0.0,c:\Users\user\Documents\HSFlensburgMaster\Sommersemester2026\AdvancedDeepLearning\Projekt\Exoplanets\data\interim\spoc120_dataset_generation\samples\toi_1855_01.npz
824,186.01,279741379,CP,35.6133889,2460985.704053,3.0534335,1397.6487373,6.9934,4628.53,0.71,51.750188,-63.500166,2018-12-04 21:48:30,2026-04-09 16:00:01,1,ok,True,15,18,test,863,1,success,49,0,18277,24.378109452736318,0.0,24.378109452736318,c:\Users\user\Documents\HSFlensburgMaster\Sommersemester2026\AdvancedDeepLearning\Projekt\Exoplanets\data\interim\spoc120_dataset_generation\samples\toi_186_01.npz
825,186.02,279741379,CP,7.7897886,2460980.806574,2.3434341,169.0703497,6.9934,4628.53,0.71,51.750188,-63.500166,2020-07-09 13:30:18,2026-04-09 16:00:01,1,ok,True,15,18,test,864,1,success,0,0,18277,0.0,0.0,0.0,c:\Users\user\Documents\HSFlensburgMaster\Sommersemester2026\AdvancedDeepLearning\Projekt\Exoplanets\data\interim\spoc120_dataset_generation\samples\toi_186_02.npz
826,1860.01,202426247,CP,1.0662082,2460367.147621,1.142,151.0,7.7885,5668.0,0.93,226.456731,64.047682,2020-05-18 15:28:56,2024-05-08 10:08:01,1,ok,True,13,6,train,865,14,success,0,0,17648,0.0,0.0,0.0,c:\Users\user\Documents\HSFlensburgMaster\Sommersemester2026\AdvancedDeepLearning\Projekt\Exoplanets\data\interim\spoc120_dataset_generation\samples\toi_1860_01.npz
827,1862.01,321668398,CP,5.6442112,2459768.446771,2.980996,4136.2010063,11.5429,6310.0,1.63591,264.26302,53.021275,2020-05-29 16:35:30,2023-07-05 12:02:59,1,ok,True,22,15,validation,866,24,success,0,0,16043,0.0,0.0,0.0,c:\Users\user\Documents\HSFlensburgMaster\Sommersemester2026\AdvancedDeepLearning\Projekt\Exoplanets\data\interim\spoc120_dataset_generation\samples\toi_1862_01.npz
828,1863.01,356919658,FP,1.42611,2458683.89879,1.788,1890.0,11.2542,6404.0,1.32,273.580728,57.992976,2020-05-29 16:35:30,2021-10-29 12:59:15,0,ok,True,27,6,train,867,24,success,0,0,18214,0.0,0.0,0.0,c:\Users\user\Documents\HSFlensburgMaster\Sommersemester2026\AdvancedDeepLearning\Projekt\Exoplanets\data\interim\spoc120_dataset_generation\samples\toi_1863_01.npz
829,2095.01,235678745,CP,17.664866,2458692.799727,2.7644951,736.3925122,11.0788,3746.0,0.463205,285.636524,75.418514,2020-07-15 20:44:32,2024-09-17 10:08:02,1,ok,True,40,11,train,870,14,success,10,0,18421,4.975124378109453,0.0,4.975124378109453,c:\Users\user\Documents\HSFlensburgMaster\Sommersemester2026\AdvancedDeepLearning\Projekt\Exoplanets\data\interim\spoc120_dataset_generation\samples\toi_2095_01.npz
830,2095.02,235678745,CP,28.1722501,2458704.29023,3.3983448,950.5653623,11.0788,3746.0,0.463205,285.636524,75.418514,2020-07-15 20:44:32,2024-09-17 10:08:02,1,ok,True,40,11,train,871,14,success,14,0,18421,6.965174129353234,0.0,6.965174129353234,c:\Users\user\Documents\HSFlensburgMaster\Sommersemester2026\AdvancedDeepLearning\Projekt\Exoplanets\data\interim\spoc120_dataset_generation\samples\toi_2095_02.npz
831,2096.01,142748283,CP,3.1190716,2459601.846172,1.1585974,2964.5828911,13.4764,3285.0,0.247331,151.618699,74.827211,2020-07-15 20:44:32,2023-12-03 12:03:15,1,ok,True,8,16,validation,872,14,success,0,0,18423,0.0,0.0,0.0,c:\Users\user\Documents\HSFlensburgMaster\Sommersemester2026\AdvancedDeepLearning\Projekt\Exoplanets\data\interim\spoc120_dataset_generation\samples\toi_2096_01.npz
832,2096.02,142748283,CP,6.3878202,2458687.53823,1.4551851,5857.0164704,13.4764,3285.0,0.247331,151.618699,74.827211,2020-07-15 20:44:32,2023-12-03 12:03:15,1,ok,True,8,16,validation,873,14,success,0,0,18423,0.0,0.0,0.0,c:\Users\user\Documents\HSFlensburgMaster\Sommersemester2026\AdvancedDeepLearning\Projekt\Exoplanets\data\interim\spoc120_dataset_generation\samples\toi_2096_02.npz
833,2097.01,279982557,FP,1.7890217,2458712.393015,1.9190564,391.6251669,11.6685,5264.0,0.791524,297.393769,66.293958,2020-07-15 20:44:32,2021-10-29 12:59:15,0,ok,True,23,19,test,874,15,success,0,0,12241,0.0,0.0,0.0,c:\Users\user\Documents\HSFlensburgMaster\Sommersemester2026\AdvancedDeepLearning\Projekt\Exoplanets\data\interim\spoc120_dataset_generation\samples\toi_2097_01.npz
834,231.01,204376737,KP,3.3610013,2458357.394744,2.5685869,24081.7810523,11.4779,5375.0,0.817705,348.157128,-22.674125,2018-11-29 21:52:42,2024-09-19 10:08:01,1,ok,True,3,4,train,875,2,success,0,0,18300,0.0,0.0,0.0,c:\Users\user\Documents\HSFlensburgMaster\Sommersemester2026\AdvancedDeepLearning\Projekt\Exoplanets\data\interim\spoc120_dataset_generation\samples\toi_231_01.npz
835,2316.01,61980227,FP,3.0958985,2459064.594292,1.8584684,10354.9916952,12.0516,6764.0,1.25844,335.53692,-30.763927,2020-10-01 13:35:30,2024-09-14 12:03:00,0,ok,True,1,5,train,876,28,success,0,0,12529,0.0,0.0,0.0,c:\Users\user\Documents\HSFlensburgMaster\Sommersemester2026\AdvancedDeepLearning\Projekt\Exoplanets\data\interim\spoc120_dataset_generation\samples\toi_2316_01.npz
836,2319.02,349488688,KP,11.6207544,2458994.287456,5.6290584,486.0090375,8.40302,6329.0,1.39619,253.784885,20.491524,2023-08-15 20:53:17,2023-08-18 12:03:17,1,ok,True,3,7,train,877,25,success,0,0,17240,0.0,0.0,0.0,c:\Users\user\Documents\HSFlensburgMaster\Sommersemester2026\AdvancedDeepLearning\Projekt\Exoplanets\data\interim\spoc120_dataset_generation\samples\toi_2319_02.npz
837,232.01,402026209,KP,1.3382314,2458355.184421,2.1560676,27137.0920051,11.8295,5436.0,0.894974,353.562915,-42.061779,2018-11-29 21:52:42,2024-06-03 10:08:02,1,ok,True,7,3,train,878,2,success,0,0,18299,0.0,0.0,0.0,c:\Users\user\Documents\HSFlensburgMaster\Sommersemester2026\AdvancedDeepLearning\Projekt\Exoplanets\data\interim\spoc120_dataset_generation\samples\toi_232_01.npz
838,2543.01,270604417,CP,7.5427509,2459233.347042,6.4481914,3098.3066655,10.8165,6349.8,1.86619,136.596917,3.56767,2021-03-11 23:41:58,2024-01-30 16:02:02,1,ok,True,4,17,test,879,34,success,0,0,16877,0.0,0.0,0.0,c:\Users\user\Documents\HSFlensburgMaster\Sommersemester2026\AdvancedDeepLearning\Projekt\Exoplanets\data\interim\spoc120_dataset_generation\samples\toi_2543_01.npz
839,2544.01,341419787,FP,21.0689935,2459230.852582,3.7404027,3392.7700746,10.7607,5441.0,1.98859,120.153396,-54.509002,2021-03-11 23:41:58,2025-09-04 16:00:02,0,ok,True,8,3,train,880,34,success,13,0,16940,6.467661691542288,0.0,6.467661691542288,c:\Users\user\Documents\HSFlensburgMaster\Sommersemester2026\AdvancedDeepLearning\Projekt\Exoplanets\data\interim\spoc120_dataset_generation\samples\toi_2544_01.npz
840,2545.01,149845414,CP,7.9940367,2458522.513973,4.271047,404.6194381,8.90594,5846.29,1.25324,135.545803,-3.420819,2021-03-11 23:41:58,2022-04-19 12:02:07,1,ok,True,4,19,test,881,8,success,0,0,12815,0.0,0.0,0.0,c:\Users\user\Documents\HSFlensburgMaster\Sommersemester2026\AdvancedDeepLearning\Projekt\Exoplanets\data\interim\spoc120_dataset_generation\samples\toi_2545_01.npz
841,2547.01,444013020,KP,2.3114203,2459228.794258,2.7479753,14975.1986739,11.302,5785.79,1.07008,133.324298,8.523017,2021-03-11 23:41:58,2024-11-26 16:02:02,1,ok,True,7,8,train,882,34,success,0,0,16876,0.0,0.0,0.0,c:\Users\user\Documents\HSFlensburgMaster\Sommersemester2026\AdvancedDeepLearning\Projekt\Exoplanets\data\interim\spoc120_dataset_generation\samples\toi_2547_01.npz
842,2548.01,350293646,KP,8.5234958,2459985.304174,2.444,18942.0,10.0471,5238.0,0.84,131.106996,1.859893,2021-03-11 23:41:58,2023-03-10 16:02:01,1,ok,True,3,13,train,883,34,success,0,0,16816,0.0,0.0,0.0,c:\Users\user\Documents\HSFlensburgMaster\Sommersemester2026\AdvancedDeepLearning\Projekt\Exoplanets\data\interim\spoc120_dataset_generation\samples\toi_2548_01.npz
843,2548.02,350293646,CP,1.4468993,2459985.331564,0.779,549.0,10.0471,5238.0,0.84,131.106996,1.859893,2023-03-23 19:51:58,2023-05-17 12:03:01,1,ok,True,3,13,train,884,34,success,0,0,16816,0.0,0.0,0.0,c:\Users\user\Documents\HSFlensburgMaster\Sommersemester2026\AdvancedDeepLearning\Projekt\Exoplanets\data\interim\spoc120_dataset_generation\samples\toi_2548_02.npz
844,255.01,204317710,KP,2.8126485,2459090.083321,2.8737522,13994.0625365,13.7426,5700.0,1.00957,346.075086,-21.272017,2018-11-29 21:52:42,2021-12-09 10:10:02,1,ok,True,4,2,train,885,2,success,0,0,18299,0.0,0.0,0.0,c:\Users\user\Documents\HSFlensburgMaster\Sommersemester2026\AdvancedDeepLearning\Projekt\Exoplanets\data\interim\spoc120_dataset_generation\samples\toi_255_01.npz
845,2550.01,294500964,FP,9.0702531,2459966.572012,1.9063647,3806.1953378,10.7757,5509.1,0.916742,122.228117,12.207623,2021-03-11 23:41:59,2023-12-20 16:02:19,0,ok,True,8,10,train,886,34,success,0,0,16831,0.0,0.0,0.0,c:\Users\user\Documents\HSFlensburgMaster\Sommersemester2026\AdvancedDeepLearning\Projekt\Exoplanets\data\interim\spoc120_dataset_generation\samples\toi_2550_01.npz
846,2554.01,144043410,FP,6.2636501,2459230.661673,5.3639991,7043.2784811,10.5484,6969.2,2.04438,126.755088,-20.680147,2021-03-11 23:41:59,2021-10-29 12:59:15,0,ok,True,1,11,train,887,34,success,0,0,16886,0.0,0.0,0.0,c:\Users\user\Documents\HSFlensburgMaster\Sommersemester2026\AdvancedDeepLearning\Projekt\Exoplanets\data\interim\spoc120_dataset_generation\samples\toi_2554_01.npz
847,2555.01,155491828,FP,16.0475029,2459233.496293,3.334,13630.0,11.1169,6337.5,1.6,123.488475,-24.7173,2021-03-18 16:10:35,2024-01-25 12:02:44,0,ok,True,1,9,train,888,34,success,18,0,16880,8.955223880597014,0.0,8.955223880597014,c:\Users\user\Documents\HSFlensburgMaster\Sommersemester2026\AdvancedDeepLearning\Projekt\Exoplanets\data\interim\spoc120_dataset_generation\samples\toi_2555_01.npz
848,1864.01,229791084,KP,1.6453265,2459766.543741,2.59,19310.0,12.2856,6023.0,1.32,284.443905,69.570837,2020-05-29 16:35:30,2022-10-05 10:10:01,1,ok,True,32,10,train,889,24,success,0,0,18214,0.0,0.0,0.0,c:\Users\user\Documents\HSFlensburgMaster\Sommersemester2026\AdvancedDeepLearning\Projekt\Exoplanets\data\interim\spoc120_dataset_generation\samples\toi_1864_01.npz
849,1867.01,400476523,FP,18.10671,2458700.97371,4.562,10340.0,12.2339,6615.0,1.65,295.558877,59.589129,2020-05-29 16:35:30,2021-10-29 12:59:15,0,ok,True,16,2,train,890,40,success,9,0,19609,4.477611940298507,0.0,4.477611940298507,c:\Users\user\Documents\HSFlensburgMaster\Sommersemester2026\AdvancedDeepLearning\Projekt\Exoplanets\data\interim\spoc120_dataset_generation\samples\toi_1867_01.npz
850,1871.01,233503636,FP,3.40612,2458685.82187,1.714,1740.0,11.5906,5955.3,1.67,251.235703,77.344038,2020-05-29 16:35:30,2021-10-29 12:59:15,0,ok,True,25,15,validation,891,24,success,0,0,18217,0.0,0.0,0.0,c:\Users\user\Documents\HSFlensburgMaster\Sommersemester2026\AdvancedDeepLearning\Projekt\Exoplanets\data\interim\spoc120_dataset_generation\samples\toi_1871_01.npz
851,1877.01,233497719,FP,3.801591,2460534.067363,2.752,18950.0,12.8746,6051.0,1.01,249.519983,77.756401,2020-05-29 16:35:31,2024-11-21 16:02:02,0,ok,True,25,12,train,892,24,success,0,0,18213,0.0,0.0,0.0,c:\Users\user\Documents\HSFlensburgMaster\Sommersemester2026\AdvancedDeepLearning\Projekt\Exoplanets\data\interim\spoc120_dataset_generation\samples\toi_1877_01.npz
852,2099.01,230386397,FP,19.5078657,2459626.670376,4.603,1770.0,11.2011,4316.0,0.71,285.786011,64.230256,2020-07-15 20:44:32,2022-08-19 16:02:02,0,ok,True,39,8,train,893,14,success,12,0,17643,5.970149253731343,0.0,5.970149253731343,c:\Users\user\Documents\HSFlensburgMaster\Sommersemester2026\AdvancedDeepLearning\Projekt\Exoplanets\data\interim\spoc120_dataset_generation\samples\toi_2099_01.npz
853,2106.01,393911494,FP,0.6332593,2458899.861702,0.8622011,1191.4597195,9.85649,5590.0,0.976212,207.178453,44.911752,2020-07-15 22:35:34,2021-10-29 12:59:15,0,ok,True,6,12,train,894,22,success,0,0,16811,0.0,0.0,0.0,c:\Users\user\Documents\HSFlensburgMaster\Sommersemester2026\AdvancedDeepLearning\Projekt\Exoplanets\data\interim\spoc120_dataset_generation\samples\toi_2106_01.npz
854,2107.01,446549906,CP,2.45457,2458654.61467,2.39,19250.0,11.3819,5565.0,0.97,286.796541,-58.696835,2020-07-17 14:54:19,2025-04-20 12:03:53,1,ok,True,5,12,train,895,67,success,0,0,14092,0.0,0.0,0.0,c:\Users\user\Documents\HSFlensburgMaster\Sommersemester2026\AdvancedDeepLearning\Projekt\Exoplanets\data\interim\spoc120_dataset_generation\samples\toi_2107_01.npz
855,2322.01,300812741,CP,20.2254946,2459037.417539,2.2719961,712.14897,10.0534,4465.0,0.697547,116.973103,-71.001967,2020-10-07 15:20:37,2025-08-26 12:03:46,1,ok,True,29,11,train,896,27,success,25,0,14289,12.437810945273633,0.0,12.437810945273633,c:\Users\user\Documents\HSFlensburgMaster\Sommersemester2026\AdvancedDeepLearning\Projekt\Exoplanets\data\interim\spoc120_dataset_generation\samples\toi_2322_01.npz
856,2322.02,300812741,CP,11.3071786,2460160.451337,2.824,264.0,10.0534,4465.0,0.7,116.973103,-71.001967,2021-08-12 22:51:27,2025-08-26 12:03:46,1,ok,True,29,11,train,897,27,success,2,0,14289,0.9950248756218906,0.0,0.9950248756218906,c:\Users\user\Documents\HSFlensburgMaster\Sommersemester2026\AdvancedDeepLearning\Projekt\Exoplanets\data\interim\spoc120_dataset_generation\samples\toi_2322_02.npz
857,2328.01,394287035,CP,17.1019622,2459356.607647,3.357,11430.0,11.584,5302.3,0.93,31.690742,-81.247376,2020-10-07 20:14:20,2025-04-20 12:03:53,1,ok,True,8,7,train,898,28,recovered,31,0,15083,15.422885572139302,0.0,15.422885572139302,c:\Users\user\Documents\HSFlensburgMaster\Sommersemester2026\AdvancedDeepLearning\Projekt\Exoplanets\data\interim\spoc120_dataset_generation\samples\toi_2328_01.npz
858,2330.01,180991313,KP,2.2088214,2459329.30801,2.544,7770.0,11.8699,5960.4,1.26,172.858645,-41.689518,2020-10-23 19:58:26,2021-11-11 10:10:01,1,ok,True,6,2,train,899,36,success,0,0,15485,0.0,0.0,0.0,c:\Users\user\Documents\HSFlensburgMaster\Sommersemester2026\AdvancedDeepLearning\Projekt\Exoplanets\data\interim\spoc120_dataset_generation\samples\toi_2330_01.npz
859,256.01,92226327,KP,24.7373412,2458399.928643,2.069051,6560.492087,11.2991,3131.0,0.215535,11.248632,-15.274109,2018-11-30 22:06:23,2021-10-29 12:59:15,1,ok,True,2,12,train,900,3,success,53,0,12736,26.368159203980102,0.0,26.368159203980102,c:\Users\user\Documents\HSFlensburgMaster\Sommersemester2026\AdvancedDeepLearning\Projekt\Exoplanets\data\interim\spoc120_dataset_generation\samples\toi_256_01.npz
860,256.02,92226327,KP,3.7779418,2459141.100488,1.4759325,3469.450739,11.2991,3131.0,0.215535,11.248632,-15.274109,2018-11-30 22:06:23,2021-12-01 16:02:01,1,ok,True,2,12,train,901,3,success,0,0,12736,0.0,0.0,0.0,c:\Users\user\Documents\HSFlensburgMaster\Sommersemester2026\AdvancedDeepLearning\Projekt\Exoplanets\data\interim\spoc120_dataset_generation\samples\toi_256_02.npz
861,2567.01,258920431,CP,5.9839451,2459390.75286,5.3886513,3826.4375501,11.7489,5609.0,1.71761,288.465668,66.347938,2021-03-18 22:24:54,2024-11-14 10:08:02,1,ok,True,28,17,test,902,40,success,0,0,19610,0.0,0.0,0.0,c:\Users\user\Documents\HSFlensburgMaster\Sommersemester2026\AdvancedDeepLearning\Projekt\Exoplanets\data\interim\spoc120_dataset_generation\samples\toi_2567_01.npz
862,257.01,200723869,CP,18.3877081,2459121.270086,6.405153,1191.0283192,7.0286,6382.7,1.76557,47.517261,-50.832263,2019-01-16 19:24:30,2024-09-09 10:08:01,1,ok,True,4,2,train,903,3,success,12,0,13540,5.970149253731343,0.0,5.970149253731343,c:\Users\user\Documents\HSFlensburgMaster\Sommersemester2026\AdvancedDeepLearning\Projekt\Exoplanets\data\interim\spoc120_dataset_generation\samples\toi_257_01.npz
863,1881.01,59859387,FP,1.1203828,2459987.207387,1.665,1901.0,10.2761,6564.4,1.47,110.369675,-45.567737,2020-05-29 16:35:31,2025-05-16 16:00:02,0,ok,True,5,9,train,904,33,success,0,0,17458,0.0,0.0,0.0,c:\Users\user\Documents\HSFlensburgMaster\Sommersemester2026\AdvancedDeepLearning\Projekt\Exoplanets\data\interim\spoc120_dataset_generation\samples\toi_1881_01.npz
864,1883.01,348755728,CP,4.5063838,2459256.846553,2.0392007,12522.9613662,13.3462,3477.0,0.493576,134.089246,-12.930644,2020-05-29 16:35:31,2025-04-20 12:03:53,1,ok,True,4,1,train,905,35,success,0,0,13544,0.0,0.0,0.0,c:\Users\user\Documents\HSFlensburgMaster\Sommersemester2026\AdvancedDeepLearning\Projekt\Exoplanets\data\interim\spoc120_dataset_generation\samples\toi_1883_01.npz
865,1885.01,258510872,CP,6.5440665,2459736.999544,3.777,6060.0,11.9742,6232.0,1.76,304.665223,66.155954,2020-05-29 16:35:31,2024-02-13 12:03:01,1,ok,True,20,19,test,906,24,success,0,0,17925,0.0,0.0,0.0,c:\Users\user\Documents\HSFlensburgMaster\Sommersemester2026\AdvancedDeepLearning\Projekt\Exoplanets\data\interim\spoc120_dataset_generation\samples\toi_1885_01.npz
866,1888.01,459997997,FP,5.547485,2459328.032732,5.412,3350.0,10.4748,7397.0,2.04,156.250032,-60.575142,2020-05-29 16:35:31,2021-12-07 16:02:02,0,ok,True,3,10,train,907,36,success,0,0,16357,0.0,0.0,0.0,c:\Users\user\Documents\HSFlensburgMaster\Sommersemester2026\AdvancedDeepLearning\Projekt\Exoplanets\data\interim\spoc120_dataset_generation\samples\toi_1888_01.npz
867,189.01,278866211,FP,2.1940616,2460876.857996,1.1555573,5943.6922953,10.2638,6054.0,1.04092,100.807811,-55.244376,2018-10-19 23:49:46,2025-11-05 10:08:02,0,ok,True,25,1,train,908,1,success,0,0,18275,0.0,0.0,0.0,c:\Users\user\Documents\HSFlensburgMaster\Sommersemester2026\AdvancedDeepLearning\Projekt\Exoplanets\data\interim\spoc120_dataset_generation\samples\toi_189_01.npz
868,2109.01,392476080,CP,0.67249,2458984.38888,1.801,7890.0,9.78569,6647.0,1.7,253.186297,16.579915,2020-07-28 21:38:56,2023-05-11 12:03:14,1,ok,True,2,8,train,909,52,success,0,0,10843,0.0,0.0,0.0,c:\Users\user\Documents\HSFlensburgMaster\Sommersemester2026\AdvancedDeepLearning\Projekt\Exoplanets\data\interim\spoc120_dataset_generation\samples\toi_2109_01.npz
869,2110.01,394029948,FA,32.76639,2458687.55509,6.089,500.0,9.69902,6073.0,1.39,282.229631,78.568946,2020-07-28 21:38:56,2024-09-18 10:08:02,0,ok,True,25,16,validation,910,14,success,40,0,18420,19.900497512437813,0.0,19.900497512437813,c:\Users\user\Documents\HSFlensburgMaster\Sommersemester2026\AdvancedDeepLearning\Projekt\Exoplanets\data\interim\spoc120_dataset_generation\samples\toi_2110_01.npz
870,2111.01,356235833,FP,1.2680452,2460479.42095,1.027,538.0,9.1597,5477.0,0.95,260.096376,20.281856,2020-07-28 21:38:56,2024-08-13 10:08:02,0,ok,True,3,12,train,911,25,success,0,0,17153,0.0,0.0,0.0,c:\Users\user\Documents\HSFlensburgMaster\Sommersemester2026\AdvancedDeepLearning\Projekt\Exoplanets\data\interim\spoc120_dataset_generation\samples\toi_2111_01.npz
871,2113.01,1400212743,FP,5.24612,2458984.22398,4.194,1030.0,10.5163,5286.9,1.76,267.354593,40.457105,2020-07-28 21:38:56,2024-08-28 12:02:58,0,ok,True,5,13,train,912,40,success,0,0,19610,0.0,0.0,0.0,c:\Users\user\Documents\HSFlensburgMaster\Sommersemester2026\AdvancedDeepLearning\Projekt\Exoplanets\data\interim\spoc120_dataset_generation\samples\toi_2113_01.npz
872,2114.01,9828416,CP,6.2099619,2460476.661598,4.49,4090.0,9.8251,6382.0,2.1,261.096395,33.205073,2020-07-28 21:38:56,2026-07-24 12:04:08,1,ok,True,3,11,train,913,52,success,12,0,8286,5.970149253731343,0.0,5.970149253731343,c:\Users\user\Documents\HSFlensburgMaster\Sommersemester2026\AdvancedDeepLearning\Projekt\Exoplanets\data\interim\spoc120_dataset_generation\samples\toi_2114_01.npz
873,2116.01,422838133,FP,5.3089937,2460644.06098,5.876,531.0,9.68129,6927.0,1.65,23.829473,72.936844,2020-07-28 21:38:57,2025-07-23 16:00:01,0,ok,True,3,5,train,914,24,success,0,0,18216,0.0,0.0,0.0,c:\Users\user\Documents\HSFlensburgMaster\Sommersemester2026\AdvancedDeepLearning\Projekt\Exoplanets\data\interim\spoc120_dataset_generation\samples\toi_2116_01.npz
874,2118.01,17416749,FP,2.34483,2458956.56894,1.417,370.0,8.63532,6398.0,2.13,242.201,35.691135,2020-07-28 21:38:57,2021-10-29 12:59:15,0,ok,True,2,8,train,916,51,success,0,0,11701,0.0,0.0,0.0,c:\Users\user\Documents\HSFlensburgMaster\Sommersemester2026\AdvancedDeepLearning\Projekt\Exoplanets\data\interim\spoc120_dataset_generation\samples\toi_2118_01.npz
875,2119.01,236387002,CP,7.2008611,2460442.055186,2.03,50063.0,10.3978,3606.0,0.5,244.429882,26.304211,2020-07-29 05:09:23,2024-08-15 10:08:02,1,ok,True,5,11,train,917,24,success,0,0,16110,0.0,0.0,0.0,c:\Users\user\Documents\HSFlensburgMaster\Sommersemester2026\AdvancedDeepLearning\Projekt\Exoplanets\data\interim\spoc120_dataset_generation\samples\toi_2119_01.npz
876,2120.01,389900760,CP,5.7998189,2458795.822874,1.014374,8567.3390223,12.8233,3179.0,0.240233,23.507315,65.513988,2020-07-29 05:13:33,2025-04-20 12:03:53,1,ok,True,8,11,train,918,18,success,0,0,14759,0.0,0.0,0.0,c:\Users\user\Documents\HSFlensburgMaster\Sommersemester2026\AdvancedDeepLearning\Projekt\Exoplanets\data\interim\spoc120_dataset_generation\samples\toi_2120_01.npz
877,2336.01,88902249,CP,7.7119842,2460083.976548,4.058,3176.0,10.1757,6458.0,1.83,230.230416,-33.69246,2020-10-23 19:58:26,2025-07-09 16:00:02,1,ok,True,1,19,test,919,65,success,0,0,16825,0.0,0.0,0.0,c:\Users\user\Documents\HSFlensburgMaster\Sommersemester2026\AdvancedDeepLearning\Projekt\Exoplanets\data\interim\spoc120_dataset_generation\samples\toi_2336_01.npz
878,2337.01,230001847,CP,2.994263,2459769.981102,6.9172309,1120.6492357,11.2347,4784.0,3.22859,290.619895,60.853904,2020-10-23 19:58:26,2023-06-13 16:02:07,1,ok,True,28,0,train,920,40,success,0,0,19611,0.0,0.0,0.0,c:\Users\user\Documents\HSFlensburgMaster\Sommersemester2026\AdvancedDeepLearning\Projekt\Exoplanets\data\interim\spoc120_dataset_generation\samples\toi_2337_01.npz
879,2338.01,24358417,CP,22.6539607,2459183.68068,3.468,11530.0,11.7024,5523.0,1.12,81.344582,-34.668249,2020-10-23 19:58:26,2022-12-21 12:03:01,1,ok,True,2,1,train,921,32,success,12,0,17567,5.970149253731343,0.0,5.970149253731343,c:\Users\user\Documents\HSFlensburgMaster\Sommersemester2026\AdvancedDeepLearning\Projekt\Exoplanets\data\interim\spoc120_dataset_generation\samples\toi_2338_01.npz
880,2341.01,100267480,FP,0.87741,2458681.75145,0.472,12050.0,12.722,3495.0,0.62,306.843521,-53.220653,2020-10-23 19:58:26,2025-02-06 12:03:34,0,ok,True,2,14,validation,922,67,success,0,0,13936,0.0,0.0,0.0,c:\Users\user\Documents\HSFlensburgMaster\Sommersemester2026\AdvancedDeepLearning\Projekt\Exoplanets\data\interim\spoc120_dataset_generation\samples\toi_2341_01.npz
881,2342.01,100589632,FP,3.9471567,2459221.101551,1.699,1880.0,11.1581,4794.0,0.84,86.458859,-32.947641,2020-10-23 19:58:27,2021-10-29 12:59:15,0,ok,True,1,7,train,923,87,success,0,0,14896,0.0,0.0,0.0,c:\Users\user\Documents\HSFlensburgMaster\Sommersemester2026\AdvancedDeepLearning\Projekt\Exoplanets\data\interim\spoc120_dataset_generation\samples\toi_2342_01.npz
882,2345.01,91555165,CP,1.0526157,2459116.731575,1.5288415,358.5076064,10.3759,4621.0,0.758575,43.884794,-34.977975,2020-10-23 19:58:27,2025-10-16 12:03:52,1,ok,True,4,7,train,924,30,success,0,0,15859,0.0,0.0,0.0,c:\Users\user\Documents\HSFlensburgMaster\Sommersemester2026\AdvancedDeepLearning\Projekt\Exoplanets\data\interim\spoc120_dataset_generation\samples\toi_2345_01.npz
883,2570.01,239816546,CP,2.9887654,2459500.741002,2.9847247,15493.9490407,11.9775,5639.0,1.12141,87.18804,32.084043,2021-03-18 22:24:55,2024-11-15 16:02:02,1,ok,True,6,15,validation,926,44,success,0,0,16228,0.0,0.0,0.0,c:\Users\user\Documents\HSFlensburgMaster\Sommersemester2026\AdvancedDeepLearning\Projekt\Exoplanets\data\interim\spoc120_dataset_generation\samples\toi_2570_01.npz
884,2571.01,239638934,FP,6.0027375,2458760.818232,4.164,6100.0,10.5284,5633.0,1.08,333.592905,32.490119,2021-03-18 22:24:55,2021-10-29 12:59:15,0,ok,True,1,13,train,927,83,success,0,0,17329,0.0,0.0,0.0,c:\Users\user\Documents\HSFlensburgMaster\Sommersemester2026\AdvancedDeepLearning\Projekt\Exoplanets\data\interim\spoc120_dataset_generation\samples\toi_2571_01.npz
885,2579.01,103751498,KP,3.7146478,2459600.117319,3.835,12620.0,10.9101,5783.0,1.32,157.412341,70.527083,2021-03-18 22:24:56,2022-06-28 16:02:02,1,ok,True,5,19,test,928,40,success,0,0,19611,0.0,0.0,0.0,c:\Users\user\Documents\HSFlensburgMaster\Sommersemester2026\AdvancedDeepLearning\Projekt\Exoplanets\data\interim\spoc120_dataset_generation\samples\toi_2579_01.npz
886,258.01,350445771,FP,3.1901569,2458326.804271,1.8262867,3648.2442456,11.0932,6474.57,1.98958,85.467425,-56.740455,2018-12-04 21:48:44,2023-11-01 10:08:02,0,ok,True,30,18,test,929,1,success,0,0,17166,0.0,0.0,0.0,c:\Users\user\Documents\HSFlensburgMaster\Sommersemester2026\AdvancedDeepLearning\Projekt\Exoplanets\data\interim\spoc120_dataset_generation\samples\toi_258_01.npz
887,2580.01,102713734,CP,3.397862,2458839.453257,4.502,9960.0,10.8064,6590.0,1.83,62.199207,67.116526,2021-03-18 22:24:56,2025-08-27 12:03:56,1,ok,True,3,16,validation,930,59,success,0,0,16276,0.0,0.0,0.0,c:\Users\user\Documents\HSFlensburgMaster\Sommersemester2026\AdvancedDeepLearning\Projekt\Exoplanets\data\interim\spoc120_dataset_generation\samples\toi_2580_01.npz
888,2583.01,7548817,CP,4.52074,2459735.896093,4.175,8520.0,12.0453,6050.0,1.49,272.267029,45.3369,2021-03-18 22:24:57,2023-12-03 12:03:15,1,ok,True,7,0,train,931,40,success,0,0,19611,0.0,0.0,0.0,c:\Users\user\Documents\HSFlensburgMaster\Sommersemester2026\AdvancedDeepLearning\Projekt\Exoplanets\data\interim\spoc120_dataset_generation\samples\toi_2583_01.npz
889,2585.01,62530991,FP,4.0266483,2459986.942214,2.312,754.0,9.8961,5276.5,0.78,132.541715,-2.979643,2021-03-24 23:38:13,2023-03-06 10:10:02,0,ok,True,2,18,test,932,8,success,0,0,12854,0.0,0.0,0.0,c:\Users\user\Documents\HSFlensburgMaster\Sommersemester2026\AdvancedDeepLearning\Projekt\Exoplanets\data\interim\spoc120_dataset_generation\samples\toi_2585_01.npz
890,190.01,166739520,KP,10.0205932,2460982.967362,5.7033765,8247.6689406,9.6411,6038.0,1.27527,36.775811,-50.284425,2018-12-20 17:24:11,2026-04-17 10:08:01,1,ok,True,9,19,test,937,2,success,0,0,18299,0.0,0.0,0.0,c:\Users\user\Documents\HSFlensburgMaster\Sommersemester2026\AdvancedDeepLearning\Projekt\Exoplanets\data\interim\spoc120_dataset_generation\samples\toi_190_01.npz
891,1900.01,178879588,KP,3.0566277,2459145.468004,2.3926375,12517.5203529,13.2554,5735.0,1.03865,67.418582,-28.197215,2020-05-29 17:45:53,2021-12-01 16:02:01,1,ok,True,3,13,train,938,31,success,0,0,16520,0.0,0.0,0.0,c:\Users\user\Documents\HSFlensburgMaster\Sommersemester2026\AdvancedDeepLearning\Projekt\Exoplanets\data\interim\spoc120_dataset_generation\samples\toi_1900_01.npz
892,1901.01,19684256,KP,1.3666563,2459278.312088,1.967,21070.0,13.1758,5790.4,1.02,140.087589,-31.269212,2020-05-29 17:45:53,2021-10-29 12:59:15,1,ok,True,4,8,train,939,35,success,0,0,13682,0.0,0.0,0.0,c:\Users\user\Documents\HSFlensburgMaster\Sommersemester2026\AdvancedDeepLearning\Projekt\Exoplanets\data\interim\spoc120_dataset_generation\samples\toi_1901_01.npz
893,1902.01,272212970,KP,1.6091845,2459332.042845,1.63,13450.0,13.174,6393.0,1.43,180.208788,-46.13642,2020-05-29 17:45:53,2023-01-24 16:02:02,1,ok,True,6,1,train,940,37,success,0,0,15528,0.0,0.0,0.0,c:\Users\user\Documents\HSFlensburgMaster\Sommersemester2026\AdvancedDeepLearning\Projekt\Exoplanets\data\interim\spoc120_dataset_generation\samples\toi_1902_01.npz
894,1903.01,77156657,KP,3.8404319,2459196.572151,5.242,3580.0,11.8831,5909.0,2.04,68.136479,-38.968297,2020-05-29 17:45:53,2021-12-08 16:02:02,1,ok,True,3,9,train,941,31,success,0,0,16714,0.0,0.0,0.0,c:\Users\user\Documents\HSFlensburgMaster\Sommersemester2026\AdvancedDeepLearning\Projekt\Exoplanets\data\interim\spoc120_dataset_generation\samples\toi_1903_01.npz
895,1904.01,272213425,KP,4.3247708,2459327.622593,4.267,6380.0,11.1138,6457.0,2.13,180.165072,-45.799456,2020-05-29 17:45:53,2023-01-25 10:10:01,1,ok,True,6,16,validation,942,37,success,0,0,15732,0.0,0.0,0.0,c:\Users\user\Documents\HSFlensburgMaster\Sommersemester2026\AdvancedDeepLearning\Projekt\Exoplanets\data\interim\spoc120_dataset_generation\samples\toi_1904_01.npz
896,1905.01,429302040,KP,5.72226,2458574.14194,2.648,25549.0,10.418,4233.2,0.73,188.386428,-10.146214,2020-05-29 17:45:53,2023-03-19 12:03:21,1,ok,True,1,14,validation,943,91,success,0,0,8995,0.0,0.0,0.0,c:\Users\user\Documents\HSFlensburgMaster\Sommersemester2026\AdvancedDeepLearning\Projekt\Exoplanets\data\interim\spoc120_dataset_generation\samples\toi_1905_01.npz
897,1906.01,308098254,KP,9.6246665,2459299.07674,4.297,10230.0,11.5688,5473.0,1.2,168.292908,-17.657779,2020-05-29 17:45:53,2021-11-11 10:10:01,1,ok,True,4,5,train,944,36,success,0,0,15247,0.0,0.0,0.0,c:\Users\user\Documents\HSFlensburgMaster\Sommersemester2026\AdvancedDeepLearning\Projekt\Exoplanets\data\interim\spoc120_dataset_generation\samples\toi_1906_01.npz
898,2122.01,311408969,KP,3.5852284,2459767.525934,3.0197224,16909.228538,12.658,5852.0,1.06725,264.27351,25.731147,2020-07-29 05:13:33,2023-03-15 16:02:02,1,ok,True,6,4,train,945,25,success,0,0,13926,0.0,0.0,0.0,c:\Users\user\Documents\HSFlensburgMaster\Sommersemester2026\AdvancedDeepLearning\Projekt\Exoplanets\data\interim\spoc120_dataset_generation\samples\toi_2122_01.npz
899,2124.01,159742538,KP,3.5539283,2459767.927156,3.6341388,9368.3887704,11.1116,6184.0,2.0085199,268.304336,37.21174,2020-07-29 05:13:33,2023-03-15 16:02:02,1,ok,True,7,3,train,946,25,success,0,0,17246,0.0,0.0,0.0,c:\Users\user\Documents\HSFlensburgMaster\Sommersemester2026\AdvancedDeepLearning\Projekt\Exoplanets\data\interim\spoc120_dataset_generation\samples\toi_2124_01.npz
900,2125.01,116242971,KP,5.0316347,2460505.171214,5.265,4912.0,10.1213,6350.0,2.16,267.640491,36.570176,2020-07-29 05:13:33,2026-07-27 12:04:29,1,ok,True,6,3,train,947,25,success,0,0,17246,0.0,0.0,0.0,c:\Users\user\Documents\HSFlensburgMaster\Sommersemester2026\AdvancedDeepLearning\Projekt\Exoplanets\data\interim\spoc120_dataset_generation\samples\toi_2125_01.npz
901,2126.01,116264089,KP,1.306188,2459391.063502,1.4177746,24746.2794438,11.7213,5489.0,0.820181,268.029111,37.546327,2020-07-29 05:13:33,2023-03-15 16:02:02,1,ok,True,7,14,validation,948,25,success,0,0,17246,0.0,0.0,0.0,c:\Users\user\Documents\HSFlensburgMaster\Sommersemester2026\AdvancedDeepLearning\Projekt\Exoplanets\data\interim\spoc120_dataset_generation\samples\toi_2126_01.npz
902,2127.01,21744120,KP,5.5080682,2458983.744992,2.6399995,21584.7573167,11.733,4790.0,0.740113,256.346376,33.012325,2020-07-29 05:13:34,2021-10-29 12:59:15,1,ok,True,3,17,test,949,25,success,0,0,11626,0.0,0.0,0.0,c:\Users\user\Documents\HSFlensburgMaster\Sommersemester2026\AdvancedDeepLearning\Projekt\Exoplanets\data\interim\spoc120_dataset_generation\samples\toi_2127_01.npz
903,2128.01,21832928,CP,16.3413889,2458987.266354,5.3764481,372.0970618,6.6813,5991.11,1.12506,256.9818,32.105303,2020-07-29 05:13:34,2025-04-20 12:03:53,1,ok,True,4,13,train,950,25,success,39,0,14082,19.402985074626866,0.0,19.402985074626866,c:\Users\user\Documents\HSFlensburgMaster\Sommersemester2026\AdvancedDeepLearning\Projekt\Exoplanets\data\interim\spoc120_dataset_generation\samples\toi_2128_01.npz
904,2129.01,101721385,KP,4.627664,2459762.100336,2.306,6190.0,9.54417,6727.6,1.55,260.116172,38.242168,2020-07-29 05:13:34,2022-08-23 16:02:02,1,ok,True,5,18,test,951,25,success,0,0,17245,0.0,0.0,0.0,c:\Users\user\Documents\HSFlensburgMaster\Sommersemester2026\AdvancedDeepLearning\Projekt\Exoplanets\data\interim\spoc120_dataset_generation\samples\toi_2129_01.npz
905,2130.01,320798691,KP,5.0052605,2459010.827728,4.9057646,7641.404098,11.0269,6115.0,1.46701,271.537672,26.426606,2020-08-07 21:59:53,2023-03-15 16:02:02,1,ok,True,5,13,train,952,26,success,0,0,16941,0.0,0.0,0.0,c:\Users\user\Documents\HSFlensburgMaster\Sommersemester2026\AdvancedDeepLearning\Projekt\Exoplanets\data\interim\spoc120_dataset_generation\samples\toi_2130_01.npz
906,2131.01,27848472,KP,1.8468345,2460338.136034,2.565,13237.0,10.1058,6352.0,1.36,278.631741,35.661431,2020-08-07 21:59:53,2024-04-02 10:08:02,1,ok,True,7,18,test,953,26,success,0,0,16940,0.0,0.0,0.0,c:\Users\user\Documents\HSFlensburgMaster\Sommersemester2026\AdvancedDeepLearning\Projekt\Exoplanets\data\interim\spoc120_dataset_generation\samples\toi_2131_01.npz
907,2132.01,358516596,KP,3.2440454,2459391.154184,3.6774272,15011.9381969,10.2025,5703.0,1.38951,283.305449,24.127248,2020-08-07 21:59:53,2026-06-10 12:04:06,1,ok,True,6,12,train,954,26,success,0,0,16942,0.0,0.0,0.0,c:\Users\user\Documents\HSFlensburgMaster\Sommersemester2026\AdvancedDeepLearning\Projekt\Exoplanets\data\interim\spoc120_dataset_generation\samples\toi_2132_01.npz
908,2134.01,75878355,CP,9.2292078,2460496.590963,2.817,1606.0,7.7945,4406.0,0.77,271.935501,39.072927,2020-08-07 21:59:54,2025-04-20 12:03:53,1,ok,True,8,5,train,955,26,success,0,0,16936,0.0,0.0,0.0,c:\Users\user\Documents\HSFlensburgMaster\Sommersemester2026\AdvancedDeepLearning\Projekt\Exoplanets\data\interim\spoc120_dataset_generation\samples\toi_2134_01.npz
909,2358.01,124095888,FP,1.1258127,2459331.195756,0.374,1440.0,11.5137,6423.0,1.24,196.285834,-31.985378,2020-10-23 19:58:28,2025-01-25 12:03:24,0,ok,True,1,3,train,957,64,success,0,0,17396,0.0,0.0,0.0,c:\Users\user\Documents\HSFlensburgMaster\Sommersemester2026\AdvancedDeepLearning\Projekt\Exoplanets\data\interim\spoc120_dataset_generation\samples\toi_2358_01.npz
910,236.01,9727392,FP,4.534451,2458355.325711,4.936391,23574.842911,11.2932,6421.5,1.47459,358.444734,-10.884958,2018-11-29 21:52:42,2022-10-20 16:02:02,0,ok,True,5,8,train,958,2,success,0,0,18298,0.0,0.0,0.0,c:\Users\user\Documents\HSFlensburgMaster\Sommersemester2026\AdvancedDeepLearning\Projekt\Exoplanets\data\interim\spoc120_dataset_generation\samples\toi_236_01.npz
911,2360.01,31656385,FP,22.84518,2459073.99562,7.215,9210.0,11.9961,5963.1,1.57,46.659674,-66.007932,2020-10-23 19:58:28,2024-09-18 10:08:02,0,ok,True,4,3,train,959,29,recovered,40,0,13357,19.900497512437813,0.0,19.900497512437813,c:\Users\user\Documents\HSFlensburgMaster\Sommersemester2026\AdvancedDeepLearning\Projekt\Exoplanets\data\interim\spoc120_dataset_generation\samples\toi_2360_01.npz
912,2364.01,39414571,CP,4.0197555,2459227.044447,2.688,9750.0,11.5521,5216.0,0.94,89.130026,-5.01203,2020-10-23 19:58:28,2023-12-03 12:03:15,1,ok,True,1,18,test,960,87,success,0,0,13939,0.0,0.0,0.0,c:\Users\user\Documents\HSFlensburgMaster\Sommersemester2026\AdvancedDeepLearning\Projekt\Exoplanets\data\interim\spoc120_dataset_generation\samples\toi_2364_01.npz
913,2365.01,344085117,FP,0.659752,2459962.920417,0.6731474,1138.1047916,11.9732,5832.0,1.25112,108.017449,-50.247778,2020-10-23 19:58:28,2025-07-10 10:08:01,0,ok,True,5,2,train,961,61,success,0,0,15482,0.0,0.0,0.0,c:\Users\user\Documents\HSFlensburgMaster\Sommersemester2026\AdvancedDeepLearning\Projekt\Exoplanets\data\interim\spoc120_dataset_generation\samples\toi_2365_01.npz
914,2587.01,68007716,CP,5.4566563,2459244.752232,3.783,4160.0,10.9657,5674.8,1.72,115.93171,-1.073333,2021-03-24 23:38:13,2023-12-03 12:03:15,1,ok,True,1,4,train,962,88,success,0,0,17266,0.0,0.0,0.0,c:\Users\user\Documents\HSFlensburgMaster\Sommersemester2026\AdvancedDeepLearning\Projekt\Exoplanets\data\interim\spoc120_dataset_generation\samples\toi_2587_01.npz
915,259.01,12862099,KP,2.4238226,2458386.578118,2.2484015,16167.1783697,12.3993,5410.0,0.93,3.903273,-11.938264,2018-11-30 22:06:23,2021-12-08 10:10:01,1,ok,True,1,13,train,964,3,success,0,0,12977,0.0,0.0,0.0,c:\Users\user\Documents\HSFlensburgMaster\Sommersemester2026\AdvancedDeepLearning\Projekt\Exoplanets\data\interim\spoc120_dataset_generation\samples\toi_259_01.npz
916,2591.01,229285649,FP,8.493027,2459544.881796,3.733,20750.0,10.7669,6287.0,1.41,98.024193,11.852283,2021-04-07 21:46:03,2025-01-20 12:03:29,0,ok,True,3,15,validation,965,71,success,0,0,15051,0.0,0.0,0.0,c:\Users\user\Documents\HSFlensburgMaster\Sommersemester2026\AdvancedDeepLearning\Projekt\Exoplanets\data\interim\spoc120_dataset_generation\samples\toi_2591_01.npz
917,2598.01,12036590,FP,5.73436,2459226.801169,1.146,17740.0,10.9766,4405.0,0.86,91.233761,-1.134248,2021-04-07 21:46:04,2025-01-08 12:03:11,0,ok,True,1,19,test,966,87,success,0,0,15840,0.0,0.0,0.0,c:\Users\user\Documents\HSFlensburgMaster\Sommersemester2026\AdvancedDeepLearning\Projekt\Exoplanets\data\interim\spoc120_dataset_generation\samples\toi_2598_01.npz
918,260.01,37749396,CP,13.4758478,2458392.294018,2.0643913,708.9461601,8.4991,4111.0,0.618173,4.773018,-9.96615,2018-11-30 22:06:23,2026-01-12 16:00:02,1,ok,True,3,16,validation,967,3,success,29,0,12977,14.427860696517413,0.0,14.427860696517413,c:\Users\user\Documents\HSFlensburgMaster\Sommersemester2026\AdvancedDeepLearning\Projekt\Exoplanets\data\interim\spoc120_dataset_generation\samples\toi_260_01.npz
919,1907.01,453789494,KP,5.4774433,2459354.693899,5.277,9010.0,10.7316,6942.0,2.09,199.433742,-47.237575,2020-05-29 17:45:53,2022-10-05 10:10:01,1,ok,True,5,19,test,968,37,success,0,0,15891,0.0,0.0,0.0,c:\Users\user\Documents\HSFlensburgMaster\Sommersemester2026\AdvancedDeepLearning\Projekt\Exoplanets\data\interim\spoc120_dataset_generation\samples\toi_1907_01.npz
920,1908.01,37718056,KP,3.65688,2458384.09392,3.542,7040.0,11.7083,6239.0,1.53,4.146347,-10.976423,2020-05-29 17:45:53,2021-10-29 12:59:15,1,ok,True,1,14,validation,969,70,success,0,0,14023,0.0,0.0,0.0,c:\Users\user\Documents\HSFlensburgMaster\Sommersemester2026\AdvancedDeepLearning\Projekt\Exoplanets\data\interim\spoc120_dataset_generation\samples\toi_1908_01.npz
921,1909.01,232038798,KP,4.1536624,2459252.138447,1.702,12310.0,11.3187,5818.8,1.09,96.744643,-46.821364,2020-05-29 17:45:53,2021-10-29 12:59:15,1,ok,True,6,0,train,970,32,success,0,0,17434,0.0,0.0,0.0,c:\Users\user\Documents\HSFlensburgMaster\Sommersemester2026\AdvancedDeepLearning\Projekt\Exoplanets\data\interim\spoc120_dataset_generation\samples\toi_1909_01.npz
922,191.01,183532609,KP,8.1587261,2460202.792714,4.288,15337.0,9.1468,5600.0,1.0,359.900874,-35.031335,2018-11-03 00:53:39,2023-11-03 10:08:02,1,ok,True,4,18,test,971,2,success,0,0,18298,0.0,0.0,0.0,c:\Users\user\Documents\HSFlensburgMaster\Sommersemester2026\AdvancedDeepLearning\Projekt\Exoplanets\data\interim\spoc120_dataset_generation\samples\toi_191_01.npz
923,1910.01,437261733,KP,5.4161129,2459296.222791,3.385,14310.0,13.2958,5652.0,1.1,170.324325,-22.388177,2020-05-29 17:45:53,2021-11-11 10:10:01,1,ok,True,5,8,train,972,36,success,0,0,15271,0.0,0.0,0.0,c:\Users\user\Documents\HSFlensburgMaster\Sommersemester2026\AdvancedDeepLearning\Projekt\Exoplanets\data\interim\spoc120_dataset_generation\samples\toi_1910_01.npz
924,1911.01,44745133,KP,7.8181434,2459166.297772,4.98,3650.0,12.5757,5549.0,1.64,61.657801,-25.349667,2020-05-29 17:45:53,2021-10-29 12:59:15,1,ok,True,1,18,test,973,31,success,0,0,16261,0.0,0.0,0.0,c:\Users\user\Documents\HSFlensburgMaster\Sommersemester2026\AdvancedDeepLearning\Projekt\Exoplanets\data\interim\spoc120_dataset_generation\samples\toi_1911_01.npz
925,1912.01,50712784,KP,5.4053583,2459249.035676,4.859,6770.0,10.5579,6410.0,1.59,126.337825,-11.500989,2020-05-29 17:45:53,2021-10-29 12:59:15,1,ok,True,4,1,train,974,34,success,0,0,16864,0.0,0.0,0.0,c:\Users\user\Documents\HSFlensburgMaster\Sommersemester2026\AdvancedDeepLearning\Projekt\Exoplanets\data\interim\spoc120_dataset_generation\samples\toi_1912_01.npz
926,1913.01,53458803,KP,3.3489038,2459252.258036,3.3546298,10987.1747675,11.8656,5711.0,1.2295901,102.847425,-29.058655,2020-05-29 17:45:53,2021-10-29 12:59:15,1,ok,True,3,15,validation,975,33,success,0,0,17458,0.0,0.0,0.0,c:\Users\user\Documents\HSFlensburgMaster\Sommersemester2026\AdvancedDeepLearning\Projekt\Exoplanets\data\interim\spoc120_dataset_generation\samples\toi_1913_01.npz
927,1914.01,53750200,KP,4.1933422,2459232.244495,1.8220996,4804.157266,12.2309,6405.0,1.6277601,103.517356,-27.050416,2020-05-29 17:45:53,2021-10-29 12:59:15,1,ok,True,3,9,train,976,33,success,0,0,17457,0.0,0.0,0.0,c:\Users\user\Documents\HSFlensburgMaster\Sommersemester2026\AdvancedDeepLearning\Projekt\Exoplanets\data\interim\spoc120_dataset_generation\samples\toi_1914_01.npz
928,1915.01,98283926,KP,2.2920348,2459253.248463,3.1812507,10585.2906021,13.1472,6208.0,1.26526,108.452399,-33.437346,2020-05-29 17:45:53,2021-10-29 12:59:15,1,ok,True,5,0,train,977,33,success,0,0,17458,0.0,0.0,0.0,c:\Users\user\Documents\HSFlensburgMaster\Sommersemester2026\AdvancedDeepLearning\Projekt\Exoplanets\data\interim\spoc120_dataset_generation\samples\toi_1915_01.npz
929,1916.01,98545929,KP,1.888231,2459251.405758,3.6693894,4358.3260875,12.4539,8549.0,2.12128,109.104521,-31.244395,2020-05-29 17:45:53,2024-01-31 16:02:01,1,ok,True,5,17,test,978,33,success,0,0,17458,0.0,0.0,0.0,c:\Users\user\Documents\HSFlensburgMaster\Sommersemester2026\AdvancedDeepLearning\Projekt\Exoplanets\data\interim\spoc120_dataset_generation\samples\toi_1916_01.npz
930,1917.01,339522221,KP,1.82069,2458655.29768,3.049,12340.0,12.0457,6155.0,1.35,296.688442,-63.565649,2020-05-29 17:45:53,2021-10-29 12:59:15,1,ok,True,6,12,train,979,67,success,0,0,14064,0.0,0.0,0.0,c:\Users\user\Documents\HSFlensburgMaster\Sommersemester2026\AdvancedDeepLearning\Projekt\Exoplanets\data\interim\spoc120_dataset_generation\samples\toi_1917_01.npz
931,1918.01,308425348,FP,3.39829,2458571.7908,2.634,4340.0,12.2876,6271.0,1.09,167.582816,-58.982985,2020-05-29 17:45:53,2021-10-29 12:59:15,0,ok,True,2,2,train,980,63,success,0,0,18358,0.0,0.0,0.0,c:\Users\user\Documents\HSFlensburgMaster\Sommersemester2026\AdvancedDeepLearning\Projekt\Exoplanets\data\interim\spoc120_dataset_generation\samples\toi_1918_01.npz
932,1919.01,102192004,KP,4.2337078,2459328.761216,2.008,7690.0,11.3287,6333.7,1.46,195.794015,-41.384862,2020-05-29 17:45:53,2023-01-24 16:02:02,1,ok,True,4,9,train,981,37,success,0,0,15543,0.0,0.0,0.0,c:\Users\user\Documents\HSFlensburgMaster\Sommersemester2026\AdvancedDeepLearning\Projekt\Exoplanets\data\interim\spoc120_dataset_generation\samples\toi_1919_01.npz
933,192.01,183537452,KP,3.9227113,2460929.713786,2.6326626,11362.3670709,10.2499,4800.0,0.64,357.879198,-39.907121,2018-11-03 00:53:39,2026-02-26 16:00:02,1,ok,True,6,18,test,982,2,success,0,0,18298,0.0,0.0,0.0,c:\Users\user\Documents\HSFlensburgMaster\Sommersemester2026\AdvancedDeepLearning\Projekt\Exoplanets\data\interim\spoc120_dataset_generation\samples\toi_192_01.npz
934,1920.01,363851359,KP,2.5441537,2459331.95356,2.128,6780.0,13.2755,5652.0,1.31,200.634864,-44.688839,2020-05-29 17:45:53,2023-01-24 16:02:02,1,ok,True,4,7,train,983,37,success,0,0,15837,0.0,0.0,0.0,c:\Users\user\Documents\HSFlensburgMaster\Sommersemester2026\AdvancedDeepLearning\Projekt\Exoplanets\data\interim\spoc120_dataset_generation\samples\toi_1920_01.npz
935,1921.01,112099249,KP,5.17958,2458604.17084,4.524,7620.0,12.1577,6116.0,1.65,209.51701,-30.348153,2020-05-29 17:45:53,2021-10-29 12:59:15,1,ok,True,2,15,validation,984,64,success,0,0,17305,0.0,0.0,0.0,c:\Users\user\Documents\HSFlensburgMaster\Sommersemester2026\AdvancedDeepLearning\Projekt\Exoplanets\data\interim\spoc120_dataset_generation\samples\toi_1921_01.npz
936,1922.01,112604564,KP,4.5768651,2459233.316814,3.5592795,10869.4903086,12.3213,6687.0,1.78295,112.419225,-29.937916,2020-05-29 17:45:53,2021-10-29 12:59:15,1,ok,True,3,7,train,985,34,success,0,0,16790,0.0,0.0,0.0,c:\Users\user\Documents\HSFlensburgMaster\Sommersemester2026\AdvancedDeepLearning\Projekt\Exoplanets\data\interim\spoc120_dataset_generation\samples\toi_1922_01.npz
937,2135.01,76419763,KP,2.7884723,2459414.394742,2.9462464,14467.6854046,11.3998,5833.0,1.12956,274.405533,36.621462,2020-08-07 21:59:54,2023-03-15 16:02:02,1,ok,True,7,9,train,986,26,success,0,0,16940,0.0,0.0,0.0,c:\Users\user\Documents\HSFlensburgMaster\Sommersemester2026\AdvancedDeepLearning\Projekt\Exoplanets\data\interim\spoc120_dataset_generation\samples\toi_2135_01.npz
938,2136.01,336128819,CP,7.8519082,2459394.593726,1.6318726,3873.9591492,11.7371,3384.0,0.34388,281.176343,36.563132,2020-08-07 21:59:54,2022-06-01 12:04:12,1,ok,True,7,12,train,987,26,success,0,0,16941,0.0,0.0,0.0,c:\Users\user\Documents\HSFlensburgMaster\Sommersemester2026\AdvancedDeepLearning\Projekt\Exoplanets\data\interim\spoc120_dataset_generation\samples\toi_2136_01.npz
939,2138.01,336267424,FP,1.4821845,2458684.221959,2.5956827,16269.2562793,12.5466,6835.31,1.31284,281.6619,41.56002,2020-08-07 21:59:54,2022-12-12 16:02:01,0,ok,True,9,2,train,988,14,success,0,0,18255,0.0,0.0,0.0,c:\Users\user\Documents\HSFlensburgMaster\Sommersemester2026\AdvancedDeepLearning\Projekt\Exoplanets\data\interim\spoc120_dataset_generation\samples\toi_2138_01.npz
940,2139.01,308172249,KP,1.4013784,2459768.65359,1.7042715,19735.2001267,12.4197,4984.0,0.934977,267.284885,29.879043,2020-08-07 21:59:54,2023-03-15 16:02:02,1,ok,True,5,10,train,989,26,success,0,0,16942,0.0,0.0,0.0,c:\Users\user\Documents\HSFlensburgMaster\Sommersemester2026\AdvancedDeepLearning\Projekt\Exoplanets\data\interim\spoc120_dataset_generation\samples\toi_2139_01.npz
941,2140.01,399860444,KP,2.4706114,2459012.510963,1.794486,14310.7159758,10.854,5854.0,1.01613,286.808526,49.316421,2020-08-07 21:59:54,2023-03-15 16:02:02,1,ok,True,10,12,train,990,26,success,0,0,16653,0.0,0.0,0.0,c:\Users\user\Documents\HSFlensburgMaster\Sommersemester2026\AdvancedDeepLearning\Projekt\Exoplanets\data\interim\spoc120_dataset_generation\samples\toi_2140_01.npz
942,2141.01,287256467,CP,18.2616878,2460453.432236,3.434,971.0,8.8975,5674.0,0.94,258.762346,18.340345,2020-08-07 21:59:54,2024-08-29 10:08:02,1,ok,True,4,13,train,991,25,success,13,0,17240,6.467661691542288,0.0,6.467661691542288,c:\Users\user\Documents\HSFlensburgMaster\Sommersemester2026\AdvancedDeepLearning\Projekt\Exoplanets\data\interim\spoc120_dataset_generation\samples\toi_2141_01.npz
943,2145.01,88992642,CP,10.2611329,2460470.361827,7.369,1900.0,8.55942,6202.0,2.78,263.758075,40.695043,2020-08-07 22:11:48,2024-08-26 10:08:02,1,ok,True,6,13,train,992,26,success,0,0,16936,0.0,0.0,0.0,c:\Users\user\Documents\HSFlensburgMaster\Sommersemester2026\AdvancedDeepLearning\Projekt\Exoplanets\data\interim\spoc120_dataset_generation\samples\toi_2145_01.npz
944,2146.01,158916431,FP,5.8924856,2459765.039868,3.134,4530.0,9.9094,7272.0,2.13,269.989998,29.655175,2020-08-10 17:26:48,2022-08-24 16:02:02,0,ok,True,3,8,train,993,40,success,0,0,19610,0.0,0.0,0.0,c:\Users\user\Documents\HSFlensburgMaster\Sommersemester2026\AdvancedDeepLearning\Projekt\Exoplanets\data\interim\spoc120_dataset_generation\samples\toi_2146_01.npz
945,2147.01,341630071,CP,26.2049782,2459599.176807,5.8635323,5593.1821784,10.7047,6115.0,1.3363301,155.641594,83.083724,2020-08-10 17:26:48,2026-06-22 12:03:45,1,ok,True,6,11,train,994,40,success,6,0,19611,2.9850746268656714,0.0,2.9850746268656714,c:\Users\user\Documents\HSFlensburgMaster\Sommersemester2026\AdvancedDeepLearning\Projekt\Exoplanets\data\interim\spoc120_dataset_generation\samples\toi_2147_01.npz
946,2148.01,233569098,FP,23.48522,2458693.42328,3.546,6020.0,10.6746,5930.0,1.51,281.814167,64.806519,2020-08-10 17:26:48,2024-09-18 10:08:02,0,ok,True,11,9,train,995,40,success,7,0,19611,3.482587064676617,0.0,3.482587064676617,c:\Users\user\Documents\HSFlensburgMaster\Sommersemester2026\AdvancedDeepLearning\Projekt\Exoplanets\data\interim\spoc120_dataset_generation\samples\toi_2148_01.npz
947,2368.01,401125028,CP,5.1750108,2459990.646884,2.0076562,13020.075325,11.6955,5177.0,0.892685,134.957623,-48.488493,2020-10-23 19:58:28,2025-07-09 16:00:02,1,ok,True,4,9,train,996,62,success,0,0,16546,0.0,0.0,0.0,c:\Users\user\Documents\HSFlensburgMaster\Sommersemester2026\AdvancedDeepLearning\Projekt\Exoplanets\data\interim\spoc120_dataset_generation\samples\toi_2368_01.npz
948,237.01,305048087,CP,5.4361667,2458355.241753,1.5419673,4797.1288482,13.4102,3139.0,0.211299,353.243538,-29.416487,2018-11-29 21:52:42,2026-01-12 16:00:02,1,ok,True,4,7,train,997,2,success,0,0,18300,0.0,0.0,0.0,c:\Users\user\Documents\HSFlensburgMaster\Sommersemester2026\AdvancedDeepLearning\Projekt\Exoplanets\data\interim\spoc120_dataset_generation\samples\toi_237_01.npz
949,2372.01,189620016,FP,1.1793395,2460718.288102,1.262,4010.0,12.2186,6127.1,2.6058199,144.040606,-24.751118,2020-10-23 19:58:29,2026-06-09 16:00:01,0,ok,True,2,18,test,998,62,success,0,0,15475,0.0,0.0,0.0,c:\Users\user\Documents\HSFlensburgMaster\Sommersemester2026\AdvancedDeepLearning\Projekt\Exoplanets\data\interim\spoc120_dataset_generation\samples\toi_2372_01.npz
950,2373.01,332558858,CP,13.3368173,2459168.5071,4.384,8210.0,12.5882,5517.0,1.2,61.68622,-16.755755,2020-10-23 19:58:29,2024-02-28 12:02:45,1,ok,True,1,18,test,999,31,success,17,0,16539,8.45771144278607,0.0,8.45771144278607,c:\Users\user\Documents\HSFlensburgMaster\Sommersemester2026\AdvancedDeepLearning\Projekt\Exoplanets\data\interim\spoc120_dataset_generation\samples\toi_2373_01.npz
951,2374.01,439366538,CP,4.3135917,2459064.195632,2.3769581,11271.8586527,11.2057,4929.5,0.8,319.498241,-22.049823,2020-10-28 23:31:58,2026-01-09 16:00:01,1,ok,True,2,10,train,1000,28,success,0,0,13899,0.0,0.0,0.0,c:\Users\user\Documents\HSFlensburgMaster\Sommersemester2026\AdvancedDeepLearning\Projekt\Exoplanets\data\interim\spoc120_dataset_generation\samples\toi_2374_01.npz
952,2379.01,201177276,CP,5.4693888,2459062.464298,1.8076781,32411.855989,13.6521,3770.0,0.638902,358.092047,-53.043156,2020-11-06 18:59:45,2025-04-20 12:03:53,1,ok,True,10,10,train,1001,28,success,0,0,12402,0.0,0.0,0.0,c:\Users\user\Documents\HSFlensburgMaster\Sommersemester2026\AdvancedDeepLearning\Projekt\Exoplanets\data\interim\spoc120_dataset_generation\samples\toi_2379_01.npz
953,238.01,9006668,CP,1.2730965,2460205.747992,1.48,414.0,9.926601,5024.0,0.77,349.231081,-18.606646,2018-11-29 21:52:42,2024-04-26 10:08:02,1,ok,True,4,19,test,1002,2,success,0,0,18300,0.0,0.0,0.0,c:\Users\user\Documents\HSFlensburgMaster\Sommersemester2026\AdvancedDeepLearning\Projekt\Exoplanets\data\interim\spoc120_dataset_generation\samples\toi_238_01.npz
954,2380.01,176220787,KP,5.2153618,2459092.524257,5.5895721,5205.8347338,9.4834,6067.2,2.3901401,0.325761,-8.926251,2020-11-06 18:59:45,2024-11-27 10:08:01,1,ok,True,4,17,test,1003,29,success,0,0,14807,0.0,0.0,0.0,c:\Users\user\Documents\HSFlensburgMaster\Sommersemester2026\AdvancedDeepLearning\Projekt\Exoplanets\data\interim\spoc120_dataset_generation\samples\toi_2380_01.npz
955,2603.01,176772671,FP,1.3326579,2460719.073071,1.5960595,37285.6090775,13.8995,3947.0,0.594491,142.566679,-18.843066,2021-04-12 18:45:51,2025-12-11 10:08:01,0,ok,True,4,14,validation,1004,35,success,0,0,13664,0.0,0.0,0.0,c:\Users\user\Documents\HSFlensburgMaster\Sommersemester2026\AdvancedDeepLearning\Projekt\Exoplanets\data\interim\spoc120_dataset_generation\samples\toi_2603_01.npz
956,2604.01,189625051,KP,4.9088819,2460720.074783,5.5607357,5548.8279627,12.487,6606.0,2.09179,144.287609,-29.800444,2021-04-12 18:45:51,2025-08-29 16:00:02,1,ok,True,4,8,train,1005,35,success,0,0,13681,0.0,0.0,0.0,c:\Users\user\Documents\HSFlensburgMaster\Sommersemester2026\AdvancedDeepLearning\Projekt\Exoplanets\data\interim\spoc120_dataset_generation\samples\toi_2604_01.npz
957,2607.01,149539158,FA,2.2338786,2459256.970786,3.0400001,318.9211436,9.1251,6422.3,1.65992,86.018583,-59.946092,2021-04-12 18:45:51,2023-06-03 12:02:53,0,ok,True,40,8,train,1006,1,success,0,0,16760,0.0,0.0,0.0,c:\Users\user\Documents\HSFlensburgMaster\Sommersemester2026\AdvancedDeepLearning\Projekt\Exoplanets\data\interim\spoc120_dataset_generation\samples\toi_2607_01.npz
958,261.01,63898957,CP,3.3639254,2458383.915624,3.3430495,422.0610761,9.03971,5890.3,1.28018,15.218141,-24.423993,2018-11-30 22:06:23,2021-10-29 12:59:15,1,ok,True,2,3,train,1007,3,success,0,0,12866,0.0,0.0,0.0,c:\Users\user\Documents\HSFlensburgMaster\Sommersemester2026\AdvancedDeepLearning\Projekt\Exoplanets\data\interim\spoc120_dataset_generation\samples\toi_261_01.npz
959,261.02,63898957,CP,13.0393586,2458389.727185,4.9218325,625.5995687,9.03971,5890.3,1.31383,15.218141,-24.423993,2018-11-30 22:06:23,2022-01-22 12:02:01,1,ok,True,2,3,train,1008,3,success,33,0,12866,16.417910447761194,0.0,16.417910447761194,c:\Users\user\Documents\HSFlensburgMaster\Sommersemester2026\AdvancedDeepLearning\Projekt\Exoplanets\data\interim\spoc120_dataset_generation\samples\toi_261_02.npz
960,2610.01,268914377,FP,2.1538959,2459229.716478,2.1776943,96363.0926604,15.8953,3148.0,0.483749,118.049909,-48.498597,2021-04-12 20:27:30,2025-08-29 16:00:02,0,ok,True,2,8,train,1009,34,success,0,0,16916,0.0,0.0,0.0,c:\Users\user\Documents\HSFlensburgMaster\Sommersemester2026\AdvancedDeepLearning\Projekt\Exoplanets\data\interim\spoc120_dataset_generation\samples\toi_2610_01.npz
961,2611.01,234282389,FA,0.7320175,2458352.484922,2.577,4520.0,13.5294,5458.0,0.81,335.268299,-64.71227,2021-04-12 21:05:05,2024-08-22 10:08:01,0,ok,True,4,18,test,1010,101,success,0,0,14869,0.0,0.0,0.0,c:\Users\user\Documents\HSFlensburgMaster\Sommersemester2026\AdvancedDeepLearning\Projekt\Exoplanets\data\interim\spoc120_dataset_generation\samples\toi_2611_01.npz
962,1923.01,114299824,KP,4.2042078,2459229.337707,2.124,12080.0,12.9264,6781.0,1.07,114.283382,-32.755419,2020-05-29 17:45:53,2025-06-04 16:00:01,1,ok,True,3,2,train,1011,34,success,0,0,16818,0.0,0.0,0.0,c:\Users\user\Documents\HSFlensburgMaster\Sommersemester2026\AdvancedDeepLearning\Projekt\Exoplanets\data\interim\spoc120_dataset_generation\samples\toi_1923_01.npz
963,1924.01,371443216,KP,2.8240691,2459358.688506,3.808,8970.0,8.0552,8004.2,1.84,147.580067,-66.113925,2020-05-29 17:45:53,2022-10-05 10:10:01,1,ok,True,4,12,train,1012,36,success,0,0,15913,0.0,0.0,0.0,c:\Users\user\Documents\HSFlensburgMaster\Sommersemester2026\AdvancedDeepLearning\Projekt\Exoplanets\data\interim\spoc120_dataset_generation\samples\toi_1924_01.npz
964,1925.01,118956453,KP,2.3447752,2459279.602393,1.814,15340.0,11.9397,5515.0,1.04,135.416303,-20.720369,2020-05-29 17:45:53,2021-10-29 12:59:15,1,ok,True,5,15,validation,1013,35,success,0,0,13670,0.0,0.0,0.0,c:\Users\user\Documents\HSFlensburgMaster\Sommersemester2026\AdvancedDeepLearning\Projekt\Exoplanets\data\interim\spoc120_dataset_generation\samples\toi_1925_01.npz
965,1926.01,143143769,KP,1.3372349,2459175.372553,1.7026098,1226.6760556,12.3686,5111.9,0.860256,89.598895,-30.811799,2020-05-29 17:45:53,2021-12-09 10:10:02,1,ok,True,4,10,train,1014,32,success,0,0,17631,0.0,0.0,0.0,c:\Users\user\Documents\HSFlensburgMaster\Sommersemester2026\AdvancedDeepLearning\Projekt\Exoplanets\data\interim\spoc120_dataset_generation\samples\toi_1926_01.npz
966,1927.01,14344979,KP,4.1117731,2459255.860453,2.1575648,22017.8853537,12.3353,5424.8,0.916164,163.788852,-0.737066,2020-05-29 17:45:53,2024-11-26 16:02:02,1,ok,True,4,15,validation,1015,35,success,0,0,13656,0.0,0.0,0.0,c:\Users\user\Documents\HSFlensburgMaster\Sommersemester2026\AdvancedDeepLearning\Projekt\Exoplanets\data\interim\spoc120_dataset_generation\samples\toi_1927_01.npz
967,1928.01,207077681,KP,2.278575,2459061.944577,2.159825,13638.9588751,12.3119,4879.0,1.21163,320.762876,-40.048439,2020-05-29 17:45:53,2021-10-29 12:59:15,1,ok,True,4,5,train,1016,28,success,0,0,13631,0.0,0.0,0.0,c:\Users\user\Documents\HSFlensburgMaster\Sommersemester2026\AdvancedDeepLearning\Projekt\Exoplanets\data\interim\spoc120_dataset_generation\samples\toi_1928_01.npz
968,1929.01,157266693,KP,3.8537616,2459329.357403,3.392,18650.0,13.1648,5697.0,1.06,176.628323,-33.860076,2020-05-29 17:45:53,2021-11-11 10:10:01,1,ok,True,6,13,train,1017,36,success,0,0,15467,0.0,0.0,0.0,c:\Users\user\Documents\HSFlensburgMaster\Sommersemester2026\AdvancedDeepLearning\Projekt\Exoplanets\data\interim\spoc120_dataset_generation\samples\toi_1929_01.npz
969,193.01,183985250,CP,0.7920645,2460933.175839,0.3656119,1561.7798964,9.1031,5422.0,0.98,358.668877,-37.628224,2018-11-03 00:53:39,2026-03-05 10:08:02,1,ok,True,4,13,train,1018,2,success,0,0,18299,0.0,0.0,0.0,c:\Users\user\Documents\HSFlensburgMaster\Sommersemester2026\AdvancedDeepLearning\Projekt\Exoplanets\data\interim\spoc120_dataset_generation\samples\toi_193_01.npz
970,1930.01,160578764,KP,2.8786641,2459355.488108,2.207,8710.0,12.1014,6017.0,1.35,223.658719,-38.744547,2020-05-29 17:45:53,2022-10-05 10:10:01,1,ok,True,3,4,train,1019,38,success,0,0,18234,0.0,0.0,0.0,c:\Users\user\Documents\HSFlensburgMaster\Sommersemester2026\AdvancedDeepLearning\Projekt\Exoplanets\data\interim\spoc120_dataset_generation\samples\toi_1930_01.npz
971,1931.01,162922904,KP,3.8186276,2459331.431765,4.282,3240.0,12.0233,6090.0,2.03,171.845053,-44.088703,2020-05-29 17:45:53,2021-11-11 10:10:01,1,ok,True,5,4,train,1020,36,success,0,0,15534,0.0,0.0,0.0,c:\Users\user\Documents\HSFlensburgMaster\Sommersemester2026\AdvancedDeepLearning\Projekt\Exoplanets\data\interim\spoc120_dataset_generation\samples\toi_1931_01.npz
972,1932.01,386259537,KP,5.6107737,2459228.937203,6.3384834,6651.6899169,11.3299,6013.5,2.21327,127.38723,-12.944768,2020-05-29 17:45:53,2021-10-29 12:59:15,1,ok,True,4,16,validation,1021,34,success,0,0,16856,0.0,0.0,0.0,c:\Users\user\Documents\HSFlensburgMaster\Sommersemester2026\AdvancedDeepLearning\Projekt\Exoplanets\data\interim\spoc120_dataset_generation\samples\toi_1932_01.npz
973,1933.01,172598832,KP,3.2633165,2459201.975798,5.2814337,5011.5725027,12.941,6561.0,2.08347,100.571247,-29.77678,2020-05-29 17:45:53,2021-10-29 12:59:15,1,ok,True,2,10,train,1022,33,success,0,0,17457,0.0,0.0,0.0,c:\Users\user\Documents\HSFlensburgMaster\Sommersemester2026\AdvancedDeepLearning\Projekt\Exoplanets\data\interim\spoc120_dataset_generation\samples\toi_1933_01.npz
974,1934.01,125739286,KP,4.5111234,2459351.553003,4.525,11170.0,10.5288,6540.6,1.71,215.122762,-31.20207,2020-05-29 17:45:53,2022-10-05 10:10:01,1,ok,True,2,15,validation,1023,38,success,0,0,18182,0.0,0.0,0.0,c:\Users\user\Documents\HSFlensburgMaster\Sommersemester2026\AdvancedDeepLearning\Projekt\Exoplanets\data\interim\spoc120_dataset_generation\samples\toi_1934_01.npz
975,1935.01,176685457,KP,4.4352884,2459272.947539,1.89,6410.0,12.2682,6245.0,1.38,141.920643,-19.347648,2020-05-29 17:45:53,2021-10-29 12:59:15,1,ok,True,3,19,test,1024,35,success,0,0,13657,0.0,0.0,0.0,c:\Users\user\Documents\HSFlensburgMaster\Sommersemester2026\AdvancedDeepLearning\Projekt\Exoplanets\data\interim\spoc120_dataset_generation\samples\toi_1935_01.npz
976,1936.01,178289267,KP,2.3506186,2459167.711102,2.369,15940.0,11.7076,5593.0,0.97,60.948278,-19.056818,2020-05-29 17:45:53,2021-10-29 12:59:15,1,ok,True,1,6,train,1025,31,success,0,0,16438,0.0,0.0,0.0,c:\Users\user\Documents\HSFlensburgMaster\Sommersemester2026\AdvancedDeepLearning\Projekt\Exoplanets\data\interim\spoc120_dataset_generation\samples\toi_1936_01.npz
977,1937.01,268301217,CP,0.9466787,2459989.041517,1.09,16490.0,12.4933,5707.0,1.07,116.370721,-52.383259,2020-06-02 17:11:59,2023-12-03 12:03:15,1,ok,True,7,17,test,1026,34,success,0,0,16910,0.0,0.0,0.0,c:\Users\user\Documents\HSFlensburgMaster\Sommersemester2026\AdvancedDeepLearning\Projekt\Exoplanets\data\interim\spoc120_dataset_generation\samples\toi_1937_01.npz
978,2150.01,230267547,FP,2.2263798,2459768.269102,2.863,1270.0,10.4288,6446.3,1.84,264.591131,18.473875,2020-08-10 17:26:48,2022-08-17 10:10:01,0,ok,True,2,18,test,1027,52,success,0,0,9632,0.0,0.0,0.0,c:\Users\user\Documents\HSFlensburgMaster\Sommersemester2026\AdvancedDeepLearning\Projekt\Exoplanets\data\interim\spoc120_dataset_generation\samples\toi_2150_01.npz
979,2152.01,395393265,CP,3.3772835,2459883.441847,3.6434514,7216.4961357,10.7053,6688.0,1.73235,26.338972,77.790123,2020-08-10 17:26:48,2023-02-21 16:02:01,1,ok,True,7,1,train,1029,58,success,0,0,19475,0.0,0.0,0.0,c:\Users\user\Documents\HSFlensburgMaster\Sommersemester2026\AdvancedDeepLearning\Projekt\Exoplanets\data\interim\spoc120_dataset_generation\samples\toi_2152_01.npz
980,2153.01,406855039,FP,2.7180835,2459391.951972,6.1842922,329.1728205,9.54581,5668.0,2.1805999,274.87052,71.248626,2020-08-10 17:26:48,2023-02-13 16:02:01,0,ok,True,28,10,train,1030,40,success,0,0,19607,0.0,0.0,0.0,c:\Users\user\Documents\HSFlensburgMaster\Sommersemester2026\AdvancedDeepLearning\Projekt\Exoplanets\data\interim\spoc120_dataset_generation\samples\toi_2153_01.npz
981,2154.01,428787891,CP,3.8240826,2459768.102761,2.5172521,10096.1098633,10.6611,6243.0,1.38719,71.028148,84.364265,2020-08-10 17:26:48,2023-06-13 16:02:07,1,ok,True,7,7,train,1031,40,success,0,0,18188,0.0,0.0,0.0,c:\Users\user\Documents\HSFlensburgMaster\Sommersemester2026\AdvancedDeepLearning\Projekt\Exoplanets\data\interim\spoc120_dataset_generation\samples\toi_2154_01.npz
982,2155.01,461591646,CP,3.7246883,2459913.983994,3.078,3320.0,10.9939,6144.0,1.74,5.800269,84.452839,2020-08-10 17:26:48,2025-09-24 12:04:28,1,ok,True,8,8,train,1032,52,success,0,0,16748,0.0,0.0,0.0,c:\Users\user\Documents\HSFlensburgMaster\Sommersemester2026\AdvancedDeepLearning\Projekt\Exoplanets\data\interim\spoc120_dataset_generation\samples\toi_2155_01.npz
983,2156.01,258402425,FP,0.67554,2459011.05035,0.922,680.0,9.87437,4872.0,2.74,274.416666,23.917679,2020-08-10 17:26:48,2021-10-29 12:59:15,0,ok,True,3,13,train,1033,40,success,0,0,19607,0.0,0.0,0.0,c:\Users\user\Documents\HSFlensburgMaster\Sommersemester2026\AdvancedDeepLearning\Projekt\Exoplanets\data\interim\spoc120_dataset_generation\samples\toi_2156_01.npz
984,2157.01,298495970,FP,8.4249043,2459764.110052,2.311,21600.0,10.7033,5756.0,0.93,261.71771,25.84927,2020-08-10 17:26:49,2025-04-02 12:03:04,0,ok,True,2,4,train,1034,53,success,0,0,15174,0.0,0.0,0.0,c:\Users\user\Documents\HSFlensburgMaster\Sommersemester2026\AdvancedDeepLearning\Projekt\Exoplanets\data\interim\spoc120_dataset_generation\samples\toi_2157_01.npz
985,2158.01,342642208,CP,8.6007557,2459758.586312,3.304,5090.0,10.1669,5389.0,1.5,276.810053,20.526887,2020-08-10 17:26:49,2023-03-03 12:03:04,1,ok,True,2,1,train,1035,40,success,0,0,19610,0.0,0.0,0.0,c:\Users\user\Documents\HSFlensburgMaster\Sommersemester2026\AdvancedDeepLearning\Projekt\Exoplanets\data\interim\spoc120_dataset_generation\samples\toi_2158_01.npz
986,216.02,55652896,CP,17.3890454,2459340.904719,2.6516541,2971.7532268,11.5748,5025.77,0.801736,73.980013,-63.26033,2019-05-07 17:42:36,2023-11-14 12:02:50,1,ok,True,43,17,test,1037,1,success,36,0,15383,17.91044776119403,0.0,17.91044776119403,c:\Users\user\Documents\HSFlensburgMaster\Sommersemester2026\AdvancedDeepLearning\Projekt\Exoplanets\data\interim\spoc120_dataset_generation\samples\toi_216_02.npz
987,2161.01,366563452,FP,1.5873866,2459767.160908,1.51,110.0,9.5998,5028.0,0.81,304.444709,77.166678,2020-08-10 17:26:49,2022-08-24 16:02:02,0,ok,True,20,1,train,1038,17,success,0,0,14096,0.0,0.0,0.0,c:\Users\user\Documents\HSFlensburgMaster\Sommersemester2026\AdvancedDeepLearning\Projekt\Exoplanets\data\interim\spoc120_dataset_generation\samples\toi_2161_01.npz
988,2162.01,284564230,FP,12.9773004,2460656.816106,4.391,997.0,10.2182,6610.0,1.66,291.524023,58.510182,2020-08-10 17:26:49,2025-07-23 10:08:02,0,ok,True,17,0,train,1039,40,success,0,0,19610,0.0,0.0,0.0,c:\Users\user\Documents\HSFlensburgMaster\Sommersemester2026\AdvancedDeepLearning\Projekt\Exoplanets\data\interim\spoc120_dataset_generation\samples\toi_2162_01.npz
989,342.01,415969574,FP,10.45776,2458362.57199,3.148,8773.24,12.8691,5800.0,,342.170406,-18.520467,2018-12-20 19:43:30,2021-12-06 16:02:02,0,ok,True,1,2,train,1040,42,success,0,0,9619,0.0,0.0,0.0,c:\Users\user\Documents\HSFlensburgMaster\Sommersemester2026\AdvancedDeepLearning\Projekt\Exoplanets\data\interim\spoc120_dataset_generation\samples\toi_342_01.npz
990,3422.01,286099128,KP,3.7788779,2459964.344071,3.1290228,17654.0731284,12.239,5817.7,1.02896,140.84562,2.932484,2021-06-16 22:56:31,2024-09-07 10:08:02,1,ok,True,3,11,train,1041,61,success,0,0,15427,0.0,0.0,0.0,c:\Users\user\Documents\HSFlensburgMaster\Sommersemester2026\AdvancedDeepLearning\Projekt\Exoplanets\data\interim\spoc120_dataset_generation\samples\toi_3422_01.npz
991,3684.01,28873762,FP,3.105654,2459518.690795,1.999,12400.0,13.3483,6241.0,1.44,49.792323,27.263332,2021-06-23 15:17:51,2024-08-22 10:08:01,0,ok,True,5,0,train,1042,42,success,0,0,13081,0.0,0.0,0.0,c:\Users\user\Documents\HSFlensburgMaster\Sommersemester2026\AdvancedDeepLearning\Projekt\Exoplanets\data\interim\spoc120_dataset_generation\samples\toi_3684_01.npz
992,3688.01,245509452,CP,3.246208,2459883.864179,3.4201513,9405.9910446,11.8433,6088.0,1.34548,39.282337,54.851215,2021-06-23 15:17:52,2023-03-21 12:03:03,1,ok,True,2,8,train,1043,58,success,0,0,19475,0.0,0.0,0.0,c:\Users\user\Documents\HSFlensburgMaster\Sommersemester2026\AdvancedDeepLearning\Projekt\Exoplanets\data\interim\spoc120_dataset_generation\samples\toi_3688_01.npz
993,3693.01,240823272,CP,9.0881638,2459888.212325,3.402,24660.0,11.419,5211.0,0.8,15.654394,51.303892,2021-06-23 15:17:53,2024-08-22 10:08:01,1,ok,True,2,12,train,1044,58,success,0,0,17466,0.0,0.0,0.0,c:\Users\user\Documents\HSFlensburgMaster\Sommersemester2026\AdvancedDeepLearning\Projekt\Exoplanets\data\interim\spoc120_dataset_generation\samples\toi_3693_01.npz
994,3159.01,449549170,FP,1.4753526,2460068.914155,3.29,870.0,11.2925,5732.0,1.81,200.464421,-62.542122,2021-06-04 13:54:18,2025-12-11 16:00:01,0,ok,True,5,14,validation,1045,64,success,0,0,18854,0.0,0.0,0.0,c:\Users\user\Documents\HSFlensburgMaster\Sommersemester2026\AdvancedDeepLearning\Projekt\Exoplanets\data\interim\spoc120_dataset_generation\samples\toi_3159_01.npz
995,3165.01,419858461,FP,2.5433707,2460041.975735,3.2214112,55256.7333661,13.6313,6748.0,1.12503,191.643659,-59.564831,2021-06-04 13:54:19,2025-12-11 16:00:01,0,ok,True,4,15,validation,1046,64,success,0,0,18853,0.0,0.0,0.0,c:\Users\user\Documents\HSFlensburgMaster\Sommersemester2026\AdvancedDeepLearning\Projekt\Exoplanets\data\interim\spoc120_dataset_generation\samples\toi_3165_01.npz
996,3435.01,238162973,FP,11.8885643,2459260.035982,2.567,35450.0,13.3872,4427.0,0.75,106.432017,-49.520598,2021-06-16 22:56:33,2024-08-22 10:08:01,0,ok,True,2,8,train,1047,61,success,0,0,15445,0.0,0.0,0.0,c:\Users\user\Documents\HSFlensburgMaster\Sommersemester2026\AdvancedDeepLearning\Projekt\Exoplanets\data\interim\spoc120_dataset_generation\samples\toi_3435_01.npz
997,3705.01,259506033,KP,1.9025032,2460286.170903,1.6652986,10717.8931836,12.3824,5464.2,1.02592,75.480167,50.131178,2021-06-23 15:18:23,2024-09-08 10:08:02,1,ok,True,3,1,train,1048,59,success,0,0,16555,0.0,0.0,0.0,c:\Users\user\Documents\HSFlensburgMaster\Sommersemester2026\AdvancedDeepLearning\Projekt\Exoplanets\data\interim\spoc120_dataset_generation\samples\toi_3705_01.npz
998,3712.01,354442783,FP,1.5224706,2459910.690161,1.3423331,8545.4542713,13.4418,4654.3,0.8,89.243696,36.358115,2021-06-23 15:18:25,2026-03-15 12:03:40,0,ok,True,2,19,test,1049,59,success,0,0,16732,0.0,0.0,0.0,c:\Users\user\Documents\HSFlensburgMaster\Sommersemester2026\AdvancedDeepLearning\Projekt\Exoplanets\data\interim\spoc120_dataset_generation\samples\toi_3712_01.npz
999,3714.01,155867025,CP,2.1547472,2459911.46982,1.6582238,49552.1823437,13.1751,3538.0,0.50843,69.552342,39.458003,2021-06-23 15:18:25,2024-09-10 10:08:02,1,ok,True,2,3,train,1050,59,success,0,0,16195,0.0,0.0,0.0,c:\Users\user\Documents\HSFlensburgMaster\Sommersemester2026\AdvancedDeepLearning\Projekt\Exoplanets\data\interim\spoc120_dataset_generation\samples\toi_3714_01.npz
1000,290.01,201233610,FP,21.05271,2459097.43463,4.91,21440.0,12.9528,5736.0,1.73,359.516588,-49.300838,2018-10-03 02:14:37,2025-06-03 16:00:01,0,ok,True,4,8,train,1051,28,success,34,0,13675,16.91542288557214,0.0,16.91542288557214,c:\Users\user\Documents\HSFlensburgMaster\Sommersemester2026\AdvancedDeepLearning\Projekt\Exoplanets\data\interim\spoc120_dataset_generation\samples\toi_290_01.npz
1001,2902.01,290302097,FP,2.9918201,2460042.800347,2.231,3410.0,12.7858,5301.0,0.89,136.335932,-62.966781,2021-06-04 01:29:23,2024-08-22 10:08:01,0,ok,True,3,17,test,1052,62,success,0,0,16081,0.0,0.0,0.0,c:\Users\user\Documents\HSFlensburgMaster\Sommersemester2026\AdvancedDeepLearning\Projekt\Exoplanets\data\interim\spoc120_dataset_generation\samples\toi_2902_01.npz
1002,291.01,49710555,FP,12.08837,2459109.092,3.106,5990.0,12.3035,5920.0,1.34,352.16451,-10.85962,2018-12-20 19:43:30,2022-10-20 16:02:02,0,ok,True,2,0,train,1053,29,success,0,0,14806,0.0,0.0,0.0,c:\Users\user\Documents\HSFlensburgMaster\Sommersemester2026\AdvancedDeepLearning\Projekt\Exoplanets\data\interim\spoc120_dataset_generation\samples\toi_291_01.npz
1003,3174.01,392112968,FP,1.1960086,2460041.592817,2.35,11770.0,13.2785,7108.0,1.55,174.287225,-67.519336,2021-06-04 13:54:20,2024-08-22 10:08:01,0,ok,True,2,17,test,1054,64,success,0,0,18849,0.0,0.0,0.0,c:\Users\user\Documents\HSFlensburgMaster\Sommersemester2026\AdvancedDeepLearning\Projekt\Exoplanets\data\interim\spoc120_dataset_generation\samples\toi_3174_01.npz
1004,3176.01,389999924,FP,4.7606207,2460015.719284,5.9420443,7813.8313853,12.6453,6213.0,1.1804399,160.108553,-62.685964,2021-06-04 13:54:21,2025-12-11 16:00:01,0,ok,True,3,9,train,1055,63,success,0,0,18357,0.0,0.0,0.0,c:\Users\user\Documents\HSFlensburgMaster\Sommersemester2026\AdvancedDeepLearning\Projekt\Exoplanets\data\interim\spoc120_dataset_generation\samples\toi_3176_01.npz
1005,3181.01,372596796,FP,3.5366743,2458617.031866,2.697,13180.0,12.298,5971.0,1.14,151.49954,-66.897501,2021-06-04 13:54:21,2024-08-22 10:08:01,0,ok,True,1,11,train,1056,90,success,0,0,18696,0.0,0.0,0.0,c:\Users\user\Documents\HSFlensburgMaster\Sommersemester2026\AdvancedDeepLearning\Projekt\Exoplanets\data\interim\spoc120_dataset_generation\samples\toi_3181_01.npz
1006,3189.01,361998994,FP,1.84996,2458622.189194,2.954,9350.0,13.6447,6320.0,1.37,145.2336,-63.487213,2021-06-04 13:54:23,2025-05-04 12:04:17,0,ok,True,1,15,validation,1057,63,success,0,0,18357,0.0,0.0,0.0,c:\Users\user\Documents\HSFlensburgMaster\Sommersemester2026\AdvancedDeepLearning\Projekt\Exoplanets\data\interim\spoc120_dataset_generation\samples\toi_3189_01.npz
1007,3725.01,339250695,FP,4.7262208,2460287.858395,3.2344044,9512.9165619,13.135,5947.0,1.1428699,84.789937,60.424358,2021-06-23 15:18:26,2024-09-10 10:08:02,0,ok,True,2,8,train,1058,59,success,0,0,16268,0.0,0.0,0.0,c:\Users\user\Documents\HSFlensburgMaster\Sommersemester2026\AdvancedDeepLearning\Projekt\Exoplanets\data\interim\spoc120_dataset_generation\samples\toi_3725_01.npz
1008,3728.01,116257066,FP,6.5019596,2459545.961039,3.078,7130.0,11.1843,13253.0,,85.151086,34.796663,2021-06-23 15:18:27,2024-08-22 10:08:01,0,ok,True,4,10,train,1059,43,success,0,0,16199,0.0,0.0,0.0,c:\Users\user\Documents\HSFlensburgMaster\Sommersemester2026\AdvancedDeepLearning\Projekt\Exoplanets\data\interim\spoc120_dataset_generation\samples\toi_3728_01.npz
1009,373.01,9032368,FP,1.632,2458355.67942,1.466,5500.0,13.2889,5997.0,1.11,355.901919,-11.26957,2018-12-20 19:43:30,2026-03-05 10:08:02,0,ok,True,2,6,train,1060,29,success,0,0,14785,0.0,0.0,0.0,c:\Users\user\Documents\HSFlensburgMaster\Sommersemester2026\AdvancedDeepLearning\Projekt\Exoplanets\data\interim\spoc120_dataset_generation\samples\toi_373_01.npz
1010,320.01,188593930,FP,1.46503,2458354.27607,1.145,3162.12,12.3574,5912.5,0.88,345.522623,-16.360699,2018-12-20 19:43:30,2021-12-06 16:02:02,0,ok,True,2,3,train,1061,29,success,0,0,14888,0.0,0.0,0.0,c:\Users\user\Documents\HSFlensburgMaster\Sommersemester2026\AdvancedDeepLearning\Projekt\Exoplanets\data\interim\spoc120_dataset_generation\samples\toi_320_01.npz
1011,3205.01,322862882,FP,1.2361087,2459359.464532,1.139,19760.0,13.364,4313.2,0.59,218.476437,-24.652822,2021-06-04 13:54:25,2024-08-22 10:08:01,0,ok,True,1,6,train,1062,91,success,0,0,10985,0.0,0.0,0.0,c:\Users\user\Documents\HSFlensburgMaster\Sommersemester2026\AdvancedDeepLearning\Projekt\Exoplanets\data\interim\spoc120_dataset_generation\samples\toi_3205_01.npz
1012,3733.01,321436679,FP,2.1263167,2460286.361991,2.6213684,7318.4567789,12.6396,6361.4,2.2823701,83.140649,57.623092,2021-06-23 15:18:27,2024-09-10 10:08:02,0,ok,True,2,17,test,1063,59,success,0,0,16393,0.0,0.0,0.0,c:\Users\user\Documents\HSFlensburgMaster\Sommersemester2026\AdvancedDeepLearning\Projekt\Exoplanets\data\interim\spoc120_dataset_generation\samples\toi_3733_01.npz
1013,3740.01,87597187,FA,2.0449361,2458838.028588,2.732,29540.0,12.878,6247.6,1.22,81.57825,47.073781,2021-06-23 15:18:28,2024-08-22 10:08:01,0,ok,True,2,4,train,1064,59,success,0,0,16575,0.0,0.0,0.0,c:\Users\user\Documents\HSFlensburgMaster\Sommersemester2026\AdvancedDeepLearning\Projekt\Exoplanets\data\interim\spoc120_dataset_generation\samples\toi_3740_01.npz
1014,3742.01,286696848,FP,8.9279009,2458835.622721,3.278,49560.0,12.8814,3916.0,0.67,72.799655,50.096898,2021-06-23 15:18:28,2024-08-22 10:08:01,0,ok,True,2,2,train,1065,59,success,0,0,16545,0.0,0.0,0.0,c:\Users\user\Documents\HSFlensburgMaster\Sommersemester2026\AdvancedDeepLearning\Projekt\Exoplanets\data\interim\spoc120_dataset_generation\samples\toi_3742_01.npz
1015,3746.01,284747017,FP,1.8012697,2458839.923433,3.182,1800.0,11.7603,4570.0,0.75,78.040149,34.750032,2021-06-23 15:18:29,2024-08-22 10:08:01,0,ok,True,4,19,test,1066,43,success,0,0,16254,0.0,0.0,0.0,c:\Users\user\Documents\HSFlensburgMaster\Sommersemester2026\AdvancedDeepLearning\Projekt\Exoplanets\data\interim\spoc120_dataset_generation\samples\toi_3746_01.npz
1016,2933.01,29336129,FP,1.6363822,2459989.636228,5.2796046,2383.8690387,12.5246,6361.0,1.6787,132.871698,-47.739206,2021-06-04 01:29:29,2024-09-08 10:08:02,0,ok,True,2,18,test,1067,62,success,0,0,17367,0.0,0.0,0.0,c:\Users\user\Documents\HSFlensburgMaster\Sommersemester2026\AdvancedDeepLearning\Projekt\Exoplanets\data\interim\spoc120_dataset_generation\samples\toi_2933_01.npz
1017,2936.01,22020459,FP,1.3328042,2459988.479583,2.75,1960.0,12.5961,6561.0,1.67,147.853628,-25.593913,2021-06-04 01:29:30,2024-08-22 10:08:01,0,ok,True,1,0,train,1068,62,success,0,0,15284,0.0,0.0,0.0,c:\Users\user\Documents\HSFlensburgMaster\Sommersemester2026\AdvancedDeepLearning\Projekt\Exoplanets\data\interim\spoc120_dataset_generation\samples\toi_2936_01.npz
1018,294.01,188570092,CP,7.327945,2459457.973621,2.896,13710.0,11.3875,4521.0,0.79,339.02584,-17.000305,2018-12-20 19:43:30,2022-09-21 10:10:02,1,ok,True,3,14,validation,1069,42,success,0,0,9655,0.0,0.0,0.0,c:\Users\user\Documents\HSFlensburgMaster\Sommersemester2026\AdvancedDeepLearning\Projekt\Exoplanets\data\interim\spoc120_dataset_generation\samples\toi_294_01.npz
1019,2944.01,340700241,FP,7.7925448,2459967.138723,2.902988,16339.5347863,13.3106,6307.0,1.44678,116.957847,-56.764275,2021-06-04 01:29:31,2025-12-11 10:08:01,0,ok,True,8,14,validation,1070,61,success,0,0,15532,0.0,0.0,0.0,c:\Users\user\Documents\HSFlensburgMaster\Sommersemester2026\AdvancedDeepLearning\Projekt\Exoplanets\data\interim\spoc120_dataset_generation\samples\toi_2944_01.npz
1020,2947.01,374847873,FP,2.0391741,2459332.080551,0.849,5740.0,12.5964,5371.5,,151.064827,-63.377022,2021-06-04 01:29:32,2024-08-22 10:08:01,0,ok,True,1,5,train,1071,90,success,0,0,19274,0.0,0.0,0.0,c:\Users\user\Documents\HSFlensburgMaster\Sommersemester2026\AdvancedDeepLearning\Projekt\Exoplanets\data\interim\spoc120_dataset_generation\samples\toi_2947_01.npz
1021,3216.01,306547699,FP,2.6985136,2459356.241304,4.856,13510.0,13.1235,3922.8,,179.457833,-62.327546,2021-06-04 13:54:26,2025-03-19 12:04:32,0,ok,True,1,8,train,1072,64,success,0,0,18854,0.0,0.0,0.0,c:\Users\user\Documents\HSFlensburgMaster\Sommersemester2026\AdvancedDeepLearning\Projekt\Exoplanets\data\interim\spoc120_dataset_generation\samples\toi_3216_01.npz
1022,3217.01,309436531,FP,3.2136333,2459383.966929,1.875,7810.0,12.3297,6189.4,1.25,138.805858,-79.774383,2021-06-04 13:54:26,2024-08-22 10:08:01,0,ok,True,1,8,train,1073,93,success,0,0,15446,0.0,0.0,0.0,c:\Users\user\Documents\HSFlensburgMaster\Sommersemester2026\AdvancedDeepLearning\Projekt\Exoplanets\data\interim\spoc120_dataset_generation\samples\toi_3217_01.npz
1023,3218.01,305739565,CP,3.3704313,2459329.334304,4.608,5610.0,12.885,5765.0,1.85,206.026527,-32.522975,2021-06-04 13:54:26,2025-04-21 12:03:49,1,ok,True,2,8,train,1074,64,success,0,0,17283,0.0,0.0,0.0,c:\Users\user\Documents\HSFlensburgMaster\Sommersemester2026\AdvancedDeepLearning\Projekt\Exoplanets\data\interim\spoc120_dataset_generation\samples\toi_3218_01.npz
1024,3220.01,304950588,FP,7.4316274,2459350.857352,3.868,13740.0,13.2566,3505.0,,178.357087,-61.097733,2021-06-04 13:54:27,2025-04-19 12:03:12,0,ok,True,1,1,train,1075,64,success,0,0,18854,0.0,0.0,0.0,c:\Users\user\Documents\HSFlensburgMaster\Sommersemester2026\AdvancedDeepLearning\Projekt\Exoplanets\data\interim\spoc120_dataset_generation\samples\toi_3220_01.npz
1025,3221.01,303883880,FP,0.8970184,2459359.59881,2.434,12070.0,13.3733,,,177.688743,-62.75265,2021-06-04 13:54:27,2024-08-22 10:08:01,0,ok,True,1,9,train,1076,64,success,0,0,18854,0.0,0.0,0.0,c:\Users\user\Documents\HSFlensburgMaster\Sommersemester2026\AdvancedDeepLearning\Projekt\Exoplanets\data\interim\spoc120_dataset_generation\samples\toi_3221_01.npz
1026,349.01,382474101,FP,2.6520851,2460184.497818,3.8534062,10671.4743296,10.179,6054.0,,12.274291,-52.046528,2018-12-20 19:43:30,2026-02-25 16:00:02,0,ok,True,2,6,train,1077,2,success,0,0,17347,0.0,0.0,0.0,c:\Users\user\Documents\HSFlensburgMaster\Sommersemester2026\AdvancedDeepLearning\Projekt\Exoplanets\data\interim\spoc120_dataset_generation\samples\toi_349_01.npz
1027,3497.01,21113347,KP,4.218076,2459310.816804,3.5060865,7882.0701205,11.4007,5780.0,1.0,186.787304,-48.978411,2021-06-21 18:48:11,2025-08-29 16:00:02,1,ok,True,5,6,train,1078,37,success,0,0,15825,0.0,0.0,0.0,c:\Users\user\Documents\HSFlensburgMaster\Sommersemester2026\AdvancedDeepLearning\Projekt\Exoplanets\data\interim\spoc120_dataset_generation\samples\toi_3497_01.npz
1028,3753.01,467783290,FP,3.6502527,2459521.512909,2.506,9000.0,12.4332,6630.3,1.95,62.618611,32.306767,2021-06-23 15:18:30,2024-08-22 10:08:01,0,ok,True,4,17,test,1079,43,success,0,0,15591,0.0,0.0,0.0,c:\Users\user\Documents\HSFlensburgMaster\Sommersemester2026\AdvancedDeepLearning\Projekt\Exoplanets\data\interim\spoc120_dataset_generation\samples\toi_3753_01.npz
1029,3755.01,281196902,CP,5.5455798,2460291.216212,3.1170996,8040.2832674,12.079,5354.0,1.07607,69.747261,66.671209,2021-06-23 15:18:31,2025-01-20 12:03:29,1,ok,True,3,8,train,1080,59,success,0,0,16276,0.0,0.0,0.0,c:\Users\user\Documents\HSFlensburgMaster\Sommersemester2026\AdvancedDeepLearning\Projekt\Exoplanets\data\interim\spoc120_dataset_generation\samples\toi_3755_01.npz
1030,3757.01,445751830,CP,3.4391954,2459911.667339,1.6681096,32914.4087358,13.1858,3902.0,0.637223,91.003642,55.019979,2021-06-23 15:18:31,2024-09-07 10:08:02,1,ok,True,3,4,train,1081,59,success,0,0,16393,0.0,0.0,0.0,c:\Users\user\Documents\HSFlensburgMaster\Sommersemester2026\AdvancedDeepLearning\Projekt\Exoplanets\data\interim\spoc120_dataset_generation\samples\toi_3757_01.npz
1031,3759.01,27244707,FP,1.6882863,2458838.180194,2.636,5190.0,12.816,,,65.615413,46.536013,2021-06-23 15:18:31,2024-08-22 10:08:01,0,ok,True,1,14,validation,1082,59,success,0,0,16468,0.0,0.0,0.0,c:\Users\user\Documents\HSFlensburgMaster\Sommersemester2026\AdvancedDeepLearning\Projekt\Exoplanets\data\interim\spoc120_dataset_generation\samples\toi_3759_01.npz
1032,295.01,327952677,KP,3.3969441,2459090.143839,2.4148687,10192.131158,12.141,5864.0,1.27071,359.091858,-13.271638,2018-12-20 19:43:30,2024-04-25 10:08:01,1,ok,True,3,8,train,1083,29,success,0,0,14752,0.0,0.0,0.0,c:\Users\user\Documents\HSFlensburgMaster\Sommersemester2026\AdvancedDeepLearning\Projekt\Exoplanets\data\interim\spoc120_dataset_generation\samples\toi_295_01.npz
1033,2951.01,304025075,FP,3.0290563,2460016.529835,3.3148084,22300.1175043,13.417,,,140.738354,-68.83153,2021-06-04 01:29:32,2025-12-11 10:08:01,0,ok,True,4,19,test,1084,63,success,0,0,17167,0.0,0.0,0.0,c:\Users\user\Documents\HSFlensburgMaster\Sommersemester2026\AdvancedDeepLearning\Projekt\Exoplanets\data\interim\spoc120_dataset_generation\samples\toi_2951_01.npz
1034,2953.01,469184909,FP,1.2926975,2460042.142618,2.592,6460.0,12.4794,,,148.534383,-57.048538,2021-06-04 01:29:33,2025-12-11 16:00:01,0,ok,True,3,19,test,1085,63,success,0,0,18358,0.0,0.0,0.0,c:\Users\user\Documents\HSFlensburgMaster\Sommersemester2026\AdvancedDeepLearning\Projekt\Exoplanets\data\interim\spoc120_dataset_generation\samples\toi_2953_01.npz
1035,2958.01,463203560,FP,1.9905105,2460014.553417,2.62,2270.0,10.6758,6211.0,1.07,153.250338,-58.763396,2021-06-04 01:29:34,2024-11-18 16:02:01,0,ok,True,3,5,train,1086,63,success,0,0,18358,0.0,0.0,0.0,c:\Users\user\Documents\HSFlensburgMaster\Sommersemester2026\AdvancedDeepLearning\Projekt\Exoplanets\data\interim\spoc120_dataset_generation\samples\toi_2958_01.npz
1036,2959.01,462162963,FP,1.3550447,2458593.752907,1.945,3710.0,12.3935,14466.0,,150.368272,-59.851711,2021-06-04 01:29:34,2024-08-22 10:08:01,0,ok,True,1,2,train,1087,90,success,0,0,19274,0.0,0.0,0.0,c:\Users\user\Documents\HSFlensburgMaster\Sommersemester2026\AdvancedDeepLearning\Projekt\Exoplanets\data\interim\spoc120_dataset_generation\samples\toi_2959_01.npz
1037,2963.01,441334829,FP,4.4433921,2459991.660646,3.414,6480.0,12.5449,7664.0,1.23,145.150907,-55.815548,2021-06-04 01:29:35,2024-08-22 10:08:01,0,ok,True,1,6,train,1088,62,success,0,0,16852,0.0,0.0,0.0,c:\Users\user\Documents\HSFlensburgMaster\Sommersemester2026\AdvancedDeepLearning\Projekt\Exoplanets\data\interim\spoc120_dataset_generation\samples\toi_2963_01.npz
1038,3235.01,243641947,CP,2.5926199,2459355.554021,1.269,78210.0,13.2486,3375.0,0.37,207.473849,-46.066514,2021-06-04 13:54:29,2024-08-22 10:08:01,1,ok,True,3,5,train,1089,64,success,0,0,18853,0.0,0.0,0.0,c:\Users\user\Documents\HSFlensburgMaster\Sommersemester2026\AdvancedDeepLearning\Projekt\Exoplanets\data\interim\spoc120_dataset_generation\samples\toi_3235_01.npz
1039,3503.01,459850897,FP,1.1882681,2460772.766105,1.9593251,2800.5248692,10.2726,8405.0,1.78789,163.714472,-58.569285,2021-06-21 18:48:12,2025-12-11 16:00:01,0,ok,True,6,14,validation,1090,37,success,0,0,17338,0.0,0.0,0.0,c:\Users\user\Documents\HSFlensburgMaster\Sommersemester2026\AdvancedDeepLearning\Projekt\Exoplanets\data\interim\spoc120_dataset_generation\samples\toi_3503_01.npz
1040,3504.01,117689799,FP,2.1570462,2459771.874948,2.3436622,17928.3672773,11.6006,5863.0,1.04535,300.735006,24.435135,2021-06-23 15:10:46,2024-09-07 10:08:02,0,ok,True,2,7,train,1091,54,success,0,0,15068,0.0,0.0,0.0,c:\Users\user\Documents\HSFlensburgMaster\Sommersemester2026\AdvancedDeepLearning\Projekt\Exoplanets\data\interim\spoc120_dataset_generation\samples\toi_3504_01.npz
1041,3507.01,86451883,FP,1.7561019,2458708.663596,2.858,11010.0,13.3911,4896.0,0.81,298.561279,32.425717,2021-06-23 15:10:46,2024-08-22 10:08:01,0,ok,True,6,13,train,1092,54,success,0,0,14499,0.0,0.0,0.0,c:\Users\user\Documents\HSFlensburgMaster\Sommersemester2026\AdvancedDeepLearning\Projekt\Exoplanets\data\interim\spoc120_dataset_generation\samples\toi_3507_01.npz
1042,3508.01,278968371,FP,1.2997811,2458707.691822,2.35,7140.0,12.4162,6053.0,1.61,290.079022,21.371475,2021-06-23 15:10:46,2024-08-22 10:08:01,0,ok,True,1,5,train,1093,54,success,0,0,14038,0.0,0.0,0.0,c:\Users\user\Documents\HSFlensburgMaster\Sommersemester2026\AdvancedDeepLearning\Projekt\Exoplanets\data\interim\spoc120_dataset_generation\samples\toi_3508_01.npz
1043,351.01,228381868,KP,3.4654953,2459091.364241,4.1612558,5884.1905569,12.0719,5570.3,1.77738,357.580647,-17.077595,2018-12-20 19:43:30,2024-03-14 16:54:32,1,ok,True,3,4,train,1094,29,success,0,0,14658,0.0,0.0,0.0,c:\Users\user\Documents\HSFlensburgMaster\Sommersemester2026\AdvancedDeepLearning\Projekt\Exoplanets\data\interim\spoc120_dataset_generation\samples\toi_351_01.npz
1044,3512.01,40779013,FP,1.7113115,2458708.891857,1.562,9840.0,11.8744,6845.2,,293.480154,34.573742,2021-06-23 15:10:47,2024-08-22 10:08:01,0,ok,True,2,1,train,1095,54,success,0,0,17898,0.0,0.0,0.0,c:\Users\user\Documents\HSFlensburgMaster\Sommersemester2026\AdvancedDeepLearning\Projekt\Exoplanets\data\interim\spoc120_dataset_generation\samples\toi_3512_01.npz
1045,3781.01,470974162,FP,3.2583798,2459603.239373,2.196,4800.0,12.3794,4992.1,0.9,110.878729,50.349524,2021-06-23 15:20:11,2024-08-22 10:08:01,0,ok,True,1,14,validation,1096,47,success,0,0,16605,0.0,0.0,0.0,c:\Users\user\Documents\HSFlensburgMaster\Sommersemester2026\AdvancedDeepLearning\Projekt\Exoplanets\data\interim\spoc120_dataset_generation\samples\toi_3781_01.npz
1046,3785.01,458419328,CP,4.6747218,2459604.77275,1.61,8200.0,12.4963,3502.0,0.5,130.900226,63.078077,2021-06-23 15:20:12,2024-08-22 10:08:01,1,ok,True,2,15,validation,1097,47,success,0,0,16455,0.0,0.0,0.0,c:\Users\user\Documents\HSFlensburgMaster\Sommersemester2026\AdvancedDeepLearning\Projekt\Exoplanets\data\interim\spoc120_dataset_generation\samples\toi_3785_01.npz
1047,2967.01,103245940,FP,3.2517862,2459301.699712,4.373,18310.0,13.0742,5824.0,0.92,156.596157,-44.177389,2021-06-04 01:29:35,2024-08-22 10:08:01,0,ok,True,1,18,test,1098,90,success,0,0,16760,0.0,0.0,0.0,c:\Users\user\Documents\HSFlensburgMaster\Sommersemester2026\AdvancedDeepLearning\Projekt\Exoplanets\data\interim\spoc120_dataset_generation\samples\toi_2967_01.npz
1048,297.01,115242351,FP,5.6748327,2459093.605469,1.783,8390.2038219,13.1099,4871.0,1.09429,6.17695,-36.114458,2018-12-20 19:43:30,2026-06-26 16:00:02,0,ok,True,3,4,train,1099,29,success,0,0,14828,0.0,0.0,0.0,c:\Users\user\Documents\HSFlensburgMaster\Sommersemester2026\AdvancedDeepLearning\Projekt\Exoplanets\data\interim\spoc120_dataset_generation\samples\toi_297_01.npz
1049,2977.01,361343239,CP,2.3505698,2459331.527877,2.768,11210.0,11.9383,5356.0,1.22,143.926518,-60.357476,2021-06-04 01:29:37,2024-08-22 10:08:01,1,ok,True,3,4,train,1100,63,success,0,0,18358,0.0,0.0,0.0,c:\Users\user\Documents\HSFlensburgMaster\Sommersemester2026\AdvancedDeepLearning\Projekt\Exoplanets\data\interim\spoc120_dataset_generation\samples\toi_2977_01.npz
1050,2981.01,287145649,CP,3.6015056,2459302.719029,3.024,13630.0,12.7533,6055.0,1.03,163.487394,-25.524599,2021-06-04 01:29:38,2025-04-21 12:03:49,1,ok,True,2,3,train,1101,63,success,0,0,17088,0.0,0.0,0.0,c:\Users\user\Documents\HSFlensburgMaster\Sommersemester2026\AdvancedDeepLearning\Projekt\Exoplanets\data\interim\spoc120_dataset_generation\samples\toi_2981_01.npz
1051,3524.01,106224626,FP,3.3418892,2458731.298955,2.084,24860.0,13.4979,4874.0,0.8,301.078777,34.398008,2021-06-23 15:11:37,2024-08-22 10:08:01,0,ok,True,4,12,train,1102,74,success,0,0,18788,0.0,0.0,0.0,c:\Users\user\Documents\HSFlensburgMaster\Sommersemester2026\AdvancedDeepLearning\Projekt\Exoplanets\data\interim\spoc120_dataset_generation\samples\toi_3524_01.npz
1052,3525.01,373576942,FP,0.8912218,2458731.568477,1.846,9160.0,12.8424,6245.0,1.59,320.427977,37.822833,2021-06-23 15:11:37,2024-08-22 10:08:01,0,ok,True,5,17,test,1103,55,success,0,0,15367,0.0,0.0,0.0,c:\Users\user\Documents\HSFlensburgMaster\Sommersemester2026\AdvancedDeepLearning\Projekt\Exoplanets\data\interim\spoc120_dataset_generation\samples\toi_3525_01.npz
1053,3526.01,89876424,FP,1.5380702,2458733.088312,2.226,8770.0,13.3403,6125.0,2.06,301.520846,34.315352,2021-06-23 15:11:37,2024-08-22 10:08:01,0,ok,True,5,19,test,1104,55,success,0,0,18750,0.0,0.0,0.0,c:\Users\user\Documents\HSFlensburgMaster\Sommersemester2026\AdvancedDeepLearning\Projekt\Exoplanets\data\interim\spoc120_dataset_generation\samples\toi_3526_01.npz
1054,3528.01,67247610,FP,1.9740614,2460340.791704,2.1627229,19601.2829646,13.134,3633.7,,311.862231,37.117833,2021-06-23 15:11:38,2024-09-06 10:08:02,0,ok,True,3,15,validation,1105,55,success,0,0,13497,0.0,0.0,0.0,c:\Users\user\Documents\HSFlensburgMaster\Sommersemester2026\AdvancedDeepLearning\Projekt\Exoplanets\data\interim\spoc120_dataset_generation\samples\toi_3528_01.npz
1055,383.01,167418898,FP,10.9803025,2459367.920446,1.659,2390.0,10.2401,5951.0,1.27,99.609604,-67.656396,2019-01-16 19:24:30,2025-05-21 16:00:01,0,ok,True,29,16,validation,1106,1,success,0,0,18279,0.0,0.0,0.0,c:\Users\user\Documents\HSFlensburgMaster\Sommersemester2026\AdvancedDeepLearning\Projekt\Exoplanets\data\interim\spoc120_dataset_generation\samples\toi_383_01.npz
1056,3837.01,308073360,CP,11.8886495,2459613.379817,4.803,7800.0,11.366,5773.9,1.21,152.666283,24.273121,2021-06-23 15:20:57,2025-04-21 12:03:49,1,ok,True,3,19,test,1107,45,success,0,0,16437,0.0,0.0,0.0,c:\Users\user\Documents\HSFlensburgMaster\Sommersemester2026\AdvancedDeepLearning\Projekt\Exoplanets\data\interim\spoc120_dataset_generation\samples\toi_3837_01.npz
1057,384.01,155995204,FP,9.30734,2458357.58381,4.683,42774.4,13.5281,5819.0,1.35,7.658562,-52.049331,2018-12-20 19:43:30,2021-12-07 16:02:02,0,ok,True,2,10,train,1108,28,success,0,0,13676,0.0,0.0,0.0,c:\Users\user\Documents\HSFlensburgMaster\Sommersemester2026\AdvancedDeepLearning\Projekt\Exoplanets\data\interim\spoc120_dataset_generation\samples\toi_384_01.npz
1058,3843.01,841226527,FP,19.5112506,2458883.544637,3.896,4080.0,11.4794,,,150.891937,67.990378,2021-06-23 15:20:58,2024-08-22 10:08:01,0,ok,True,5,6,train,1109,40,success,8,0,19611,3.9800995024875623,0.0,3.9800995024875623,c:\Users\user\Documents\HSFlensburgMaster\Sommersemester2026\AdvancedDeepLearning\Projekt\Exoplanets\data\interim\spoc120_dataset_generation\samples\toi_3843_01.npz
1059,3845.01,156816238,FP,2.1461672,2459632.687208,1.942,14110.0,12.7553,6046.0,1.41,140.462178,38.618961,2021-06-23 15:20:58,2024-08-22 10:08:01,0,ok,True,1,12,train,1110,48,success,0,0,15402,0.0,0.0,0.0,c:\Users\user\Documents\HSFlensburgMaster\Sommersemester2026\AdvancedDeepLearning\Projekt\Exoplanets\data\interim\spoc120_dataset_generation\samples\toi_3845_01.npz
1060,2987.01,141631253,FP,1.6709011,2459963.201995,2.2820392,1210.5574745,10.8521,7051.0,1.2684,129.802678,-44.370051,2021-06-04 01:29:39,2024-09-08 10:08:02,0,ok,True,2,10,train,1111,61,success,0,0,15986,0.0,0.0,0.0,c:\Users\user\Documents\HSFlensburgMaster\Sommersemester2026\AdvancedDeepLearning\Projekt\Exoplanets\data\interim\spoc120_dataset_generation\samples\toi_2987_01.npz
1061,2999.01,34505005,FP,5.1627718,2459302.434183,3.139,19050.0,12.9093,6749.0,1.08,146.921503,-46.86526,2021-06-04 01:29:41,2024-08-22 10:08:01,0,ok,True,2,10,train,1112,62,success,0,0,16989,0.0,0.0,0.0,c:\Users\user\Documents\HSFlensburgMaster\Sommersemester2026\AdvancedDeepLearning\Projekt\Exoplanets\data\interim\spoc120_dataset_generation\samples\toi_2999_01.npz
1062,3261.01,358070912,CP,0.8831279,2460014.96281,1.651686,2068.0674877,12.4923,5151.4,0.86,47.728524,-73.531972,2021-06-04 14:05:33,2025-04-21 12:03:49,1,ok,True,11,16,validation,1113,63,success,0,0,16500,0.0,0.0,0.0,c:\Users\user\Documents\HSFlensburgMaster\Sommersemester2026\AdvancedDeepLearning\Projekt\Exoplanets\data\interim\spoc120_dataset_generation\samples\toi_3261_01.npz
1063,3534.01,27916356,KP,3.2346944,2459421.606981,3.5710893,10156.5613928,12.6877,5613.0,1.3147399,296.837248,48.239969,2021-06-23 15:11:39,2024-09-06 10:08:02,1,ok,True,6,13,train,1114,41,success,0,0,18322,0.0,0.0,0.0,c:\Users\user\Documents\HSFlensburgMaster\Sommersemester2026\AdvancedDeepLearning\Projekt\Exoplanets\data\interim\spoc120_dataset_generation\samples\toi_3534_01.npz
1064,3536.01,27844066,FP,1.8532983,2458732.821053,1.197,10790.0,12.5299,6292.8,,296.414319,51.161973,2021-06-23 15:11:39,2024-08-22 10:08:01,0,ok,True,2,6,train,1115,54,success,0,0,17897,0.0,0.0,0.0,c:\Users\user\Documents\HSFlensburgMaster\Sommersemester2026\AdvancedDeepLearning\Projekt\Exoplanets\data\interim\spoc120_dataset_generation\samples\toi_3536_01.npz
1065,3537.01,294599100,FP,5.6133922,2459440.870522,1.424,15850.0,12.6275,5848.0,1.07,302.284347,49.154874,2021-06-23 15:11:39,2024-08-22 10:08:01,0,ok,True,1,19,test,1116,54,success,0,0,17895,0.0,0.0,0.0,c:\Users\user\Documents\HSFlensburgMaster\Sommersemester2026\AdvancedDeepLearning\Projekt\Exoplanets\data\interim\spoc120_dataset_generation\samples\toi_3537_01.npz
1066,3540.01,17865622,CP,3.1198404,2459826.736428,1.7646723,8016.8009531,10.9541,6011.2,1.13476,328.911371,28.1795,2021-06-23 15:11:40,2024-09-06 10:08:02,1,ok,True,3,4,train,1117,56,success,0,0,19612,0.0,0.0,0.0,c:\Users\user\Documents\HSFlensburgMaster\Sommersemester2026\AdvancedDeepLearning\Projekt\Exoplanets\data\interim\spoc120_dataset_generation\samples\toi_3540_01.npz
1067,3541.01,291147951,FP,2.5313956,2459444.951847,3.128,9640.0,13.3888,5854.0,1.13,310.121327,25.336895,2021-06-23 15:11:40,2024-08-22 10:08:01,0,ok,True,1,14,validation,1118,82,success,0,0,18137,0.0,0.0,0.0,c:\Users\user\Documents\HSFlensburgMaster\Sommersemester2026\AdvancedDeepLearning\Projekt\Exoplanets\data\interim\spoc120_dataset_generation\samples\toi_3541_01.npz
1068,3542.01,16187321,FP,4.2021893,2459813.403681,2.742,9310.0,11.7211,6702.0,1.42,307.376941,36.970694,2021-06-23 15:11:40,2024-08-27 12:02:45,0,ok,True,3,11,train,1119,55,success,0,0,14572,0.0,0.0,0.0,c:\Users\user\Documents\HSFlensburgMaster\Sommersemester2026\AdvancedDeepLearning\Projekt\Exoplanets\data\interim\spoc120_dataset_generation\samples\toi_3542_01.npz
1069,3766.01,9830791,FP,3.5414573,2458835.348947,2.83,5930.0,13.1021,5244.0,0.99,70.242045,57.507726,2021-06-23 15:18:32,2026-04-05 12:03:53,0,ok,True,2,19,test,1120,73,success,0,0,11937,0.0,0.0,0.0,c:\Users\user\Documents\HSFlensburgMaster\Sommersemester2026\AdvancedDeepLearning\Projekt\Exoplanets\data\interim\spoc120_dataset_generation\samples\toi_3766_01.npz
1070,3819.01,95660472,CP,3.244299,2459502.744728,2.6887498,5692.0048309,11.9824,5999.0,1.5585901,121.863257,29.388645,2021-06-23 15:20:18,2024-08-22 10:08:01,1,ok,True,6,14,validation,1121,44,success,0,0,15247,0.0,0.0,0.0,c:\Users\user\Documents\HSFlensburgMaster\Sommersemester2026\AdvancedDeepLearning\Projekt\Exoplanets\data\interim\spoc120_dataset_generation\samples\toi_3819_01.npz
1071,382.01,229091748,FP,0.4568,2458354.59152,0.548,3428.7,12.7226,5777.0,1.03,3.797833,-46.272428,2018-12-20 19:43:30,2021-12-06 16:02:02,0,ok,True,1,15,validation,1122,29,success,0,0,14824,0.0,0.0,0.0,c:\Users\user\Documents\HSFlensburgMaster\Sommersemester2026\AdvancedDeepLearning\Projekt\Exoplanets\data\interim\spoc120_dataset_generation\samples\toi_382_01.npz
1072,3824.01,71134735,FA,2.3378945,2459580.850929,2.5247352,4971.1871392,13.041,6666.8,1.33,126.818693,50.757821,2021-06-23 15:20:20,2024-09-07 10:08:02,0,ok,True,2,1,train,1123,47,success,0,0,16495,0.0,0.0,0.0,c:\Users\user\Documents\HSFlensburgMaster\Sommersemester2026\AdvancedDeepLearning\Projekt\Exoplanets\data\interim\spoc120_dataset_generation\samples\toi_3824_01.npz
1073,3825.01,39077574,FP,7.1404043,2459629.957296,1.719,8300.0,13.2971,5886.6,1.11,151.255619,40.341064,2021-06-23 15:20:56,2024-08-22 10:08:01,0,ok,True,1,9,train,1124,48,success,0,0,15403,0.0,0.0,0.0,c:\Users\user\Documents\HSFlensburgMaster\Sommersemester2026\AdvancedDeepLearning\Projekt\Exoplanets\data\interim\spoc120_dataset_generation\samples\toi_3825_01.npz
1074,3001.01,468977648,FP,2.090218,2459302.296976,3.329,8180.0,13.0698,6328.0,2.08,143.945436,-52.371382,2021-06-04 01:29:41,2024-12-16 12:03:24,0,ok,True,4,10,train,1125,62,success,0,0,16894,0.0,0.0,0.0,c:\Users\user\Documents\HSFlensburgMaster\Sommersemester2026\AdvancedDeepLearning\Projekt\Exoplanets\data\interim\spoc120_dataset_generation\samples\toi_3001_01.npz
1075,3004.01,400395395,FP,3.2891219,2459303.809966,2.948,8100.0,12.4564,6947.0,1.64,134.002198,-50.328351,2021-06-04 01:29:41,2024-08-22 10:08:01,0,ok,True,2,4,train,1126,89,success,0,0,20257,0.0,0.0,0.0,c:\Users\user\Documents\HSFlensburgMaster\Sommersemester2026\AdvancedDeepLearning\Projekt\Exoplanets\data\interim\spoc120_dataset_generation\samples\toi_3004_01.npz
1076,3005.01,386297468,FP,2.0958074,2459329.676949,2.992,2350.0,12.3487,6793.0,1.6,139.190353,-59.528015,2021-06-04 01:29:42,2024-09-10 12:02:48,0,ok,True,3,4,train,1127,62,success,0,0,16392,0.0,0.0,0.0,c:\Users\user\Documents\HSFlensburgMaster\Sommersemester2026\AdvancedDeepLearning\Projekt\Exoplanets\data\interim\spoc120_dataset_generation\samples\toi_3005_01.npz
1077,3011.01,356461227,FP,1.8418712,2460747.587467,1.633,10500.0,13.2464,5952.0,,134.446403,-61.614319,2021-06-04 01:29:42,2025-12-11 16:00:01,0,ok,True,4,4,train,1128,62,success,0,0,16028,0.0,0.0,0.0,c:\Users\user\Documents\HSFlensburgMaster\Sommersemester2026\AdvancedDeepLearning\Projekt\Exoplanets\data\interim\spoc120_dataset_generation\samples\toi_3011_01.npz
1078,329.01,169765334,CP,5.7042858,2459090.797418,4.061264,940.986289,10.6929,5560.5,1.61148,351.321095,-15.634631,2018-12-20 19:43:30,2024-06-06 10:08:02,1,ok,True,5,0,train,1129,29,success,0,0,14767,0.0,0.0,0.0,c:\Users\user\Documents\HSFlensburgMaster\Sommersemester2026\AdvancedDeepLearning\Projekt\Exoplanets\data\interim\spoc120_dataset_generation\samples\toi_329_01.npz
1079,3290.01,31697707,FP,3.910946,2459059.767349,3.28,5210.0,11.3612,5642.0,1.54,289.140291,-34.781754,2021-06-04 14:05:38,2024-08-22 10:08:01,0,ok,True,1,14,validation,1130,94,success,0,0,14925,0.0,0.0,0.0,c:\Users\user\Documents\HSFlensburgMaster\Sommersemester2026\AdvancedDeepLearning\Projekt\Exoplanets\data\interim\spoc120_dataset_generation\samples\toi_3290_01.npz
1080,3548.01,271167979,FP,0.3093954,2458733.079623,0.442,7680.0,13.0744,4769.0,0.73,294.557985,47.783127,2021-06-23 15:11:41,2024-08-22 10:08:01,0,ok,True,3,3,train,1131,54,success,0,0,17896,0.0,0.0,0.0,c:\Users\user\Documents\HSFlensburgMaster\Sommersemester2026\AdvancedDeepLearning\Projekt\Exoplanets\data\interim\spoc120_dataset_generation\samples\toi_3548_01.npz
1081,3549.01,269269740,FP,1.8639309,2459770.360298,3.297,3640.0,12.5769,6527.4,1.57,299.872379,45.499591,2021-06-23 15:11:41,2025-07-22 12:04:25,0,ok,True,6,15,validation,1132,54,success,0,0,17898,0.0,0.0,0.0,c:\Users\user\Documents\HSFlensburgMaster\Sommersemester2026\AdvancedDeepLearning\Projekt\Exoplanets\data\interim\spoc120_dataset_generation\samples\toi_3549_01.npz
1082,3557.01,271042173,FP,0.476873,2458733.141437,1.135,1930.0,11.857,5877.0,3.57,294.487932,46.002151,2021-06-23 15:11:42,2024-08-22 10:08:01,0,ok,True,1,17,test,1133,54,success,0,0,17898,0.0,0.0,0.0,c:\Users\user\Documents\HSFlensburgMaster\Sommersemester2026\AdvancedDeepLearning\Projekt\Exoplanets\data\interim\spoc120_dataset_generation\samples\toi_3557_01.npz
1083,3561.01,172754786,FP,4.1273472,2459771.049138,2.74,18840.0,12.8903,7795.0,1.44,299.809982,38.393653,2021-06-23 15:11:42,2024-08-22 10:08:01,0,ok,True,6,12,train,1134,54,success,0,0,17898,0.0,0.0,0.0,c:\Users\user\Documents\HSFlensburgMaster\Sommersemester2026\AdvancedDeepLearning\Projekt\Exoplanets\data\interim\spoc120_dataset_generation\samples\toi_3561_01.npz
1084,3562.01,193708920,FP,1.3298469,2458732.453924,3.007,2190.0,11.9635,5791.1,0.81,306.256232,46.923098,2021-06-23 15:11:42,2024-08-22 10:08:01,0,ok,True,1,17,test,1135,55,success,0,0,18882,0.0,0.0,0.0,c:\Users\user\Documents\HSFlensburgMaster\Sommersemester2026\AdvancedDeepLearning\Projekt\Exoplanets\data\interim\spoc120_dataset_generation\samples\toi_3562_01.npz
1085,3563.01,169461816,KP,17.8552322,2459800.506508,7.525823,8831.6711744,10.931,6779.2,1.49114,297.45374,41.011019,2021-06-23 15:11:42,2024-09-08 10:08:02,1,ok,True,7,15,validation,1136,15,recovered,35,0,15123,17.412935323383085,0.0,17.412935323383085,c:\Users\user\Documents\HSFlensburgMaster\Sommersemester2026\AdvancedDeepLearning\Projekt\Exoplanets\data\interim\spoc120_dataset_generation\samples\toi_3563_01.npz
1086,379.01,220396259,FP,0.91677,2458355.6259,1.337,276.272,9.9124,5825.0,1.71,68.891541,-56.138849,2018-10-01 16:12:38,2025-09-24 16:00:02,0,ok,True,10,8,train,1137,3,success,0,0,12983,0.0,0.0,0.0,c:\Users\user\Documents\HSFlensburgMaster\Sommersemester2026\AdvancedDeepLearning\Projekt\Exoplanets\data\interim\spoc120_dataset_generation\samples\toi_379_01.npz
1087,3790.01,29117085,FP,13.247777,2458846.993395,3.301,13420.0,11.2119,5373.8,0.89,118.426692,46.47193,2021-06-23 15:20:13,2024-08-22 10:08:01,0,ok,True,1,5,train,1138,47,success,0,0,16541,0.0,0.0,0.0,c:\Users\user\Documents\HSFlensburgMaster\Sommersemester2026\AdvancedDeepLearning\Projekt\Exoplanets\data\interim\spoc120_dataset_generation\samples\toi_3790_01.npz
1088,3794.01,416539317,FA,2.2019606,2459604.715425,4.326,960.0,12.4091,6269.0,1.35,126.849751,64.765253,2021-06-23 15:20:14,2024-08-22 10:08:01,0,ok,True,3,7,train,1139,47,success,0,0,16430,0.0,0.0,0.0,c:\Users\user\Documents\HSFlensburgMaster\Sommersemester2026\AdvancedDeepLearning\Projekt\Exoplanets\data\interim\spoc120_dataset_generation\samples\toi_3794_01.npz
1089,3795.01,253030300,FP,2.8300213,2458865.943138,1.646,3790.0,12.2361,6205.0,1.01,98.732441,49.676574,2021-06-23 15:20:14,2024-08-22 10:08:01,0,ok,True,2,16,validation,1140,60,success,0,0,12785,0.0,0.0,0.0,c:\Users\user\Documents\HSFlensburgMaster\Sommersemester2026\AdvancedDeepLearning\Projekt\Exoplanets\data\interim\spoc120_dataset_generation\samples\toi_3795_01.npz
1090,3796.01,393251073,FP,14.9857436,2458849.115258,5.8,9980.0,11.6387,5279.0,0.86,115.508868,61.574659,2021-06-23 15:20:14,2024-08-22 10:08:01,0,ok,True,1,8,train,1141,47,success,42,0,15967,20.8955223880597,0.0,20.8955223880597,c:\Users\user\Documents\HSFlensburgMaster\Sommersemester2026\AdvancedDeepLearning\Projekt\Exoplanets\data\interim\spoc120_dataset_generation\samples\toi_3796_01.npz
1091,3799.01,373614579,FP,8.2064867,2459605.774678,2.9678542,29281.2259569,12.7085,5236.1,0.824569,114.188526,44.051536,2021-06-23 15:20:15,2025-05-17 12:03:19,0,ok,True,2,18,test,1142,47,success,0,0,16535,0.0,0.0,0.0,c:\Users\user\Documents\HSFlensburgMaster\Sommersemester2026\AdvancedDeepLearning\Projekt\Exoplanets\data\interim\spoc120_dataset_generation\samples\toi_3799_01.npz
1092,3827.01,8677530,FA,2.91463,2458897.512084,2.977,9960.0,12.033,5484.8,0.99,137.42133,31.292481,2021-06-23 15:20:56,2024-08-22 10:08:01,0,ok,True,1,4,train,1143,48,success,0,0,15264,0.0,0.0,0.0,c:\Users\user\Documents\HSFlensburgMaster\Sommersemester2026\AdvancedDeepLearning\Projekt\Exoplanets\data\interim\spoc120_dataset_generation\samples\toi_3827_01.npz
1093,3018.01,45684223,FP,6.5832019,2459323.340464,3.135,5280.0,12.7818,5809.0,0.97,131.14418,-59.19729,2021-06-04 01:36:22,2024-08-22 10:08:01,0,ok,True,2,5,train,1144,89,success,0,0,20257,0.0,0.0,0.0,c:\Users\user\Documents\HSFlensburgMaster\Sommersemester2026\AdvancedDeepLearning\Projekt\Exoplanets\data\interim\spoc120_dataset_generation\samples\toi_3018_01.npz
1094,3023.01,454248975,CP,3.9014904,2459359.902982,4.83,9050.0,11.4848,5512.0,1.69,165.315823,-72.356704,2021-06-04 01:36:23,2024-08-22 10:08:01,1,ok,True,2,4,train,1145,64,success,0,0,18854,0.0,0.0,0.0,c:\Users\user\Documents\HSFlensburgMaster\Sommersemester2026\AdvancedDeepLearning\Projekt\Exoplanets\data\interim\spoc120_dataset_generation\samples\toi_3023_01.npz
1095,303.01,145750719,KP,3.5608112,2459468.532701,3.389,4890.0,12.0213,5659.0,1.47,341.364034,-14.991775,2018-12-20 19:43:30,2022-10-20 16:02:02,1,ok,True,3,12,train,1146,29,success,0,0,14866,0.0,0.0,0.0,c:\Users\user\Documents\HSFlensburgMaster\Sommersemester2026\AdvancedDeepLearning\Projekt\Exoplanets\data\interim\spoc120_dataset_generation\samples\toi_303_01.npz
1096,3306.01,369861731,FP,3.8780401,2459387.095741,2.757,5030.0,12.3483,5617.0,1.15,161.042028,-86.319954,2021-06-04 14:05:40,2024-08-22 10:08:01,0,ok,True,1,0,train,1147,94,success,0,0,15181,0.0,0.0,0.0,c:\Users\user\Documents\HSFlensburgMaster\Sommersemester2026\AdvancedDeepLearning\Projekt\Exoplanets\data\interim\spoc120_dataset_generation\samples\toi_3306_01.npz
1097,331.01,262531275,FP,2.4843369,2459141.054998,1.154,4450.0,13.0261,5608.0,1.76,20.419256,-42.481783,2018-12-20 19:43:30,2025-03-11 16:00:01,0,ok,True,3,5,train,1148,29,success,0,0,13171,0.0,0.0,0.0,c:\Users\user\Documents\HSFlensburgMaster\Sommersemester2026\AdvancedDeepLearning\Projekt\Exoplanets\data\interim\spoc120_dataset_generation\samples\toi_331_01.npz
1098,3311.01,337274055,FP,4.8435717,2459383.590441,2.561,6120.0,13.1052,5552.0,1.01,269.063581,-57.100597,2021-06-04 14:05:40,2025-05-13 12:03:17,0,ok,True,2,14,validation,1149,66,success,0,0,14510,0.0,0.0,0.0,c:\Users\user\Documents\HSFlensburgMaster\Sommersemester2026\AdvancedDeepLearning\Projekt\Exoplanets\data\interim\spoc120_dataset_generation\samples\toi_3311_01.npz
1099,3565.01,1965256662,FP,4.3170598,2458727.428216,2.879,10240.0,11.9683,6017.0,1.25,308.561885,35.395204,2021-06-23 15:11:43,2024-08-22 10:08:01,0,ok,True,3,2,train,1150,55,success,0,0,13763,0.0,0.0,0.0,c:\Users\user\Documents\HSFlensburgMaster\Sommersemester2026\AdvancedDeepLearning\Projekt\Exoplanets\data\interim\spoc120_dataset_generation\samples\toi_3565_01.npz
1100,3566.01,169187982,FP,1.764534,2459446.399559,2.187,27120.0,13.33,6479.0,1.2,297.295912,38.857228,2021-06-23 15:11:43,2024-08-22 10:08:01,0,ok,True,2,1,train,1151,54,success,0,0,17898,0.0,0.0,0.0,c:\Users\user\Documents\HSFlensburgMaster\Sommersemester2026\AdvancedDeepLearning\Projekt\Exoplanets\data\interim\spoc120_dataset_generation\samples\toi_3566_01.npz
1101,3568.01,160390955,CP,4.4178042,2459799.383297,2.5881434,6790.1682056,12.0729,4864.0,0.785799,322.602368,34.739581,2021-06-23 15:11:43,2024-09-07 12:02:53,1,ok,True,4,15,validation,1152,55,success,0,0,14310,0.0,0.0,0.0,c:\Users\user\Documents\HSFlensburgMaster\Sommersemester2026\AdvancedDeepLearning\Projekt\Exoplanets\data\interim\spoc120_dataset_generation\samples\toi_3568_01.npz
1102,357.01,220016044,FP,0.9399664,2459088.390424,1.122492,587.9364245,10.3987,6300.3,2.5465,32.321881,-48.48474,2018-12-20 19:43:30,2024-09-19 10:08:01,0,ok,True,3,11,train,1153,29,success,0,0,15653,0.0,0.0,0.0,c:\Users\user\Documents\HSFlensburgMaster\Sommersemester2026\AdvancedDeepLearning\Projekt\Exoplanets\data\interim\spoc120_dataset_generation\samples\toi_357_01.npz
1103,3572.01,1976308113,FP,2.7568649,2458761.60297,2.312,18380.0,13.0852,,,314.895323,52.396406,2021-06-23 15:13:14,2024-08-22 10:08:01,0,ok,True,5,1,train,1154,56,success,0,0,19611,0.0,0.0,0.0,c:\Users\user\Documents\HSFlensburgMaster\Sommersemester2026\AdvancedDeepLearning\Projekt\Exoplanets\data\interim\spoc120_dataset_generation\samples\toi_3572_01.npz
1104,3577.01,396133015,CP,5.2667367,2459847.67339,2.788,2910.0,11.3209,5938.0,1.6,327.095917,48.334399,2021-06-23 15:13:15,2025-01-20 12:03:29,1,ok,True,3,19,test,1155,56,success,0,0,19612,0.0,0.0,0.0,c:\Users\user\Documents\HSFlensburgMaster\Sommersemester2026\AdvancedDeepLearning\Projekt\Exoplanets\data\interim\spoc120_dataset_generation\samples\toi_3577_01.npz
1105,3578.01,358186451,FP,1.3176767,2459851.521255,1.692,530.0,10.9683,7176.0,1.73,317.124796,49.112843,2021-06-23 15:13:15,2024-08-22 10:08:01,0,ok,True,2,1,train,1156,55,success,0,0,18882,0.0,0.0,0.0,c:\Users\user\Documents\HSFlensburgMaster\Sommersemester2026\AdvancedDeepLearning\Projekt\Exoplanets\data\interim\spoc120_dataset_generation\samples\toi_3578_01.npz
1106,3580.01,305478010,FP,3.121339,2458762.231266,4.331,26300.0,13.2966,3858.0,0.56,330.271302,38.530284,2021-06-23 15:13:16,2024-08-22 10:08:01,0,ok,True,1,3,train,1157,83,success,0,0,17330,0.0,0.0,0.0,c:\Users\user\Documents\HSFlensburgMaster\Sommersemester2026\AdvancedDeepLearning\Projekt\Exoplanets\data\interim\spoc120_dataset_generation\samples\toi_3580_01.npz
1107,3807.01,289661991,CP,2.8989758,2459937.078969,1.307,3680.0,11.5817,5908.0,1.47,139.112565,69.074128,2021-06-23 15:20:16,2024-08-22 10:08:01,1,ok,True,3,15,validation,1158,47,success,0,0,16407,0.0,0.0,0.0,c:\Users\user\Documents\HSFlensburgMaster\Sommersemester2026\AdvancedDeepLearning\Projekt\Exoplanets\data\interim\spoc120_dataset_generation\samples\toi_3807_01.npz
1108,3808.01,138497780,FP,3.6754815,2459549.76003,2.3005775,9843.1330115,12.2337,6305.0,1.4902101,96.250314,33.032134,2021-06-23 15:20:16,2024-09-10 10:08:02,0,ok,True,6,18,test,1159,43,success,0,0,15973,0.0,0.0,0.0,c:\Users\user\Documents\HSFlensburgMaster\Sommersemester2026\AdvancedDeepLearning\Projekt\Exoplanets\data\interim\spoc120_dataset_generation\samples\toi_3808_01.npz
1109,381.01,207084429,FP,4.89577,2458356.07068,2.478,360.0,7.1995,5883.0,1.77,22.757528,-51.215733,2018-12-20 19:43:30,2021-12-06 16:02:02,0,ok,True,8,9,train,1160,2,success,0,0,18297,0.0,0.0,0.0,c:\Users\user\Documents\HSFlensburgMaster\Sommersemester2026\AdvancedDeepLearning\Projekt\Exoplanets\data\interim\spoc120_dataset_generation\samples\toi_381_01.npz
1110,3810.01,239136269,FP,1.0590994,2459501.092732,0.9853402,5155.2973108,13.286,9332.0,1.42848,112.325562,33.591361,2021-06-23 15:20:17,2024-09-06 10:08:02,0,ok,True,5,9,train,1161,44,success,0,0,15737,0.0,0.0,0.0,c:\Users\user\Documents\HSFlensburgMaster\Sommersemester2026\AdvancedDeepLearning\Projekt\Exoplanets\data\interim\spoc120_dataset_generation\samples\toi_3810_01.npz
1111,304.01,262530873,FP,2.24172,2458356.28606,3.989,23700.0,12.5145,6292.0,1.88,20.494025,-44.416747,2018-12-20 19:43:30,2021-10-29 12:59:15,0,ok,True,2,2,train,1162,29,success,0,0,13222,0.0,0.0,0.0,c:\Users\user\Documents\HSFlensburgMaster\Sommersemester2026\AdvancedDeepLearning\Projekt\Exoplanets\data\interim\spoc120_dataset_generation\samples\toi_304_01.npz
1112,3044.01,357538688,FP,13.2681095,2459315.913002,3.554,2140.0,11.5088,6364.0,2.48,137.549077,-63.406609,2021-06-04 01:36:26,2024-08-22 10:08:01,0,ok,True,3,12,train,1163,62,success,25,0,16212,12.437810945273633,0.0,12.437810945273633,c:\Users\user\Documents\HSFlensburgMaster\Sommersemester2026\AdvancedDeepLearning\Projekt\Exoplanets\data\interim\spoc120_dataset_generation\samples\toi_3044_01.npz
1113,3049.01,303867090,FP,1.3168344,2459359.446834,0.733,3640.0,12.4092,5211.7,,140.219914,-69.791681,2021-06-04 01:36:27,2024-08-22 10:08:01,0,ok,True,1,19,test,1164,90,success,0,0,18399,0.0,0.0,0.0,c:\Users\user\Documents\HSFlensburgMaster\Sommersemester2026\AdvancedDeepLearning\Projekt\Exoplanets\data\interim\spoc120_dataset_generation\samples\toi_3049_01.npz
1114,3313.01,327210623,FP,2.128423,2459384.957213,2.872,11080.0,12.6827,3689.6,,270.656968,-37.440201,2021-06-04 14:05:41,2024-08-22 10:08:01,0,ok,True,1,19,test,1165,93,success,0,0,16407,0.0,0.0,0.0,c:\Users\user\Documents\HSFlensburgMaster\Sommersemester2026\AdvancedDeepLearning\Projekt\Exoplanets\data\interim\spoc120_dataset_generation\samples\toi_3313_01.npz
1115,3319.01,310267134,FP,0.5438807,2458681.71335,0.78,3390.0,13.5252,5259.0,0.98,251.382358,-76.937828,2021-06-04 14:05:42,2024-08-22 10:08:01,0,ok,True,1,12,train,1166,93,success,0,0,15327,0.0,0.0,0.0,c:\Users\user\Documents\HSFlensburgMaster\Sommersemester2026\AdvancedDeepLearning\Projekt\Exoplanets\data\interim\spoc120_dataset_generation\samples\toi_3319_01.npz
1116,332.01,139285832,CP,0.77685,2459062.446886,1.43,830.0,11.5273,5190.0,0.96,348.058952,-44.876485,2018-12-20 19:43:30,2023-12-03 12:03:15,1,ok,True,5,3,train,1167,28,success,0,0,14509,0.0,0.0,0.0,c:\Users\user\Documents\HSFlensburgMaster\Sommersemester2026\AdvancedDeepLearning\Projekt\Exoplanets\data\interim\spoc120_dataset_generation\samples\toi_332_01.npz
1117,3321.01,306648160,CP,3.6525305,2458681.48892,4.153,9770.0,10.6651,5930.0,1.47,265.760335,-65.008252,2021-06-04 14:05:42,2025-04-21 12:03:49,1,ok,True,6,0,train,1168,66,success,0,0,14688,0.0,0.0,0.0,c:\Users\user\Documents\HSFlensburgMaster\Sommersemester2026\AdvancedDeepLearning\Projekt\Exoplanets\data\interim\spoc120_dataset_generation\samples\toi_3321_01.npz
1118,3581.01,295413003,FP,3.0373017,2458757.57084,4.664,6290.0,12.9875,4903.0,,303.369006,53.276849,2021-06-23 15:13:16,2024-08-22 10:08:01,0,ok,True,1,2,train,1169,55,success,0,0,18881,0.0,0.0,0.0,c:\Users\user\Documents\HSFlensburgMaster\Sommersemester2026\AdvancedDeepLearning\Projekt\Exoplanets\data\interim\spoc120_dataset_generation\samples\toi_3581_01.npz
1119,3595.01,440113053,KP,1.805376,2459854.762356,2.0790249,21680.3724998,12.8416,5090.0,0.820538,4.859275,44.027596,2021-06-23 15:16:38,2024-09-07 10:08:02,1,ok,True,2,2,train,1170,57,success,0,0,17991,0.0,0.0,0.0,c:\Users\user\Documents\HSFlensburgMaster\Sommersemester2026\AdvancedDeepLearning\Projekt\Exoplanets\data\interim\spoc120_dataset_generation\samples\toi_3595_01.npz
1120,3597.01,267650535,KP,4.0088245,2459853.969135,2.7370959,21483.7462243,11.9475,5007.0,0.795696,9.516583,34.711402,2021-06-23 15:16:39,2024-09-08 10:08:02,1,ok,True,2,13,train,1171,57,success,0,0,17991,0.0,0.0,0.0,c:\Users\user\Documents\HSFlensburgMaster\Sommersemester2026\AdvancedDeepLearning\Projekt\Exoplanets\data\interim\spoc120_dataset_generation\samples\toi_3597_01.npz
1121,2784.01,302766000,FP,0.2573207,2459550.344183,0.629,1330.0,12.428,5784.0,1.09,82.878464,15.771332,2021-06-03 22:07:27,2025-03-09 12:03:38,0,ok,True,1,16,validation,1172,71,success,0,0,14590,0.0,0.0,0.0,c:\Users\user\Documents\HSFlensburgMaster\Sommersemester2026\AdvancedDeepLearning\Projekt\Exoplanets\data\interim\spoc120_dataset_generation\samples\toi_2784_01.npz
1122,2789.01,251209368,FP,3.0071496,2459209.022223,4.461,3310.0,13.0632,5906.0,1.45,95.47532,-4.321544,2021-06-03 22:07:28,2024-08-22 10:08:01,0,ok,True,1,15,validation,1173,87,success,0,0,13322,0.0,0.0,0.0,c:\Users\user\Documents\HSFlensburgMaster\Sommersemester2026\AdvancedDeepLearning\Projekt\Exoplanets\data\interim\spoc120_dataset_generation\samples\toi_2789_01.npz
1123,2796.01,220076110,CP,4.808498,2459189.97794,1.405,11010.0,11.916,5449.5,1.38,84.152719,0.896279,2021-06-03 22:07:29,2024-08-22 10:08:01,1,ok,True,1,0,train,1174,98,success,0,0,26097,0.0,0.0,0.0,c:\Users\user\Documents\HSFlensburgMaster\Sommersemester2026\AdvancedDeepLearning\Projekt\Exoplanets\data\interim\spoc120_dataset_generation\samples\toi_2796_01.npz
1124,3059.01,464067218,FP,1.3934565,2460015.013078,2.809,2530.0,11.2012,3301.0,,155.307542,-58.537011,2021-06-04 01:36:28,2024-11-18 16:02:01,0,ok,True,3,19,test,1175,63,success,0,0,18358,0.0,0.0,0.0,c:\Users\user\Documents\HSFlensburgMaster\Sommersemester2026\AdvancedDeepLearning\Projekt\Exoplanets\data\interim\spoc120_dataset_generation\samples\toi_3059_01.npz
1125,306.01,114749636,KP,4.6027498,2459089.500823,4.2702334,7456.7037756,11.7607,5909.0,1.3408999,359.191512,-22.153232,2018-12-20 19:43:30,2025-08-29 16:00:02,1,ok,True,3,7,train,1176,29,success,0,0,14086,0.0,0.0,0.0,c:\Users\user\Documents\HSFlensburgMaster\Sommersemester2026\AdvancedDeepLearning\Projekt\Exoplanets\data\interim\spoc120_dataset_generation\samples\toi_306_01.npz
1126,3060.01,463681005,FP,0.5465391,2460014.80407,1.6114979,3122.1584293,13.5552,6091.0,1.66057,154.513775,-56.787877,2021-06-04 01:36:29,2024-11-18 16:02:01,0,ok,True,3,5,train,1177,63,success,0,0,18358,0.0,0.0,0.0,c:\Users\user\Documents\HSFlensburgMaster\Sommersemester2026\AdvancedDeepLearning\Projekt\Exoplanets\data\interim\spoc120_dataset_generation\samples\toi_3060_01.npz
1127,333.01,224245334,CP,3.7852328,2459089.918368,3.5398298,1338.8791278,11.5166,6150.0,1.1289999,353.357499,-41.171521,2018-12-20 19:43:30,2025-11-19 12:03:20,1,ok,True,4,11,train,1178,29,success,0,0,14906,0.0,0.0,0.0,c:\Users\user\Documents\HSFlensburgMaster\Sommersemester2026\AdvancedDeepLearning\Projekt\Exoplanets\data\interim\spoc120_dataset_generation\samples\toi_333_01.npz
1128,3331.01,194795551,CP,2.0180196,2459383.760485,1.967,15190.0,11.3208,5544.0,0.96,271.324167,-34.107171,2021-06-04 14:05:44,2024-08-22 10:08:01,1,ok,True,5,2,train,1179,66,success,0,0,16457,0.0,0.0,0.0,c:\Users\user\Documents\HSFlensburgMaster\Sommersemester2026\AdvancedDeepLearning\Projekt\Exoplanets\data\interim\spoc120_dataset_generation\samples\toi_3331_01.npz
1129,3332.01,194179013,FP,3.1785277,2459384.151235,5.974,20330.0,12.7825,3540.7,,271.039719,-34.12037,2021-06-04 14:05:44,2024-08-22 10:08:01,0,ok,True,3,1,train,1180,91,success,0,0,13360,0.0,0.0,0.0,c:\Users\user\Documents\HSFlensburgMaster\Sommersemester2026\AdvancedDeepLearning\Projekt\Exoplanets\data\interim\spoc120_dataset_generation\samples\toi_3332_01.npz
1130,3343.01,58046864,FP,2.3651663,2458680.4761,2.462,15360.0,13.4411,5805.0,1.51,275.164944,-39.220957,2021-06-04 14:05:45,2025-05-18 12:03:05,0,ok,True,2,9,train,1181,66,success,0,0,15473,0.0,0.0,0.0,c:\Users\user\Documents\HSFlensburgMaster\Sommersemester2026\AdvancedDeepLearning\Projekt\Exoplanets\data\interim\spoc120_dataset_generation\samples\toi_3343_01.npz
1131,360.01,13023738,FP,8.0635,2459104.87232,3.396,5180.0,12.2524,5657.0,1.71,347.08487,-29.590446,2018-12-20 19:43:30,2026-02-25 16:00:02,0,ok,True,1,16,validation,1182,29,success,0,0,14723,0.0,0.0,0.0,c:\Users\user\Documents\HSFlensburgMaster\Sommersemester2026\AdvancedDeepLearning\Projekt\Exoplanets\data\interim\spoc120_dataset_generation\samples\toi_360_01.npz
1132,3608.01,267867517,FP,2.6816329,2458787.3585,2.695,3100.0,13.1802,7047.0,2.34,312.456261,56.896568,2021-06-23 15:16:40,2024-08-22 10:08:01,0,ok,True,1,1,train,1183,55,success,0,0,18881,0.0,0.0,0.0,c:\Users\user\Documents\HSFlensburgMaster\Sommersemester2026\AdvancedDeepLearning\Projekt\Exoplanets\data\interim\spoc120_dataset_generation\samples\toi_3608_01.npz
1133,3610.01,267484653,FP,1.7384809,2459853.828611,2.6777485,3882.8974217,12.3512,5540.0,1.72093,298.705925,58.301643,2021-06-23 15:16:40,2024-09-07 10:08:02,0,ok,True,12,8,train,1184,47,success,0,0,16324,0.0,0.0,0.0,c:\Users\user\Documents\HSFlensburgMaster\Sommersemester2026\AdvancedDeepLearning\Projekt\Exoplanets\data\interim\spoc120_dataset_generation\samples\toi_3610_01.npz
1134,3612.01,233948455,KP,1.4822451,2459854.418388,1.595,21920.0,12.883,5115.0,0.91,305.221945,59.448903,2021-06-23 15:16:41,2024-08-22 10:08:01,1,ok,True,8,13,train,1185,41,success,0,0,18320,0.0,0.0,0.0,c:\Users\user\Documents\HSFlensburgMaster\Sommersemester2026\AdvancedDeepLearning\Projekt\Exoplanets\data\interim\spoc120_dataset_generation\samples\toi_3612_01.npz
1135,3614.01,233831759,FA,2.9708603,2458785.269757,3.122,4020.0,11.171,,,303.777678,59.676573,2021-06-23 15:16:41,2024-08-22 10:08:01,0,ok,True,7,13,train,1186,55,success,0,0,18024,0.0,0.0,0.0,c:\Users\user\Documents\HSFlensburgMaster\Sommersemester2026\AdvancedDeepLearning\Projekt\Exoplanets\data\interim\spoc120_dataset_generation\samples\toi_3614_01.npz
1136,2803.01,124379043,CP,1.962292,2459227.308665,2.935,20910.0,12.0753,6384.0,1.16,93.11474,-23.492496,2021-06-03 22:07:30,2024-08-22 10:08:01,1,ok,True,1,0,train,1187,87,success,0,0,14316,0.0,0.0,0.0,c:\Users\user\Documents\HSFlensburgMaster\Sommersemester2026\AdvancedDeepLearning\Projekt\Exoplanets\data\interim\spoc120_dataset_generation\samples\toi_2803_01.npz
1137,2812.01,105801221,FP,3.0750728,2459302.065555,2.219,510.0,9.6913,6888.0,1.52,156.685218,-38.042191,2021-06-03 22:37:59,2021-10-29 12:59:15,0,ok,True,1,14,validation,1188,9,success,0,0,15866,0.0,0.0,0.0,c:\Users\user\Documents\HSFlensburgMaster\Sommersemester2026\AdvancedDeepLearning\Projekt\Exoplanets\data\interim\spoc120_dataset_generation\samples\toi_2812_01.npz
1138,2816.01,131581522,FP,3.059168,2459964.260816,4.992,7610.0,13.2864,5657.0,1.08,118.347733,-36.800418,2021-06-04 00:47:24,2024-08-22 10:08:01,0,ok,True,1,18,test,1189,61,success,0,0,15870,0.0,0.0,0.0,c:\Users\user\Documents\HSFlensburgMaster\Sommersemester2026\AdvancedDeepLearning\Projekt\Exoplanets\data\interim\spoc120_dataset_generation\samples\toi_2816_01.npz
1139,3071.01,452006073,CP,1.2669382,2459331.967282,1.93,2580.0,11.8706,6296.0,1.36,173.279052,-56.503387,2021-06-04 01:36:30,2025-04-21 12:03:49,1,ok,True,4,9,train,1190,64,success,0,0,18854,0.0,0.0,0.0,c:\Users\user\Documents\HSFlensburgMaster\Sommersemester2026\AdvancedDeepLearning\Projekt\Exoplanets\data\interim\spoc120_dataset_generation\samples\toi_3071_01.npz
1140,3078.01,443042089,FP,0.5496848,2460014.890217,0.82,2860.0,12.7683,7433.0,1.84,146.555933,-56.299385,2021-06-04 01:36:31,2025-12-11 16:00:01,0,ok,True,4,3,train,1191,63,success,0,0,18358,0.0,0.0,0.0,c:\Users\user\Documents\HSFlensburgMaster\Sommersemester2026\AdvancedDeepLearning\Projekt\Exoplanets\data\interim\spoc120_dataset_generation\samples\toi_3078_01.npz
1141,3082.01,428699140,CP,1.9268037,2459332.242276,1.4,2260.0,11.7662,4249.0,0.68,195.908072,-19.218984,2021-06-04 01:36:32,2024-08-22 10:08:01,1,ok,True,2,16,validation,1192,37,success,0,0,15354,0.0,0.0,0.0,c:\Users\user\Documents\HSFlensburgMaster\Sommersemester2026\AdvancedDeepLearning\Projekt\Exoplanets\data\interim\spoc120_dataset_generation\samples\toi_3082_01.npz
1142,3085.01,376740324,FP,4.5300175,2459327.095663,5.331,35800.0,12.1229,9046.0,,153.301542,-62.875354,2021-06-04 01:36:32,2024-08-22 10:08:01,0,ok,True,1,1,train,1193,90,success,0,0,19274,0.0,0.0,0.0,c:\Users\user\Documents\HSFlensburgMaster\Sommersemester2026\AdvancedDeepLearning\Projekt\Exoplanets\data\interim\spoc120_dataset_generation\samples\toi_3085_01.npz
1143,3347.01,131581531,FP,3.0591641,2459251.478562,4.25,2110.0,12.0536,4999.4,1.59,118.348267,-36.803031,2021-06-04 15:10:29,2024-08-22 10:08:01,0,ok,True,1,14,validation,1194,88,success,0,0,19433,0.0,0.0,0.0,c:\Users\user\Documents\HSFlensburgMaster\Sommersemester2026\AdvancedDeepLearning\Projekt\Exoplanets\data\interim\spoc120_dataset_generation\samples\toi_3347_01.npz
1144,3353.01,391903064,CP,4.6658007,2460174.14998,2.609,565.0,8.7843,6365.0,1.02,106.529815,-75.819559,2021-06-09 21:53:07,2025-04-21 12:03:49,1,ok,True,43,14,validation,1195,1,success,0,0,18273,0.0,0.0,0.0,c:\Users\user\Documents\HSFlensburgMaster\Sommersemester2026\AdvancedDeepLearning\Projekt\Exoplanets\data\interim\spoc120_dataset_generation\samples\toi_3353_01.npz
1145,3357.01,412259468,FP,2.6535777,2459229.684104,2.1014914,1446.2753601,11.0285,8037.0,1.70185,110.390835,-21.93839,2021-06-15 22:54:33,2021-10-29 12:59:15,0,ok,True,3,5,train,1196,34,success,0,0,16702,0.0,0.0,0.0,c:\Users\user\Documents\HSFlensburgMaster\Sommersemester2026\AdvancedDeepLearning\Projekt\Exoplanets\data\interim\spoc120_dataset_generation\samples\toi_3357_01.npz
1146,3358.01,146244533,FP,8.8088443,2459296.556389,4.411,3550.0,10.5387,8072.0,1.58,133.542032,-48.072792,2021-06-15 23:02:45,2021-10-29 12:59:15,0,ok,True,2,13,train,1197,35,success,0,0,13826,0.0,0.0,0.0,c:\Users\user\Documents\HSFlensburgMaster\Sommersemester2026\AdvancedDeepLearning\Projekt\Exoplanets\data\interim\spoc120_dataset_generation\samples\toi_3358_01.npz
1147,336.01,55452495,FP,17.7082945,2460108.108861,3.449,2341.0,9.9524,7859.0,2.8,70.670279,-64.885209,2018-10-01 16:12:38,2024-09-19 10:08:01,0,ok,True,5,18,test,1198,7,success,21,0,16047,10.44776119402985,0.0,10.44776119402985,c:\Users\user\Documents\HSFlensburgMaster\Sommersemester2026\AdvancedDeepLearning\Projekt\Exoplanets\data\interim\spoc120_dataset_generation\samples\toi_336_01.npz
1148,3621.01,435861696,FP,5.6902814,2458779.819452,2.344,21290.0,12.0,5400.1,0.86,11.88786,21.938552,2021-06-23 15:16:42,2024-08-22 10:08:01,0,ok,True,1,9,train,1199,57,success,0,0,17989,0.0,0.0,0.0,c:\Users\user\Documents\HSFlensburgMaster\Sommersemester2026\AdvancedDeepLearning\Projekt\Exoplanets\data\interim\spoc120_dataset_generation\samples\toi_3621_01.npz
1149,3626.01,398912927,FP,19.8875338,2458766.790402,1.34,3020.0,10.8154,5856.2,1.57,18.55398,19.470441,2021-06-23 15:16:42,2024-08-22 10:08:01,0,ok,True,3,8,train,1200,42,success,58,0,12993,28.855721393034827,0.0,28.855721393034827,c:\Users\user\Documents\HSFlensburgMaster\Sommersemester2026\AdvancedDeepLearning\Projekt\Exoplanets\data\interim\spoc120_dataset_generation\samples\toi_3626_01.npz
1150,3627.01,1979500576,FP,2.6342729,2458784.456622,3.998,3190.0,12.2546,,,314.040517,57.708367,2021-06-23 15:16:42,2024-08-22 10:08:01,0,ok,True,1,14,validation,1201,55,success,0,0,18880,0.0,0.0,0.0,c:\Users\user\Documents\HSFlensburgMaster\Sommersemester2026\AdvancedDeepLearning\Projekt\Exoplanets\data\interim\spoc120_dataset_generation\samples\toi_3627_01.npz
1151,3629.01,455784423,CP,3.9365629,2459878.618825,2.19,15461.0,12.7882,3689.0,0.61,359.793385,39.314256,2021-06-23 15:16:43,2024-08-22 10:08:01,1,ok,True,2,3,train,1202,57,success,0,0,17990,0.0,0.0,0.0,c:\Users\user\Documents\HSFlensburgMaster\Sommersemester2026\AdvancedDeepLearning\Projekt\Exoplanets\data\interim\spoc120_dataset_generation\samples\toi_3629_01.npz
1152,3630.01,189380158,KP,1.9617969,2460611.886686,2.7570171,14086.214603,13.0942,6026.0,1.09703,21.871101,38.968114,2021-06-23 15:16:43,2025-08-29 16:00:02,1,ok,True,1,0,train,1203,85,success,0,0,12628,0.0,0.0,0.0,c:\Users\user\Documents\HSFlensburgMaster\Sommersemester2026\AdvancedDeepLearning\Projekt\Exoplanets\data\interim\spoc120_dataset_generation\samples\toi_3630_01.npz
1153,3631.01,429414530,FP,2.6340964,2458784.455915,3.477,2250.0,11.963,5163.2,0.83,314.040512,57.708379,2021-06-23 15:16:43,2024-08-22 10:08:01,0,ok,True,1,17,test,1204,55,success,0,0,18880,0.0,0.0,0.0,c:\Users\user\Documents\HSFlensburgMaster\Sommersemester2026\AdvancedDeepLearning\Projekt\Exoplanets\data\interim\spoc120_dataset_generation\samples\toi_3631_01.npz
1154,2818.01,151483286,CP,4.0397189,2459245.632019,3.655,15110.0,11.3944,5758.5,1.14,119.059818,-35.11671,2021-06-04 00:47:24,2024-08-22 10:08:01,1,ok,True,2,5,train,1205,61,success,0,0,15659,0.0,0.0,0.0,c:\Users\user\Documents\HSFlensburgMaster\Sommersemester2026\AdvancedDeepLearning\Projekt\Exoplanets\data\interim\spoc120_dataset_generation\samples\toi_2818_01.npz
1155,282.02,29781292,FA,31.32312,2459044.82593,1.541,385.0,8.9387,6321.0,1.41,65.238307,-68.102688,2018-12-20 17:40:26,2021-10-29 12:59:15,0,ok,True,44,10,train,1207,2,recovered,33,0,18300,16.417910447761194,0.0,16.417910447761194,c:\Users\user\Documents\HSFlensburgMaster\Sommersemester2026\AdvancedDeepLearning\Projekt\Exoplanets\data\interim\spoc120_dataset_generation\samples\toi_282_02.npz
1156,282.04,29781292,CP,22.8909897,2460954.388955,2.3187085,226.3518918,8.9387,6321.0,1.41,65.238307,-68.102688,2021-10-21 22:15:40,2026-04-17 10:08:01,1,ok,True,44,10,train,1209,1,success,9,0,18276,4.477611940298507,0.0,4.477611940298507,c:\Users\user\Documents\HSFlensburgMaster\Sommersemester2026\AdvancedDeepLearning\Projekt\Exoplanets\data\interim\spoc120_dataset_generation\samples\toi_282_04.npz
1157,2828.01,268042363,FP,4.6141256,2459990.605838,1.566,4920.0,12.9858,6888.0,1.33,115.628942,-53.037166,2021-06-04 00:47:25,2024-08-22 10:08:01,0,ok,True,2,11,train,1210,61,success,0,0,15536,0.0,0.0,0.0,c:\Users\user\Documents\HSFlensburgMaster\Sommersemester2026\AdvancedDeepLearning\Projekt\Exoplanets\data\interim\spoc120_dataset_generation\samples\toi_2828_01.npz
1158,2829.01,114103134,FP,1.1468708,2459963.68315,1.3965477,2762.6275979,11.6079,6755.0,1.99145,113.981399,-30.748672,2021-06-04 00:47:26,2024-09-06 10:08:02,0,ok,True,1,19,test,1211,61,success,0,0,15533,0.0,0.0,0.0,c:\Users\user\Documents\HSFlensburgMaster\Sommersemester2026\AdvancedDeepLearning\Projekt\Exoplanets\data\interim\spoc120_dataset_generation\samples\toi_2829_01.npz
1159,3362.01,464300749,CP,18.0953159,2460031.240934,2.627,3176.0,10.3823,6509.8,1.8,155.984143,-56.843117,2021-06-15 23:02:46,2023-05-11 10:10:01,1,ok,True,4,5,train,1212,63,success,2,0,18358,0.9950248756218906,0.0,0.9950248756218906,c:\Users\user\Documents\HSFlensburgMaster\Sommersemester2026\AdvancedDeepLearning\Projekt\Exoplanets\data\interim\spoc120_dataset_generation\samples\toi_3362_01.npz
1160,3364.01,280655495,CP,5.8769438,2459990.15956,4.5933803,7168.7849256,10.8137,5805.0,1.4484,144.537771,-49.335223,2021-06-15 23:02:46,2024-01-17 10:08:02,1,ok,True,4,12,train,1213,62,success,0,0,16897,0.0,0.0,0.0,c:\Users\user\Documents\HSFlensburgMaster\Sommersemester2026\AdvancedDeepLearning\Projekt\Exoplanets\data\interim\spoc120_dataset_generation\samples\toi_3364_01.npz
1161,3379.01,130191319,FP,1.6117444,2459250.615192,1.524,3120.0,12.1038,6056.0,1.14,119.75408,-25.648554,2021-06-16 22:56:24,2024-08-22 10:08:01,0,ok,True,1,17,test,1214,61,success,0,0,15835,0.0,0.0,0.0,c:\Users\user\Documents\HSFlensburgMaster\Sommersemester2026\AdvancedDeepLearning\Projekt\Exoplanets\data\interim\spoc120_dataset_generation\samples\toi_3379_01.npz
1162,3634.01,80478272,FP,5.0859432,2459878.348748,2.57,7091.0,11.224,6360.4,1.48,12.569587,27.568806,2021-06-23 15:16:43,2024-08-22 10:08:01,0,ok,True,1,9,train,1215,57,success,0,0,17991,0.0,0.0,0.0,c:\Users\user\Documents\HSFlensburgMaster\Sommersemester2026\AdvancedDeepLearning\Projekt\Exoplanets\data\interim\spoc120_dataset_generation\samples\toi_3634_01.npz
1163,3636.01,61205803,KP,4.2186625,2459855.36278,3.2580998,18527.6525232,12.7628,5425.9,1.0068901,21.065125,32.8107,2021-06-23 15:16:44,2024-09-08 10:08:02,1,ok,True,2,1,train,1216,57,success,0,0,17991,0.0,0.0,0.0,c:\Users\user\Documents\HSFlensburgMaster\Sommersemester2026\AdvancedDeepLearning\Projekt\Exoplanets\data\interim\spoc120_dataset_generation\samples\toi_3636_01.npz
1164,3643.01,453230066,FP,1.5492212,2458813.485731,2.287,1420.0,10.9469,8364.0,1.78,23.992574,54.716441,2021-06-23 15:17:46,2024-08-22 10:08:01,0,ok,True,1,2,train,1217,58,success,0,0,19237,0.0,0.0,0.0,c:\Users\user\Documents\HSFlensburgMaster\Sommersemester2026\AdvancedDeepLearning\Projekt\Exoplanets\data\interim\spoc120_dataset_generation\samples\toi_3643_01.npz
1165,283.01,382626661,CP,17.6174716,2460940.862484,3.635468,659.8868455,9.6768,5250.0,0.81,118.569306,-65.441482,2019-05-07 17:42:43,2026-04-17 10:08:01,1,ok,True,40,5,train,1218,1,success,11,0,18279,5.472636815920398,0.0,5.472636815920398,c:\Users\user\Documents\HSFlensburgMaster\Sommersemester2026\AdvancedDeepLearning\Projekt\Exoplanets\data\interim\spoc120_dataset_generation\samples\toi_283_01.npz
1166,2835.01,98286422,FP,2.9646096,2459252.308895,2.232,27860.0,13.1057,5306.0,0.88,108.496989,-34.939529,2021-06-04 00:47:27,2024-08-22 10:08:01,0,ok,True,2,5,train,1219,87,success,0,0,15462,0.0,0.0,0.0,c:\Users\user\Documents\HSFlensburgMaster\Sommersemester2026\AdvancedDeepLearning\Projekt\Exoplanets\data\interim\spoc120_dataset_generation\samples\toi_2835_01.npz
1167,2838.01,81231810,FP,5.4521068,2459223.264644,4.702,8170.0,12.9,5878.0,1.64,106.616499,-18.80809,2021-06-04 00:47:27,2024-08-22 10:08:01,0,ok,True,1,16,validation,1220,87,success,0,0,14769,0.0,0.0,0.0,c:\Users\user\Documents\HSFlensburgMaster\Sommersemester2026\AdvancedDeepLearning\Projekt\Exoplanets\data\interim\spoc120_dataset_generation\samples\toi_2838_01.npz
1168,2839.01,182470056,FP,0.879268,2459252.298703,1.529,4550.0,12.9604,6259.0,1.7,123.753462,-36.248077,2021-06-04 00:47:27,2024-08-22 10:08:01,0,ok,True,2,6,train,1221,61,success,0,0,15812,0.0,0.0,0.0,c:\Users\user\Documents\HSFlensburgMaster\Sommersemester2026\AdvancedDeepLearning\Projekt\Exoplanets\data\interim\spoc120_dataset_generation\samples\toi_2839_01.npz
1169,284.01,277103955,FP,1.3090665,2460206.239013,2.844,209.0,9.2927,4779.8,0.78,84.254356,-66.790853,2019-01-16 19:24:28,2024-09-18 10:08:02,0,ok,True,26,7,train,1222,1,success,0,0,18276,0.0,0.0,0.0,c:\Users\user\Documents\HSFlensburgMaster\Sommersemester2026\AdvancedDeepLearning\Projekt\Exoplanets\data\interim\spoc120_dataset_generation\samples\toi_284_01.npz
1170,2842.01,178162579,CP,3.5514016,2459225.449603,2.207,8480.0,12.0327,6019.0,1.26,108.044207,-10.63934,2021-06-04 00:47:27,2024-08-22 10:08:01,1,ok,True,1,17,test,1223,87,success,0,0,15326,0.0,0.0,0.0,c:\Users\user\Documents\HSFlensburgMaster\Sommersemester2026\AdvancedDeepLearning\Projekt\Exoplanets\data\interim\spoc120_dataset_generation\samples\toi_2842_01.npz
1171,2844.01,387342052,CP,3.5524144,2459574.31635,2.784,2060.0,11.5829,6843.0,1.82,110.203228,13.01869,2021-06-04 00:47:28,2025-01-20 12:03:29,1,ok,True,3,4,train,1224,71,success,0,0,14358,0.0,0.0,0.0,c:\Users\user\Documents\HSFlensburgMaster\Sommersemester2026\AdvancedDeepLearning\Projekt\Exoplanets\data\interim\spoc120_dataset_generation\samples\toi_2844_01.npz
1172,2845.01,177612321,FP,3.145502,2459223.653303,2.411,6190.0,13.2863,6397.0,2.29,106.179342,-0.02951,2021-06-04 00:47:28,2024-08-22 10:08:01,0,ok,True,1,13,train,1225,87,success,0,0,13665,0.0,0.0,0.0,c:\Users\user\Documents\HSFlensburgMaster\Sommersemester2026\AdvancedDeepLearning\Projekt\Exoplanets\data\interim\spoc120_dataset_generation\samples\toi_2845_01.npz
1173,3109.01,120723776,FP,2.8831285,2460749.273502,3.53,26290.0,12.483,,1.77,164.06056,-52.482296,2021-06-04 01:36:36,2026-06-09 16:00:01,0,ok,True,1,14,validation,1226,90,success,0,0,19235,0.0,0.0,0.0,c:\Users\user\Documents\HSFlensburgMaster\Sommersemester2026\AdvancedDeepLearning\Projekt\Exoplanets\data\interim\spoc120_dataset_generation\samples\toi_3109_01.npz
1174,3110.01,104022675,FP,0.7428708,2459331.223979,1.112,4970.0,13.0326,5635.9,1.11,195.986628,-32.436442,2021-06-04 01:36:36,2025-07-22 12:04:25,0,ok,True,3,1,train,1227,64,success,0,0,17388,0.0,0.0,0.0,c:\Users\user\Documents\HSFlensburgMaster\Sommersemester2026\AdvancedDeepLearning\Projekt\Exoplanets\data\interim\spoc120_dataset_generation\samples\toi_3110_01.npz
1175,338.01,116156517,KP,5.36777,2459108.86073,4.271,6650.0,11.3151,6561.0,1.72,7.709529,-40.573461,2018-12-20 19:43:30,2022-10-20 16:02:02,1,ok,True,6,5,train,1228,29,success,0,0,14899,0.0,0.0,0.0,c:\Users\user\Documents\HSFlensburgMaster\Sommersemester2026\AdvancedDeepLearning\Projekt\Exoplanets\data\interim\spoc120_dataset_generation\samples\toi_338_01.npz
1176,3381.01,129881395,FP,3.3630421,2459252.696743,2.776,20990.0,13.4704,5982.0,1.42,119.489473,-28.122701,2021-06-16 22:56:24,2024-08-22 10:08:01,0,ok,True,1,14,validation,1229,61,success,0,0,15881,0.0,0.0,0.0,c:\Users\user\Documents\HSFlensburgMaster\Sommersemester2026\AdvancedDeepLearning\Projekt\Exoplanets\data\interim\spoc120_dataset_generation\samples\toi_3381_01.npz
1177,3385.01,175079720,FP,2.2623261,2459274.96923,3.048,2940.0,12.4698,5786.0,0.89,115.874489,-38.90883,2021-06-16 22:56:25,2024-08-22 10:08:01,0,ok,True,1,9,train,1230,61,success,0,0,15566,0.0,0.0,0.0,c:\Users\user\Documents\HSFlensburgMaster\Sommersemester2026\AdvancedDeepLearning\Projekt\Exoplanets\data\interim\spoc120_dataset_generation\samples\toi_3385_01.npz
1178,3389.01,419419534,FP,1.680148,2459278.794388,1.217,1420.0,10.9144,5750.5,2.35,121.093981,-34.262222,2021-06-16 22:56:26,2024-08-22 10:08:01,0,ok,True,1,13,train,1231,61,success,0,0,15638,0.0,0.0,0.0,c:\Users\user\Documents\HSFlensburgMaster\Sommersemester2026\AdvancedDeepLearning\Projekt\Exoplanets\data\interim\spoc120_dataset_generation\samples\toi_3389_01.npz
1179,3658.01,71854732,FP,3.1004285,2459909.663353,3.513,12784.0,12.6532,8951.0,,26.29741,54.559653,2021-06-23 15:17:48,2024-09-07 10:08:02,0,ok,True,1,12,train,1232,58,success,0,0,19236,0.0,0.0,0.0,c:\Users\user\Documents\HSFlensburgMaster\Sommersemester2026\AdvancedDeepLearning\Projekt\Exoplanets\data\interim\spoc120_dataset_generation\samples\toi_3658_01.npz
1180,3659.01,374778982,FP,2.3882776,2459906.847676,3.102,12572.0,13.4977,5097.0,0.87,31.750309,55.178785,2021-06-23 15:17:48,2024-08-22 10:08:01,0,ok,True,1,5,train,1233,58,success,0,0,19475,0.0,0.0,0.0,c:\Users\user\Documents\HSFlensburgMaster\Sommersemester2026\AdvancedDeepLearning\Projekt\Exoplanets\data\interim\spoc120_dataset_generation\samples\toi_3659_01.npz
1181,3663.01,354151219,FP,3.5639862,2459907.512799,2.135,2126.0,11.5917,6940.9,2.41,21.177329,51.671855,2021-06-23 15:17:49,2024-08-22 10:08:01,0,ok,True,1,18,test,1234,58,success,0,0,18164,0.0,0.0,0.0,c:\Users\user\Documents\HSFlensburgMaster\Sommersemester2026\AdvancedDeepLearning\Projekt\Exoplanets\data\interim\spoc120_dataset_generation\samples\toi_3663_01.npz
1182,3666.01,346626688,KP,4.4085194,2459886.331856,3.3016793,8977.0354304,11.4453,5961.2,1.2983299,44.470988,30.625597,2021-06-23 15:17:49,2024-09-08 10:08:02,1,ok,True,2,7,train,1235,58,success,0,0,19237,0.0,0.0,0.0,c:\Users\user\Documents\HSFlensburgMaster\Sommersemester2026\AdvancedDeepLearning\Projekt\Exoplanets\data\interim\spoc120_dataset_generation\samples\toi_3666_01.npz
1183,2848.01,285524410,FP,3.0244222,2459964.898137,5.3680787,267015.5224574,11.422,6758.0,,119.999359,-42.928955,2021-06-04 00:47:28,2024-09-06 10:08:02,0,ok,True,4,1,train,1236,61,success,0,0,15604,0.0,0.0,0.0,c:\Users\user\Documents\HSFlensburgMaster\Sommersemester2026\AdvancedDeepLearning\Projekt\Exoplanets\data\interim\spoc120_dataset_generation\samples\toi_2848_01.npz
1184,2855.01,437156845,FP,3.4906402,2459246.599677,1.586,4580.0,12.7325,6066.0,1.18,123.43693,-18.877652,2021-06-04 00:47:29,2025-04-11 12:03:11,0,ok,True,1,2,train,1237,88,success,0,0,17845,0.0,0.0,0.0,c:\Users\user\Documents\HSFlensburgMaster\Sommersemester2026\AdvancedDeepLearning\Projekt\Exoplanets\data\interim\spoc120_dataset_generation\samples\toi_2855_01.npz
1185,2856.01,172630205,FP,0.599092,2459226.23093,1.232,1290.0,12.6989,5220.0,3.19,101.010233,-26.030612,2021-06-04 00:47:29,2025-01-27 12:03:29,0,ok,True,1,10,train,1238,87,success,0,0,13924,0.0,0.0,0.0,c:\Users\user\Documents\HSFlensburgMaster\Sommersemester2026\AdvancedDeepLearning\Projekt\Exoplanets\data\interim\spoc120_dataset_generation\samples\toi_2856_01.npz
1186,286.01,150030205,CP,4.5117295,2460980.715227,1.7906998,306.1299697,9.1059,5245.0,0.79,90.984276,-60.666335,2019-05-07 17:42:37,2026-04-09 16:00:01,1,ok,True,44,14,validation,1239,1,success,0,0,18276,0.0,0.0,0.0,c:\Users\user\Documents\HSFlensburgMaster\Sommersemester2026\AdvancedDeepLearning\Projekt\Exoplanets\data\interim\spoc120_dataset_generation\samples\toi_286_01.npz
1187,3122.01,61117473,FP,6.1836211,2460073.821503,2.5436374,10508.1307083,12.123,6504.0,1.29418,226.954057,-28.156608,2021-06-04 13:54:13,2025-10-28 16:00:01,0,ok,True,2,14,validation,1241,65,success,0,0,16277,0.0,0.0,0.0,c:\Users\user\Documents\HSFlensburgMaster\Sommersemester2026\AdvancedDeepLearning\Projekt\Exoplanets\data\interim\spoc120_dataset_generation\samples\toi_3122_01.npz
1188,3408.01,7904580,FP,15.8346011,2459249.62041,4.676,18000.0,13.3008,5713.1,1.09,133.207393,-1.606521,2021-06-16 22:56:28,2025-05-13 12:03:17,0,ok,True,2,3,train,1242,61,success,24,0,15353,11.940298507462686,0.0,11.940298507462686,c:\Users\user\Documents\HSFlensburgMaster\Sommersemester2026\AdvancedDeepLearning\Projekt\Exoplanets\data\interim\spoc120_dataset_generation\samples\toi_3408_01.npz
1189,367.01,9033144,FP,4.7150255,2460202.579344,3.302,4566.0,9.74346,5756.9,1.2,349.606266,-19.823843,2018-12-20 19:43:30,2023-10-16 10:08:02,0,ok,True,4,2,train,1243,2,success,0,0,18299,0.0,0.0,0.0,c:\Users\user\Documents\HSFlensburgMaster\Sommersemester2026\AdvancedDeepLearning\Projekt\Exoplanets\data\interim\spoc120_dataset_generation\samples\toi_367_01.npz
1190,3677.01,458876004,FP,3.6923071,2458814.425212,1.139,14130.0,11.9814,8469.0,1.1,35.837872,60.889963,2021-06-23 15:17:51,2024-09-02 12:03:01,0,ok,True,2,16,validation,1244,85,success,0,0,12164,0.0,0.0,0.0,c:\Users\user\Documents\HSFlensburgMaster\Sommersemester2026\AdvancedDeepLearning\Projekt\Exoplanets\data\interim\spoc120_dataset_generation\samples\toi_3677_01.npz
1191,3678.01,34551972,FP,4.8542148,2459885.446229,5.588206,7842.3157995,10.5873,7259.3,2.0394399,44.233304,28.771475,2021-06-23 15:17:51,2025-08-20 12:05:05,0,ok,True,5,6,train,1245,42,success,0,0,14125,0.0,0.0,0.0,c:\Users\user\Documents\HSFlensburgMaster\Sommersemester2026\AdvancedDeepLearning\Projekt\Exoplanets\data\interim\spoc120_dataset_generation\samples\toi_3678_01.npz
1192,368.01,77031413,FP,1.38665,2459110.92156,2.238,24680.0,11.4996,5444.0,0.93,354.170634,-34.611893,2018-12-20 19:43:30,2022-10-20 16:02:02,0,ok,True,2,1,train,1246,29,success,0,0,14526,0.0,0.0,0.0,c:\Users\user\Documents\HSFlensburgMaster\Sommersemester2026\AdvancedDeepLearning\Projekt\Exoplanets\data\interim\spoc120_dataset_generation\samples\toi_368_01.npz
1193,3681.01,285272237,KP,4.6401269,2459886.284961,3.0320144,9954.9098835,11.7524,5191.0,1.00936,35.383494,32.246044,2021-06-23 15:17:51,2024-09-08 10:08:02,1,ok,True,2,5,train,1247,58,success,0,0,17027,0.0,0.0,0.0,c:\Users\user\Documents\HSFlensburgMaster\Sommersemester2026\AdvancedDeepLearning\Projekt\Exoplanets\data\interim\spoc120_dataset_generation\samples\toi_3681_01.npz
1194,2863.01,412257781,FP,1.1894812,2459253.364143,3.047,4130.0,12.7797,6550.0,1.5,110.446018,-22.597941,2021-06-04 00:47:30,2024-08-22 10:08:01,0,ok,True,2,13,train,1248,87,success,0,0,15018,0.0,0.0,0.0,c:\Users\user\Documents\HSFlensburgMaster\Sommersemester2026\AdvancedDeepLearning\Projekt\Exoplanets\data\interim\spoc120_dataset_generation\samples\toi_2863_01.npz
1195,2871.01,155807906,FP,0.4057204,2459253.168845,1.201,2620.0,13.0777,6541.0,1.32,123.825652,-29.23165,2021-06-04 00:47:31,2025-02-07 12:03:28,0,ok,True,2,12,train,1249,61,success,0,0,15777,0.0,0.0,0.0,c:\Users\user\Documents\HSFlensburgMaster\Sommersemester2026\AdvancedDeepLearning\Projekt\Exoplanets\data\interim\spoc120_dataset_generation\samples\toi_2871_01.npz
1196,2872.01,151930063,FP,5.2201338,2459963.999386,2.584,6040.0,12.8919,11632.0,1.95,119.619171,-35.664564,2021-06-04 00:47:32,2025-02-22 12:03:08,0,ok,True,2,5,train,1250,61,success,0,0,15731,0.0,0.0,0.0,c:\Users\user\Documents\HSFlensburgMaster\Sommersemester2026\AdvancedDeepLearning\Projekt\Exoplanets\data\interim\spoc120_dataset_generation\samples\toi_2872_01.npz
1197,2874.01,123106490,FP,3.3004862,2459963.591728,2.959105,2403.5706041,11.3002,6408.0,1.30784,113.755213,-43.876527,2021-06-04 00:47:32,2024-09-08 10:08:02,0,ok,True,2,14,validation,1251,61,success,0,0,15685,0.0,0.0,0.0,c:\Users\user\Documents\HSFlensburgMaster\Sommersemester2026\AdvancedDeepLearning\Projekt\Exoplanets\data\interim\spoc120_dataset_generation\samples\toi_2874_01.npz
1198,2878.01,4999813,FP,2.0849517,2459226.726213,3.099,2380.0,12.6063,6163.0,0.94,107.358337,-1.732243,2021-06-04 00:47:32,2024-08-22 10:08:01,0,ok,True,1,2,train,1252,87,success,0,0,13535,0.0,0.0,0.0,c:\Users\user\Documents\HSFlensburgMaster\Sommersemester2026\AdvancedDeepLearning\Projekt\Exoplanets\data\interim\spoc120_dataset_generation\samples\toi_2878_01.npz
1199,2879.01,146836153,FP,2.3252878,2459964.82553,2.277571,29370.954615,13.3181,5744.0,1.1,124.319317,-30.632887,2021-06-04 00:47:32,2024-09-10 10:08:02,0,ok,True,1,7,train,1253,61,success,0,0,15748,0.0,0.0,0.0,c:\Users\user\Documents\HSFlensburgMaster\Sommersemester2026\AdvancedDeepLearning\Projekt\Exoplanets\data\interim\spoc120_dataset_generation\samples\toi_2879_01.npz
1200,3146.01,360816293,FP,3.5506084,2458650.905593,2.706,16040.0,12.2077,5083.0,1.13,190.946764,-76.696666,2021-06-04 13:54:16,2024-08-22 10:08:01,0,ok,True,1,4,train,1254,93,success,0,0,15641,0.0,0.0,0.0,c:\Users\user\Documents\HSFlensburgMaster\Sommersemester2026\AdvancedDeepLearning\Projekt\Exoplanets\data\interim\spoc120_dataset_generation\samples\toi_3146_01.npz
1201,315.01,66356824,FP,3.55562,2459109.39216,1.838,2610.0,12.4245,5671.0,1.34,12.076269,-32.119461,2018-12-20 19:43:30,2022-10-20 16:02:02,0,ok,True,2,14,validation,1255,29,success,0,0,14982,0.0,0.0,0.0,c:\Users\user\Documents\HSFlensburgMaster\Sommersemester2026\AdvancedDeepLearning\Projekt\Exoplanets\data\interim\spoc120_dataset_generation\samples\toi_315_01.npz
1202,3153.01,466318137,FP,1.1216021,2460014.80544,1.6434889,3599.1066292,11.2789,3294.0,,165.732079,-60.196871,2021-06-04 13:54:17,2024-07-24 12:02:44,0,ok,True,2,12,train,1256,63,success,0,0,18347,0.0,0.0,0.0,c:\Users\user\Documents\HSFlensburgMaster\Sommersemester2026\AdvancedDeepLearning\Projekt\Exoplanets\data\interim\spoc120_dataset_generation\samples\toi_3153_01.npz
1203,443.01,117979897,KP,3.3106692,2459174.840517,3.7033867,9189.7342523,12.0682,6030.0,1.3514301,71.824435,-17.115174,2019-02-08 16:19:52,2021-12-02 16:02:01,1,ok,True,3,5,train,1257,5,success,0,0,17188,0.0,0.0,0.0,c:\Users\user\Documents\HSFlensburgMaster\Sommersemester2026\AdvancedDeepLearning\Projekt\Exoplanets\data\interim\spoc120_dataset_generation\samples\toi_443_01.npz
1204,4431.01,121660904,KP,4.8854844,2459422.843797,5.2333985,7009.1394983,12.4532,5974.0,2.0812199,288.581493,41.089734,2021-09-09 19:53:44,2023-03-15 16:02:02,1,ok,True,8,15,validation,1258,40,success,0,0,19610,0.0,0.0,0.0,c:\Users\user\Documents\HSFlensburgMaster\Sommersemester2026\AdvancedDeepLearning\Projekt\Exoplanets\data\interim\spoc120_dataset_generation\samples\toi_4431_01.npz
1205,4433.01,158551257,FP,0.9023951,2459797.231728,1.6045865,5385.0871091,14.2502,5780.0,,287.57055,43.531709,2021-09-09 19:53:44,2023-02-23 16:02:01,0,ok,True,10,0,train,1259,40,success,0,0,19609,0.0,0.0,0.0,c:\Users\user\Documents\HSFlensburgMaster\Sommersemester2026\AdvancedDeepLearning\Projekt\Exoplanets\data\interim\spoc120_dataset_generation\samples\toi_4433_01.npz
1206,4434.01,63452790,KP,2.6843081,2459392.813554,2.7683352,18209.9206621,13.814,5616.02,1.01895,292.855719,46.391188,2021-09-09 19:53:44,2023-03-15 16:02:02,1,ok,True,7,3,train,1260,40,success,0,0,18330,0.0,0.0,0.0,c:\Users\user\Documents\HSFlensburgMaster\Sommersemester2026\AdvancedDeepLearning\Projekt\Exoplanets\data\interim\spoc120_dataset_generation\samples\toi_4434_01.npz
1207,4435.01,122596693,KP,3.5256535,2459420.667731,2.5111799,23882.7029386,14.6147,5003.05,0.783768,290.581743,40.577311,2021-09-09 19:53:44,2023-03-15 16:02:02,1,ok,True,7,15,validation,1261,40,success,0,0,19611,0.0,0.0,0.0,c:\Users\user\Documents\HSFlensburgMaster\Sommersemester2026\AdvancedDeepLearning\Projekt\Exoplanets\data\interim\spoc120_dataset_generation\samples\toi_4435_01.npz
1208,4438.01,22233480,CP,7.4463034,2459396.409578,2.0033138,4045.7241785,11.2695,3353.0,0.375859,270.317239,35.594899,2021-09-09 19:53:44,2024-03-18 12:03:13,1,ok,True,5,14,validation,1262,40,success,0,0,19611,0.0,0.0,0.0,c:\Users\user\Documents\HSFlensburgMaster\Sommersemester2026\AdvancedDeepLearning\Projekt\Exoplanets\data\interim\spoc120_dataset_generation\samples\toi_4438_01.npz
1209,444.01,179034327,CP,17.9635083,2458417.605025,4.4297958,1266.94519,9.0567,5229.0,0.794471,64.183998,-26.766407,2019-05-17 18:40:33,2023-12-03 12:03:15,1,ok,True,4,16,validation,1263,4,success,51,0,14686,25.37313432835821,0.0,25.37313432835821,c:\Users\user\Documents\HSFlensburgMaster\Sommersemester2026\AdvancedDeepLearning\Projekt\Exoplanets\data\interim\spoc120_dataset_generation\samples\toi_444_01.npz
1210,4440.01,164786087,KP,4.0822894,2459391.084226,3.2882557,16484.9762858,14.6979,5780.0,,284.830443,44.658093,2021-09-09 19:53:45,2023-03-15 16:02:02,1,ok,True,9,19,test,1264,40,success,0,0,19611,0.0,0.0,0.0,c:\Users\user\Documents\HSFlensburgMaster\Sommersemester2026\AdvancedDeepLearning\Projekt\Exoplanets\data\interim\spoc120_dataset_generation\samples\toi_4440_01.npz
1211,466.01,4616072,KP,4.1876154,2459201.891355,3.0070217,10906.185708,12.8893,6675.0,1.23733,101.994246,-21.910711,2019-02-22 14:51:22,2021-10-29 12:59:15,1,ok,True,4,16,validation,1265,6,success,0,0,14560,0.0,0.0,0.0,c:\Users\user\Documents\HSFlensburgMaster\Sommersemester2026\AdvancedDeepLearning\Projekt\Exoplanets\data\interim\spoc120_dataset_generation\samples\toi_466_01.npz
1212,4666.01,165202476,CP,2.9093856,2459168.476368,2.075,45160.0,13.3272,3666.0,0.59,56.289886,-39.06318,2021-12-21 00:33:10,2025-09-01 12:32:45,1,ok,True,2,7,train,1266,97,success,0,0,30017,0.0,0.0,0.0,c:\Users\user\Documents\HSFlensburgMaster\Sommersemester2026\AdvancedDeepLearning\Projekt\Exoplanets\data\interim\spoc120_dataset_generation\samples\toi_4666_01.npz
1213,4668.01,142938659,FP,1.0049552,2459169.299411,0.92,8600.0,13.8371,3210.0,0.42,52.647353,-35.203715,2021-12-21 00:33:11,2026-06-28 12:03:58,0,ok,True,2,11,train,1267,97,success,0,0,29436,0.0,0.0,0.0,c:\Users\user\Documents\HSFlensburgMaster\Sommersemester2026\AdvancedDeepLearning\Projekt\Exoplanets\data\interim\spoc120_dataset_generation\samples\toi_4668_01.npz
1214,3957.01,305550963,FP,1.5891628,2459850.65687,1.576,3550.0,13.2445,6227.0,2.0,315.263903,63.424275,2021-06-23 15:24:16,2024-08-22 10:08:01,0,ok,True,7,1,train,1268,56,success,0,0,17670,0.0,0.0,0.0,c:\Users\user\Documents\HSFlensburgMaster\Sommersemester2026\AdvancedDeepLearning\Projekt\Exoplanets\data\interim\spoc120_dataset_generation\samples\toi_3957_01.npz
1215,396.01,178155732,CP,5.9739124,2459120.537697,3.1235464,232.5621027,5.9053,6308.31,1.2845,42.984978,-30.814061,2019-02-08 20:04:48,2021-12-02 16:02:01,1,ok,True,5,6,train,1269,4,success,0,0,14758,0.0,0.0,0.0,c:\Users\user\Documents\HSFlensburgMaster\Sommersemester2026\AdvancedDeepLearning\Projekt\Exoplanets\data\interim\spoc120_dataset_generation\samples\toi_396_01.npz
1216,396.02,178155732,CP,3.58529,2459169.27128,2.495,180.0,5.9053,6308.31,1.28,42.984978,-30.814061,2019-02-08 20:04:48,2021-10-29 12:59:15,1,ok,True,5,6,train,1270,4,success,0,0,14758,0.0,0.0,0.0,c:\Users\user\Documents\HSFlensburgMaster\Sommersemester2026\AdvancedDeepLearning\Projekt\Exoplanets\data\interim\spoc120_dataset_generation\samples\toi_396_02.npz
1217,396.03,178155732,CP,11.2304605,2459117.261055,3.6009978,208.629137,5.9053,6308.31,1.2845,42.984978,-30.814061,2020-06-24 15:36:07,2021-12-02 16:02:01,1,ok,True,5,6,train,1271,4,success,0,0,14758,0.0,0.0,0.0,c:\Users\user\Documents\HSFlensburgMaster\Sommersemester2026\AdvancedDeepLearning\Projekt\Exoplanets\data\interim\spoc120_dataset_generation\samples\toi_396_03.npz
1218,3963.01,271439193,FP,6.2329571,2459876.941322,3.043,2367.0,12.2996,6016.0,1.55,354.138342,60.526208,2021-06-23 15:24:17,2025-10-12 12:03:43,0,ok,True,6,0,train,1272,57,success,0,0,17990,0.0,0.0,0.0,c:\Users\user\Documents\HSFlensburgMaster\Sommersemester2026\AdvancedDeepLearning\Projekt\Exoplanets\data\interim\spoc120_dataset_generation\samples\toi_3963_01.npz
1219,421.01,94986319,CP,16.067522,2459195.308114,2.6182382,2929.6501469,9.2711,5718.0,0.860124,81.853282,-14.27674,2019-05-17 18:40:33,2025-11-16 12:03:17,1,ok,True,4,18,test,1273,5,success,17,0,17322,8.45771144278607,0.0,8.45771144278607,c:\Users\user\Documents\HSFlensburgMaster\Sommersemester2026\AdvancedDeepLearning\Projekt\Exoplanets\data\interim\spoc120_dataset_generation\samples\toi_421_01.npz
1220,421.02,94986319,CP,5.1976858,2458441.280669,1.8810737,437.4376044,9.2711,5718.0,0.860124,81.853282,-14.27674,2021-10-21 22:08:38,2022-01-12 12:02:22,1,ok,True,4,18,test,1274,5,success,0,0,17322,0.0,0.0,0.0,c:\Users\user\Documents\HSFlensburgMaster\Sommersemester2026\AdvancedDeepLearning\Projekt\Exoplanets\data\interim\spoc120_dataset_generation\samples\toi_421_02.npz
1221,4217.01,108939482,FP,1.1870337,2459963.592775,2.7329029,8164.5762553,13.5295,6325.0,1.15885,112.729853,-28.684266,2021-07-12 14:39:21,2024-09-08 10:08:02,0,ok,True,1,15,validation,1275,61,success,0,0,15737,0.0,0.0,0.0,c:\Users\user\Documents\HSFlensburgMaster\Sommersemester2026\AdvancedDeepLearning\Projekt\Exoplanets\data\interim\spoc120_dataset_generation\samples\toi_4217_01.npz
1222,4443.01,158241252,CP,1.8498567,2459415.15198,2.518276,195.4102498,7.9147,5834.0,1.0173301,274.268664,21.909546,2021-09-09 19:53:45,2025-04-21 12:03:49,1,ok,True,4,5,train,1276,26,success,0,0,16936,0.0,0.0,0.0,c:\Users\user\Documents\HSFlensburgMaster\Sommersemester2026\AdvancedDeepLearning\Projekt\Exoplanets\data\interim\spoc120_dataset_generation\samples\toi_4443_01.npz
1223,4445.01,158388163,KP,4.2253498,2459394.539688,2.7695297,7240.8152367,13.4584,5501.0,1.03122,287.130578,42.350153,2021-09-09 19:53:45,2023-03-15 16:02:02,1,ok,True,8,0,train,1277,40,success,0,0,19611,0.0,0.0,0.0,c:\Users\user\Documents\HSFlensburgMaster\Sommersemester2026\AdvancedDeepLearning\Projekt\Exoplanets\data\interim\spoc120_dataset_generation\samples\toi_4445_01.npz
1224,4446.01,137899948,KP,2.4552388,2459420.803667,1.7323271,44130.1605859,14.9826,3792.0,0.614823,292.872929,41.064173,2021-09-09 19:53:45,2023-03-15 16:02:02,1,ok,True,8,2,train,1278,40,success,0,0,19611,0.0,0.0,0.0,c:\Users\user\Documents\HSFlensburgMaster\Sommersemester2026\AdvancedDeepLearning\Projekt\Exoplanets\data\interim\spoc120_dataset_generation\samples\toi_4446_01.npz
1225,4448.01,138359318,KP,1.0186989,2459769.924018,1.4947875,91558.6353269,14.956,5780.0,,293.732783,36.815494,2021-09-09 19:53:45,2023-03-15 16:02:02,1,ok,True,8,3,train,1279,40,success,0,0,19611,0.0,0.0,0.0,c:\Users\user\Documents\HSFlensburgMaster\Sommersemester2026\AdvancedDeepLearning\Projekt\Exoplanets\data\interim\spoc120_dataset_generation\samples\toi_4448_01.npz
1226,4453.01,243333538,FP,2.9985667,2459772.753949,3.025166,28040.9068572,13.7703,6126.0,1.04172,289.839513,56.93037,2021-09-09 19:53:46,2023-08-18 12:03:17,0,ok,True,22,9,train,1280,40,success,0,0,18004,0.0,0.0,0.0,c:\Users\user\Documents\HSFlensburgMaster\Sommersemester2026\AdvancedDeepLearning\Projekt\Exoplanets\data\interim\spoc120_dataset_generation\samples\toi_4453_01.npz
1227,4454.01,48217457,KP,3.1208396,2459422.76782,2.405278,17027.4064902,14.3168,5983.0,1.09921,282.966215,48.345055,2021-09-09 19:53:46,2023-03-15 16:02:02,1,ok,True,9,18,test,1281,40,success,0,0,19609,0.0,0.0,0.0,c:\Users\user\Documents\HSFlensburgMaster\Sommersemester2026\AdvancedDeepLearning\Projekt\Exoplanets\data\interim\spoc120_dataset_generation\samples\toi_4454_01.npz
1228,4455.01,138644215,KP,1.5449334,2459420.580429,1.1043459,4941.8700913,12.8939,6136.25,1.4874001,294.192119,39.618973,2021-09-09 19:53:46,2023-03-15 16:02:02,1,ok,True,6,4,train,1282,40,success,0,0,19611,0.0,0.0,0.0,c:\Users\user\Documents\HSFlensburgMaster\Sommersemester2026\AdvancedDeepLearning\Projekt\Exoplanets\data\interim\spoc120_dataset_generation\samples\toi_4455_01.npz
1229,4456.01,27774415,KP,4.9427985,2459422.773399,3.3153828,11349.4838661,13.2394,5550.93,1.32567,296.200551,49.14003,2021-09-09 19:53:46,2023-03-15 16:02:02,1,ok,True,11,13,train,1283,40,success,0,0,19607,0.0,0.0,0.0,c:\Users\user\Documents\HSFlensburgMaster\Sommersemester2026\AdvancedDeepLearning\Projekt\Exoplanets\data\interim\spoc120_dataset_generation\samples\toi_4456_01.npz
1230,467.01,20178111,FP,1.734422,2459198.7024,2.32,1230.0,10.2767,5890.0,0.94,89.897418,-40.395746,2019-02-27 22:16:31,2021-12-08 10:10:01,0,ok,True,3,18,test,1284,6,success,0,0,14613,0.0,0.0,0.0,c:\Users\user\Documents\HSFlensburgMaster\Sommersemester2026\AdvancedDeepLearning\Projekt\Exoplanets\data\interim\spoc120_dataset_generation\samples\toi_467_01.npz
1231,468.01,33521996,KP,3.3252703,2459220.820401,2.0538144,34741.7763037,13.3383,3724.0,0.596801,88.146808,-19.031627,2019-02-27 22:16:31,2021-10-29 12:59:15,1,ok,True,5,12,train,1285,6,success,0,0,14573,0.0,0.0,0.0,c:\Users\user\Documents\HSFlensburgMaster\Sommersemester2026\AdvancedDeepLearning\Projekt\Exoplanets\data\interim\spoc120_dataset_generation\samples\toi_468_01.npz
1232,3964.01,270435047,FA,1.8011961,2458979.203279,3.23,2280.0,12.8114,7588.0,1.99,351.796938,60.231831,2021-06-23 15:24:17,2024-08-22 10:08:01,0,ok,True,4,17,test,1286,57,success,0,0,17990,0.0,0.0,0.0,c:\Users\user\Documents\HSFlensburgMaster\Sommersemester2026\AdvancedDeepLearning\Projekt\Exoplanets\data\interim\spoc120_dataset_generation\samples\toi_3964_01.npz
1233,397.01,219379012,FP,1.5464949,2459168.724537,1.101,930.0,10.231,5973.5,1.14,76.833621,-48.115889,2019-01-16 19:24:30,2024-09-09 10:08:01,0,ok,True,2,5,train,1287,4,success,0,0,14662,0.0,0.0,0.0,c:\Users\user\Documents\HSFlensburgMaster\Sommersemester2026\AdvancedDeepLearning\Projekt\Exoplanets\data\interim\spoc120_dataset_generation\samples\toi_397_01.npz
1234,3975.01,155947004,FP,9.4258906,2458973.711868,2.406,4450.0,11.8993,4507.0,0.67,227.305873,44.700876,2021-06-23 15:24:19,2024-08-22 10:08:01,0,ok,True,2,19,test,1288,50,success,0,0,12498,0.0,0.0,0.0,c:\Users\user\Documents\HSFlensburgMaster\Sommersemester2026\AdvancedDeepLearning\Projekt\Exoplanets\data\interim\spoc120_dataset_generation\samples\toi_3975_01.npz
1235,398.01,1129033,KP,1.3600283,2459168.520849,2.1652751,19427.6944703,9.62713,5500.0,0.933975,37.155522,-7.060667,2019-02-08 20:04:48,2021-12-02 16:02:01,1,ok,True,2,5,train,1289,4,success,0,0,14818,0.0,0.0,0.0,c:\Users\user\Documents\HSFlensburgMaster\Sommersemester2026\AdvancedDeepLearning\Projekt\Exoplanets\data\interim\spoc120_dataset_generation\samples\toi_398_01.npz
1236,3981.01,312548415,FP,2.2437501,2458981.5001,3.821,2880.0,12.9165,7209.0,1.96,12.855316,59.409908,2021-06-23 15:24:20,2024-10-11 12:02:55,0,ok,True,2,3,train,1290,58,success,0,0,18469,0.0,0.0,0.0,c:\Users\user\Documents\HSFlensburgMaster\Sommersemester2026\AdvancedDeepLearning\Projekt\Exoplanets\data\interim\spoc120_dataset_generation\samples\toi_3981_01.npz
1237,423.01,43647325,KP,3.1615697,2459176.768453,3.1425792,17482.2328085,10.4408,6072.0,1.0977401,76.081891,-6.22978,2019-02-08 16:19:52,2021-12-02 16:02:01,1,ok,True,3,2,train,1291,5,success,0,0,17217,0.0,0.0,0.0,c:\Users\user\Documents\HSFlensburgMaster\Sommersemester2026\AdvancedDeepLearning\Projekt\Exoplanets\data\interim\spoc120_dataset_generation\samples\toi_423_01.npz
1238,4233.01,113295476,FP,1.820443,2458514.824342,2.643,7330.0,13.5689,6079.0,1.94,113.266602,-30.104096,2021-07-12 14:39:23,2025-02-18 12:03:47,0,ok,True,2,17,test,1292,61,success,0,0,15615,0.0,0.0,0.0,c:\Users\user\Documents\HSFlensburgMaster\Sommersemester2026\AdvancedDeepLearning\Projekt\Exoplanets\data\interim\spoc120_dataset_generation\samples\toi_4233_01.npz
1239,4235.01,157528286,FP,1.6562803,2459251.03979,0.929,5610.0,13.0556,6044.0,1.25,106.633113,-38.054496,2021-07-12 14:39:23,2024-08-22 10:08:01,0,ok,True,1,8,train,1293,61,success,0,0,15710,0.0,0.0,0.0,c:\Users\user\Documents\HSFlensburgMaster\Sommersemester2026\AdvancedDeepLearning\Projekt\Exoplanets\data\interim\spoc120_dataset_generation\samples\toi_4235_01.npz
1240,424.01,117979694,FP,1.9784257,2459199.447226,2.106,720.0,10.5094,5059.0,0.75,71.921274,-17.745004,2019-02-08 16:19:52,2025-01-14 16:02:02,0,ok,True,2,13,train,1294,5,success,0,0,17178,0.0,0.0,0.0,c:\Users\user\Documents\HSFlensburgMaster\Sommersemester2026\AdvancedDeepLearning\Projekt\Exoplanets\data\interim\spoc120_dataset_generation\samples\toi_424_01.npz
1241,4457.01,299220166,KP,3.2175184,2459770.385346,1.8986264,12691.8036893,14.3258,5549.0,0.912927,289.434667,49.473455,2021-09-09 19:53:46,2023-03-15 16:02:02,1,ok,True,10,15,validation,1295,40,success,0,0,15244,0.0,0.0,0.0,c:\Users\user\Documents\HSFlensburgMaster\Sommersemester2026\AdvancedDeepLearning\Projekt\Exoplanets\data\interim\spoc120_dataset_generation\samples\toi_4457_01.npz
1242,4461.01,149282072,FP,3.7006742,2459761.942759,3.115,840.0,10.4787,5025.0,0.79,279.146891,16.45244,2021-09-09 19:55:02,2025-07-22 12:04:25,0,ok,True,2,12,train,1296,26,success,0,0,16940,0.0,0.0,0.0,c:\Users\user\Documents\HSFlensburgMaster\Sommersemester2026\AdvancedDeepLearning\Projekt\Exoplanets\data\interim\spoc120_dataset_generation\samples\toi_4461_01.npz
1243,4462.01,76420654,CP,4.9133022,2459789.419251,5.159,2040.0,10.445,5918.0,2.06,274.669941,36.254856,2021-09-09 19:55:02,2026-06-21 12:05:01,1,ok,True,2,1,train,1297,74,success,0,0,16777,0.0,0.0,0.0,c:\Users\user\Documents\HSFlensburgMaster\Sommersemester2026\AdvancedDeepLearning\Projekt\Exoplanets\data\interim\spoc120_dataset_generation\samples\toi_4462_01.npz
1244,4463.01,8599009,CP,2.88069,2459766.955834,1.784,10380.0,10.4673,5541.0,1.09,279.358129,18.729952,2021-09-09 19:55:02,2023-12-03 12:03:15,1,ok,True,1,12,train,1298,80,success,0,0,11358,0.0,0.0,0.0,c:\Users\user\Documents\HSFlensburgMaster\Sommersemester2026\AdvancedDeepLearning\Projekt\Exoplanets\data\interim\spoc120_dataset_generation\samples\toi_4463_01.npz
1245,4466.01,268604331,KP,5.0141991,2459799.901292,4.5606871,6026.126007,13.3926,6669.0,1.69675,299.097517,43.497585,2021-10-07 00:18:57,2023-03-15 16:02:02,1,ok,True,7,13,train,1299,41,success,0,0,18322,0.0,0.0,0.0,c:\Users\user\Documents\HSFlensburgMaster\Sommersemester2026\AdvancedDeepLearning\Projekt\Exoplanets\data\interim\spoc120_dataset_generation\samples\toi_4466_01.npz
1246,4467.01,48506505,KP,7.7942155,2459420.812052,0.9710311,2950.7357104,11.8933,5461.54,0.897403,285.268528,48.559884,2021-10-07 00:18:57,2023-03-15 16:02:02,1,ok,True,10,12,train,1300,40,success,0,0,19611,0.0,0.0,0.0,c:\Users\user\Documents\HSFlensburgMaster\Sommersemester2026\AdvancedDeepLearning\Projekt\Exoplanets\data\interim\spoc120_dataset_generation\samples\toi_4467_01.npz
1247,4469.01,75262942,KP,2.6634154,2459421.462837,1.8429688,37522.94895,14.1959,4051.0,0.701369,299.050641,17.569963,2021-10-07 00:18:57,2023-03-15 16:02:02,1,ok,True,3,9,train,1301,41,success,0,0,18322,0.0,0.0,0.0,c:\Users\user\Documents\HSFlensburgMaster\Sommersemester2026\AdvancedDeepLearning\Projekt\Exoplanets\data\interim\spoc120_dataset_generation\samples\toi_4469_01.npz
1248,4470.01,256364928,KP,2.2185748,2459770.410421,1.8233621,25854.2144559,6.8481,5023.0,0.776484,300.182122,22.709776,2021-10-07 00:18:57,2023-03-15 16:02:02,1,ok,True,3,10,train,1302,41,success,0,0,18315,0.0,0.0,0.0,c:\Users\user\Documents\HSFlensburgMaster\Sommersemester2026\AdvancedDeepLearning\Projekt\Exoplanets\data\interim\spoc120_dataset_generation\samples\toi_4470_01.npz
1249,469.01,33692729,CP,13.6308024,2458474.569581,4.3426564,1179.1033339,8.7615,6114.0,1.00528,93.057845,-14.649317,2019-02-27 22:16:31,2024-09-10 10:08:02,1,ok,True,3,3,train,1303,6,success,17,0,14621,8.45771144278607,0.0,8.45771144278607,c:\Users\user\Documents\HSFlensburgMaster\Sommersemester2026\AdvancedDeepLearning\Projekt\Exoplanets\data\interim\spoc120_dataset_generation\samples\toi_469_01.npz
1250,470.01,37770169,CP,12.1914558,2458474.494915,3.3188127,2625.0570737,10.6995,5418.0,0.840971,94.009904,-25.031411,2019-02-27 22:16:31,2024-09-09 10:08:01,1,ok,True,3,2,train,1304,6,success,6,0,14549,2.9850746268656714,0.0,2.9850746268656714,c:\Users\user\Documents\HSFlensburgMaster\Sommersemester2026\AdvancedDeepLearning\Projekt\Exoplanets\data\interim\spoc120_dataset_generation\samples\toi_470_01.npz
1251,3983.01,20303110,FA,3.8961515,2458975.507347,1.742,8620.0,11.208,5477.2,0.87,228.83295,40.266956,2021-06-23 15:24:20,2024-08-22 10:08:01,0,ok,True,4,18,test,1305,50,success,0,0,12566,0.0,0.0,0.0,c:\Users\user\Documents\HSFlensburgMaster\Sommersemester2026\AdvancedDeepLearning\Projekt\Exoplanets\data\interim\spoc120_dataset_generation\samples\toi_3983_01.npz
1252,3984.01,20182780,CP,4.3533211,2459715.022491,1.894,21740.0,13.4609,3422.0,0.46,226.337147,36.786975,2021-06-23 15:24:20,2024-08-22 10:08:01,1,ok,True,4,14,validation,1306,50,success,0,0,10459,0.0,0.0,0.0,c:\Users\user\Documents\HSFlensburgMaster\Sommersemester2026\AdvancedDeepLearning\Projekt\Exoplanets\data\interim\spoc120_dataset_generation\samples\toi_3984_01.npz
1253,3986.01,470911286,FP,1.6212474,2458981.484997,3.262,1100.0,12.5225,4949.0,3.11,1.129367,66.403045,2021-06-23 15:24:21,2025-08-27 12:03:56,0,ok,True,3,13,train,1307,58,success,0,0,19473,0.0,0.0,0.0,c:\Users\user\Documents\HSFlensburgMaster\Sommersemester2026\AdvancedDeepLearning\Projekt\Exoplanets\data\interim\spoc120_dataset_generation\samples\toi_3986_01.npz
1254,3989.01,444413256,FP,4.0104917,2459905.714944,2.293,6051.0,11.9551,12373.0,,6.386516,63.040637,2021-06-23 15:24:21,2024-08-22 10:08:01,0,ok,True,2,19,test,1308,58,success,0,0,18916,0.0,0.0,0.0,c:\Users\user\Documents\HSFlensburgMaster\Sommersemester2026\AdvancedDeepLearning\Projekt\Exoplanets\data\interim\spoc120_dataset_generation\samples\toi_3989_01.npz
1255,399.01,219388773,FP,1.5716819,2458412.383444,1.9672248,743.4097278,10.6793,4752.8,0.982066,77.047577,-50.858906,2019-01-31 17:54:49,2024-09-19 10:08:01,0,ok,True,6,1,train,1309,4,success,0,0,14449,0.0,0.0,0.0,c:\Users\user\Documents\HSFlensburgMaster\Sommersemester2026\AdvancedDeepLearning\Projekt\Exoplanets\data\interim\spoc120_dataset_generation\samples\toi_399_01.npz
1256,3996.01,347011522,FP,17.2045725,2458973.929734,4.987,3770.0,12.0205,6278.0,1.77,1.186715,54.196681,2021-06-23 15:24:22,2024-08-22 10:08:01,0,ok,True,1,16,validation,1310,57,success,18,0,17991,8.955223880597014,0.0,8.955223880597014,c:\Users\user\Documents\HSFlensburgMaster\Sommersemester2026\AdvancedDeepLearning\Projekt\Exoplanets\data\interim\spoc120_dataset_generation\samples\toi_3996_01.npz
1257,3999.01,284528889,FP,4.112385,2458981.890738,3.474,2110.0,11.6437,5659.0,2.14,9.945507,62.393358,2021-06-23 15:24:22,2024-08-22 10:08:01,0,ok,True,1,13,train,1311,58,success,0,0,18574,0.0,0.0,0.0,c:\Users\user\Documents\HSFlensburgMaster\Sommersemester2026\AdvancedDeepLearning\Projekt\Exoplanets\data\interim\spoc120_dataset_generation\samples\toi_3999_01.npz
1258,425.01,169532369,FP,3.60364,2458440.31143,3.728,6281.32,11.5781,6896.7,1.62,78.098877,-13.605635,2019-02-08 16:19:52,2021-12-07 16:02:02,0,ok,True,2,12,train,1312,5,success,0,0,17142,0.0,0.0,0.0,c:\Users\user\Documents\HSFlensburgMaster\Sommersemester2026\AdvancedDeepLearning\Projekt\Exoplanets\data\interim\spoc120_dataset_generation\samples\toi_425_01.npz
1259,4251.01,192520375,FP,0.9109508,2459278.486338,1.473,4720.0,12.5405,9421.0,1.79,138.052275,-39.657928,2021-07-12 14:44:37,2024-08-22 10:08:01,0,ok,True,1,1,train,1313,62,success,0,0,15575,0.0,0.0,0.0,c:\Users\user\Documents\HSFlensburgMaster\Sommersemester2026\AdvancedDeepLearning\Projekt\Exoplanets\data\interim\spoc120_dataset_generation\samples\toi_4251_01.npz
1260,4255.01,82302240,FP,2.5057108,2459964.80591,1.962,3170.0,12.5225,8330.0,2.26,124.351447,-45.406543,2021-07-12 14:44:38,2025-02-12 12:03:37,0,ok,True,2,1,train,1314,61,success,0,0,15591,0.0,0.0,0.0,c:\Users\user\Documents\HSFlensburgMaster\Sommersemester2026\AdvancedDeepLearning\Projekt\Exoplanets\data\interim\spoc120_dataset_generation\samples\toi_4255_01.npz
1261,4471.01,27318774,KP,3.2432488,2459422.907793,3.0748441,17481.8216448,14.4394,5778.0,1.09304,294.996342,50.470046,2021-10-07 00:18:58,2023-03-15 16:02:02,1,ok,True,10,17,test,1315,41,success,0,0,18322,0.0,0.0,0.0,c:\Users\user\Documents\HSFlensburgMaster\Sommersemester2026\AdvancedDeepLearning\Projekt\Exoplanets\data\interim\spoc120_dataset_generation\samples\toi_4471_01.npz
1262,4472.01,63211674,KP,8.6004516,2459422.501343,8.950521,3575.6614227,13.1981,6011.95,2.3108399,292.287301,43.197254,2021-10-07 00:18:58,2023-03-15 16:02:02,1,ok,True,8,0,train,1316,40,success,0,0,19611,0.0,0.0,0.0,c:\Users\user\Documents\HSFlensburgMaster\Sommersemester2026\AdvancedDeepLearning\Projekt\Exoplanets\data\interim\spoc120_dataset_generation\samples\toi_4472_01.npz
1263,4473.01,122441491,KP,3.7970076,2459420.412953,2.5256778,16421.7314916,14.148,5211.36,0.832631,290.357978,40.567697,2021-10-07 00:18:58,2023-03-15 16:02:02,1,ok,True,8,8,train,1317,40,success,0,0,19609,0.0,0.0,0.0,c:\Users\user\Documents\HSFlensburgMaster\Sommersemester2026\AdvancedDeepLearning\Projekt\Exoplanets\data\interim\spoc120_dataset_generation\samples\toi_4473_01.npz
1264,4474.01,264508014,KP,3.3119026,2459422.509996,1.181072,7620.7493837,13.692,5355.0,1.09206,298.62498,48.57745,2021-10-07 00:18:58,2023-03-15 16:02:02,1,ok,True,8,3,train,1318,41,success,0,0,18320,0.0,0.0,0.0,c:\Users\user\Documents\HSFlensburgMaster\Sommersemester2026\AdvancedDeepLearning\Projekt\Exoplanets\data\interim\spoc120_dataset_generation\samples\toi_4474_01.npz
1265,4475.01,159098316,KP,3.578757,2459422.607769,3.1806502,11391.7385882,13.4231,5482.59,1.06062,289.607943,44.345435,2021-10-07 00:18:58,2023-03-15 16:02:02,1,ok,True,7,7,train,1319,40,success,0,0,19611,0.0,0.0,0.0,c:\Users\user\Documents\HSFlensburgMaster\Sommersemester2026\AdvancedDeepLearning\Projekt\Exoplanets\data\interim\spoc120_dataset_generation\samples\toi_4475_01.npz
1266,4476.01,399794420,KP,1.5947535,2459421.077646,1.94145,15065.2565497,15.0236,5703.0,1.15986,285.213819,39.027466,2021-10-07 00:18:58,2023-03-15 16:02:02,1,ok,True,7,17,test,1320,40,success,0,0,19610,0.0,0.0,0.0,c:\Users\user\Documents\HSFlensburgMaster\Sommersemester2026\AdvancedDeepLearning\Projekt\Exoplanets\data\interim\spoc120_dataset_generation\samples\toi_4476_01.npz
1267,4477.01,64531556,FP,7.8127906,2459813.939921,6.304,8120.0,11.7018,8451.0,2.38,309.461444,37.155939,2021-10-07 00:18:58,2024-08-27 12:02:45,0,ok,True,4,15,validation,1321,41,success,0,0,18322,0.0,0.0,0.0,c:\Users\user\Documents\HSFlensburgMaster\Sommersemester2026\AdvancedDeepLearning\Projekt\Exoplanets\data\interim\spoc120_dataset_generation\samples\toi_4477_01.npz
1268,4479.01,126606859,CP,1.1589013,2459797.406342,1.1688702,3470.6759302,12.9374,3449.0,0.427389,316.096939,24.653674,2021-10-07 00:18:59,2023-03-16 10:10:02,1,ok,True,3,6,train,1322,41,success,0,0,18319,0.0,0.0,0.0,c:\Users\user\Documents\HSFlensburgMaster\Sommersemester2026\AdvancedDeepLearning\Projekt\Exoplanets\data\interim\spoc120_dataset_generation\samples\toi_4479_01.npz
1269,448.01,1528696,CP,0.8820624,2458438.402842,0.5759672,11755.4509288,13.1686,4669.0,0.782888,75.795382,-30.399461,2019-02-08 16:19:52,2024-09-10 10:08:02,1,ok,True,3,4,train,1323,5,success,0,0,17082,0.0,0.0,0.0,c:\Users\user\Documents\HSFlensburgMaster\Sommersemester2026\AdvancedDeepLearning\Projekt\Exoplanets\data\interim\spoc120_dataset_generation\samples\toi_448_01.npz
1270,4480.01,377873569,KP,3.8493846,2459771.442186,2.6908269,1372.2876678,11.0418,5843.47,3.9119101,294.356556,38.947342,2021-10-07 00:18:59,2023-03-15 16:02:02,1,ok,True,7,8,train,1324,41,success,0,0,18322,0.0,0.0,0.0,c:\Users\user\Documents\HSFlensburgMaster\Sommersemester2026\AdvancedDeepLearning\Projekt\Exoplanets\data\interim\spoc120_dataset_generation\samples\toi_4480_01.npz
1271,4481.01,239332587,CP,0.9263237,2460559.015552,0.81,952.0,8.72762,3573.0,0.43,311.2697,44.500235,2021-10-07 00:18:59,2025-04-21 12:03:49,1,ok,True,7,18,test,1325,41,success,0,0,18322,0.0,0.0,0.0,c:\Users\user\Documents\HSFlensburgMaster\Sommersemester2026\AdvancedDeepLearning\Projekt\Exoplanets\data\interim\spoc120_dataset_generation\samples\toi_4481_01.npz
1272,4482.01,27990610,KP,2.8164979,2459772.312716,2.6896665,19270.727034,14.4889,5413.0,1.0130399,297.015464,49.225299,2021-10-07 00:18:59,2023-03-15 16:02:02,1,ok,True,10,9,train,1326,41,success,0,0,18320,0.0,0.0,0.0,c:\Users\user\Documents\HSFlensburgMaster\Sommersemester2026\AdvancedDeepLearning\Projekt\Exoplanets\data\interim\spoc120_dataset_generation\samples\toi_4482_01.npz
1273,4483.01,209752908,KP,1.752217,2459420.283409,2.1714375,77630.4124578,15.1403,4355.0,0.740712,297.790921,16.912568,2021-10-07 00:18:59,2023-03-15 16:02:02,1,ok,True,2,12,train,1327,41,success,0,0,18322,0.0,0.0,0.0,c:\Users\user\Documents\HSFlensburgMaster\Sommersemester2026\AdvancedDeepLearning\Projekt\Exoplanets\data\interim\spoc120_dataset_generation\samples\toi_4483_01.npz
1274,4485.01,137903329,KP,7.3405675,2459423.155978,3.2557004,11139.7005929,13.9154,5828.81,1.4372801,293.092528,41.35551,2021-10-07 00:18:59,2023-03-15 16:02:02,1,ok,True,8,14,validation,1328,40,success,0,0,19611,0.0,0.0,0.0,c:\Users\user\Documents\HSFlensburgMaster\Sommersemester2026\AdvancedDeepLearning\Projekt\Exoplanets\data\interim\spoc120_dataset_generation\samples\toi_4485_01.npz
1275,471.01,47911178,KP,3.5857076,2459223.302264,2.7072065,11813.302926,9.79059,6400.0,1.34556,98.351102,-23.486086,2019-02-27 22:16:31,2021-10-29 12:59:15,1,ok,True,2,9,train,1329,6,success,0,0,14581,0.0,0.0,0.0,c:\Users\user\Documents\HSFlensburgMaster\Sommersemester2026\AdvancedDeepLearning\Projekt\Exoplanets\data\interim\spoc120_dataset_generation\samples\toi_471_01.npz
1276,400.01,35857242,KP,3.6344447,2459169.279248,3.871,9230.0,11.3161,6272.0,1.42,41.63916,-0.464125,2019-02-08 20:04:48,2021-10-29 12:59:15,1,ok,True,2,18,test,1330,4,success,0,0,14806,0.0,0.0,0.0,c:\Users\user\Documents\HSFlensburgMaster\Sommersemester2026\AdvancedDeepLearning\Projekt\Exoplanets\data\interim\spoc120_dataset_generation\samples\toi_400_01.npz
1277,4000.01,283015592,FP,3.7027104,2459879.948933,3.572,12813.0,12.5696,7493.0,1.9,0.974631,64.77632,2021-06-23 15:24:23,2025-11-08 12:04:05,0,ok,True,5,0,train,1331,57,success,0,0,17991,0.0,0.0,0.0,c:\Users\user\Documents\HSFlensburgMaster\Sommersemester2026\AdvancedDeepLearning\Projekt\Exoplanets\data\interim\spoc120_dataset_generation\samples\toi_4000_01.npz
1278,4002.01,83053699,FP,3.3378852,2459876.382409,3.261,5564.0,12.9214,6274.0,2.15,2.335558,60.159078,2021-06-23 15:24:23,2024-08-22 10:08:01,0,ok,True,4,6,train,1332,57,success,0,0,17991,0.0,0.0,0.0,c:\Users\user\Documents\HSFlensburgMaster\Sommersemester2026\AdvancedDeepLearning\Projekt\Exoplanets\data\interim\spoc120_dataset_generation\samples\toi_4002_01.npz
1279,4005.01,395773226,FP,3.8471662,2459008.270987,2.214,1770.0,11.7899,5115.0,1.69,34.119911,76.253181,2021-06-23 15:25:54,2024-08-22 10:08:01,0,ok,True,1,16,validation,1333,52,success,0,0,16749,0.0,0.0,0.0,c:\Users\user\Documents\HSFlensburgMaster\Sommersemester2026\AdvancedDeepLearning\Projekt\Exoplanets\data\interim\spoc120_dataset_generation\samples\toi_4005_01.npz
1280,4006.01,390048041,FA,3.0491667,2459720.303663,4.0262835,6641.051542,12.715,4579.5,,23.9436,65.638786,2021-06-23 15:25:54,2022-12-12 16:02:01,0,ok,True,3,18,test,1334,52,success,0,0,16749,0.0,0.0,0.0,c:\Users\user\Documents\HSFlensburgMaster\Sommersemester2026\AdvancedDeepLearning\Projekt\Exoplanets\data\interim\spoc120_dataset_generation\samples\toi_4006_01.npz
1281,4008.01,379629854,FP,2.8278059,2459008.075403,2.174,650.0,10.702,6603.0,1.62,34.293884,70.39598,2021-06-23 15:25:55,2024-08-22 10:08:01,0,ok,True,5,3,train,1335,52,success,0,0,15333,0.0,0.0,0.0,c:\Users\user\Documents\HSFlensburgMaster\Sommersemester2026\AdvancedDeepLearning\Projekt\Exoplanets\data\interim\spoc120_dataset_generation\samples\toi_4008_01.npz
1282,401.01,259701242,FP,2.4854887,2460984.002776,2.5647259,190.9708134,8.235,5928.0,0.96,74.466453,-53.817948,2019-01-24 19:35:19,2026-04-18 10:08:02,0,ok,True,16,1,train,1336,3,success,0,0,12948,0.0,0.0,0.0,c:\Users\user\Documents\HSFlensburgMaster\Sommersemester2026\AdvancedDeepLearning\Projekt\Exoplanets\data\interim\spoc120_dataset_generation\samples\toi_401_01.npz
1283,4010.01,352682207,CP,5.4146235,2459720.20187,2.9417261,4983.0756289,11.5163,4888.0,0.880213,20.21482,66.072201,2021-06-23 15:25:55,2024-09-07 10:08:02,1,ok,True,4,12,train,1337,52,success,0,0,16340,0.0,0.0,0.0,c:\Users\user\Documents\HSFlensburgMaster\Sommersemester2026\AdvancedDeepLearning\Projekt\Exoplanets\data\interim\spoc120_dataset_generation\samples\toi_4010_01.npz
1284,4010.02,352682207,CP,14.7091662,2459721.424279,3.6278152,5047.9326311,11.5163,4888.0,0.880213,20.21482,66.072201,2021-06-23 15:25:55,2024-09-07 10:08:02,1,ok,True,4,12,train,1338,52,success,15,0,16340,7.462686567164178,0.0,7.462686567164178,c:\Users\user\Documents\HSFlensburgMaster\Sommersemester2026\AdvancedDeepLearning\Projekt\Exoplanets\data\interim\spoc120_dataset_generation\samples\toi_4010_02.npz
1285,4010.03,352682207,CP,1.3483075,2459741.038966,1.7568331,1206.3535884,11.5163,4888.0,0.880213,20.21482,66.072201,2021-07-08 23:10:26,2024-09-07 10:08:02,1,ok,True,4,12,train,1339,52,success,0,0,16340,0.0,0.0,0.0,c:\Users\user\Documents\HSFlensburgMaster\Sommersemester2026\AdvancedDeepLearning\Projekt\Exoplanets\data\interim\spoc120_dataset_generation\samples\toi_4010_03.npz
1286,4257.01,75208638,FP,4.6512523,2459990.712909,2.251,3110.0,11.7159,7192.0,1.1,138.741096,-45.122969,2021-07-12 14:44:38,2024-08-22 10:08:01,0,ok,True,2,9,train,1340,62,success,0,0,16641,0.0,0.0,0.0,c:\Users\user\Documents\HSFlensburgMaster\Sommersemester2026\AdvancedDeepLearning\Projekt\Exoplanets\data\interim\spoc120_dataset_generation\samples\toi_4257_01.npz
1287,4261.01,74197917,FP,1.5040804,2460015.834821,2.955,6130.0,13.7682,3810.2,,137.285031,-46.184649,2021-07-12 14:44:38,2024-08-22 10:08:01,0,ok,True,2,3,train,1341,62,success,0,0,16413,0.0,0.0,0.0,c:\Users\user\Documents\HSFlensburgMaster\Sommersemester2026\AdvancedDeepLearning\Projekt\Exoplanets\data\interim\spoc120_dataset_generation\samples\toi_4261_01.npz
1288,4263.01,48276576,FP,0.8334976,2459989.054751,1.452144,3841.4834968,13.5379,6071.0,1.3925,148.08664,-34.95789,2021-07-12 14:44:39,2025-05-03 12:03:17,0,ok,True,3,13,train,1342,62,success,0,0,15791,0.0,0.0,0.0,c:\Users\user\Documents\HSFlensburgMaster\Sommersemester2026\AdvancedDeepLearning\Projekt\Exoplanets\data\interim\spoc120_dataset_generation\samples\toi_4263_01.npz
1289,4265.01,118308828,FP,3.7353995,2459301.93331,1.836,2360.0,12.1162,5895.0,1.53,128.701521,-56.331828,2021-07-12 14:48:48,2025-03-01 12:03:38,0,ok,True,5,6,train,1343,61,success,0,0,15857,0.0,0.0,0.0,c:\Users\user\Documents\HSFlensburgMaster\Sommersemester2026\AdvancedDeepLearning\Projekt\Exoplanets\data\interim\spoc120_dataset_generation\samples\toi_4265_01.npz
1290,4270.01,151920165,CP,3.4671474,2459303.974235,2.405,4770.0,12.5695,5886.0,1.58,168.563889,-37.910133,2021-07-12 14:48:48,2024-08-22 10:08:01,1,ok,True,4,13,train,1344,63,success,0,0,18256,0.0,0.0,0.0,c:\Users\user\Documents\HSFlensburgMaster\Sommersemester2026\AdvancedDeepLearning\Projekt\Exoplanets\data\interim\spoc120_dataset_generation\samples\toi_4270_01.npz
1291,4486.01,99224131,KP,2.6915408,2460558.071975,3.986,7265.0,9.93225,6955.0,1.96,305.441329,26.692676,2021-10-07 00:19:00,2024-11-05 10:08:02,1,ok,True,4,10,train,1345,41,success,0,0,18322,0.0,0.0,0.0,c:\Users\user\Documents\HSFlensburgMaster\Sommersemester2026\AdvancedDeepLearning\Projekt\Exoplanets\data\interim\spoc120_dataset_generation\samples\toi_4486_01.npz
1292,4488.01,269269546,KP,4.45417,2459798.529256,2.27143,21409.0524466,14.3945,5353.54,0.922087,299.905917,45.43961,2021-10-07 00:19:00,2023-03-15 16:02:02,1,ok,True,7,16,validation,1346,41,success,0,0,18321,0.0,0.0,0.0,c:\Users\user\Documents\HSFlensburgMaster\Sommersemester2026\AdvancedDeepLearning\Projekt\Exoplanets\data\interim\spoc120_dataset_generation\samples\toi_4488_01.npz
1293,4489.01,267572272,KP,2.7974757,2459911.038989,2.2149132,18699.8504805,12.7678,5477.0,0.867368,284.296039,51.269121,2021-10-07 00:19:00,2023-03-15 16:02:02,1,ok,True,11,8,train,1347,26,success,0,0,14518,0.0,0.0,0.0,c:\Users\user\Documents\HSFlensburgMaster\Sommersemester2026\AdvancedDeepLearning\Projekt\Exoplanets\data\interim\spoc120_dataset_generation\samples\toi_4489_01.npz
1294,449.01,139528693,KP,2.1751729,2459175.58961,4.7918806,7780.6435196,11.8282,6291.0,2.0625999,63.756266,-22.11639,2019-02-08 16:19:52,2021-12-02 16:02:01,1,ok,True,3,16,validation,1348,5,success,0,0,16983,0.0,0.0,0.0,c:\Users\user\Documents\HSFlensburgMaster\Sommersemester2026\AdvancedDeepLearning\Projekt\Exoplanets\data\interim\spoc120_dataset_generation\samples\toi_449_01.npz
1295,4490.01,268924036,KP,2.0523417,2459421.60304,2.1224957,34476.0907387,14.7344,5767.0,1.16875,299.561868,43.503517,2021-10-07 00:19:00,2023-03-15 16:02:02,1,ok,True,7,12,train,1349,41,success,0,0,18322,0.0,0.0,0.0,c:\Users\user\Documents\HSFlensburgMaster\Sommersemester2026\AdvancedDeepLearning\Projekt\Exoplanets\data\interim\spoc120_dataset_generation\samples\toi_4490_01.npz
1296,4491.01,193336820,CP,5.006622,2460550.715057,1.66,1290.0,10.4382,4006.0,0.6,305.689744,47.308619,2021-10-07 00:20:04,2025-07-22 12:04:25,1,ok,True,5,1,train,1350,56,success,0,0,19612,0.0,0.0,0.0,c:\Users\user\Documents\HSFlensburgMaster\Sommersemester2026\AdvancedDeepLearning\Projekt\Exoplanets\data\interim\spoc120_dataset_generation\samples\toi_4491_01.npz
1297,4492.01,298297931,CP,4.4331838,2460555.320385,3.856,9166.0,9.63105,5667.0,1.26,308.6508,29.238102,2021-10-07 00:20:04,2026-07-24 12:04:08,1,ok,True,1,14,validation,1351,82,success,0,0,18137,0.0,0.0,0.0,c:\Users\user\Documents\HSFlensburgMaster\Sommersemester2026\AdvancedDeepLearning\Projekt\Exoplanets\data\interim\spoc120_dataset_generation\samples\toi_4492_01.npz
1298,4495.01,120826158,CP,5.1830043,2459765.914829,2.783,670.0,9.00568,6156.0,1.34,286.362495,37.02599,2021-10-07 00:20:04,2022-10-05 10:10:01,1,ok,True,7,17,test,1352,14,success,0,0,11996,0.0,0.0,0.0,c:\Users\user\Documents\HSFlensburgMaster\Sommersemester2026\AdvancedDeepLearning\Projekt\Exoplanets\data\interim\spoc120_dataset_generation\samples\toi_4495_01.npz
1299,4498.01,305943739,FP,5.3073459,2459441.270166,3.714,200.0,7.948,5821.4,1.42,295.468588,23.377283,2021-10-07 00:20:05,2021-10-29 12:59:15,0,ok,True,2,18,test,1353,40,success,0,0,19607,0.0,0.0,0.0,c:\Users\user\Documents\HSFlensburgMaster\Sommersemester2026\AdvancedDeepLearning\Projekt\Exoplanets\data\interim\spoc120_dataset_generation\samples\toi_4498_01.npz
1300,473.01,52640302,KP,1.5732848,2459229.48943,2.4285285,16875.7909849,12.0506,5400.0,1.09539,101.114922,-32.858388,2019-02-22 14:51:22,2021-10-29 12:59:15,1,ok,True,5,7,train,1354,6,success,0,0,14610,0.0,0.0,0.0,c:\Users\user\Documents\HSFlensburgMaster\Sommersemester2026\AdvancedDeepLearning\Projekt\Exoplanets\data\interim\spoc120_dataset_generation\samples\toi_473_01.npz
1301,4737.01,142532090,CP,9.3202467,2459222.401832,4.963,2200.0,11.992,5916.0,1.67,103.410508,-13.436384,2021-12-21 00:34:54,2025-01-20 12:03:29,1,ok,True,1,13,train,1355,87,success,0,0,14680,0.0,0.0,0.0,c:\Users\user\Documents\HSFlensburgMaster\Sommersemester2026\AdvancedDeepLearning\Projekt\Exoplanets\data\interim\spoc120_dataset_generation\samples\toi_4737_01.npz
1302,4019.01,284305328,FP,2.2963814,2459883.460104,2.649,7950.0,12.6967,6620.0,1.87,9.170845,65.937486,2021-06-23 15:25:57,2024-12-16 12:03:24,0,ok,True,2,17,test,1356,58,success,0,0,18939,0.0,0.0,0.0,c:\Users\user\Documents\HSFlensburgMaster\Sommersemester2026\AdvancedDeepLearning\Projekt\Exoplanets\data\interim\spoc120_dataset_generation\samples\toi_4019_01.npz
1303,402.01,120896927,CP,4.7559995,2460984.453442,2.4468544,360.5191272,8.3157,5175.2,0.841842,36.867885,-27.636117,2019-01-31 17:54:46,2026-04-17 16:00:02,1,ok,True,5,5,train,1357,3,success,0,0,13032,0.0,0.0,0.0,c:\Users\user\Documents\HSFlensburgMaster\Sommersemester2026\AdvancedDeepLearning\Projekt\Exoplanets\data\interim\spoc120_dataset_generation\samples\toi_402_01.npz
1304,402.02,120896927,CP,17.1796673,2460974.324328,2.1061533,561.3005312,8.3157,5175.2,0.841842,36.867885,-27.636117,2019-01-31 17:54:46,2026-03-03 10:08:02,1,ok,True,5,5,train,1358,3,success,21,0,13032,10.44776119402985,0.0,10.44776119402985,c:\Users\user\Documents\HSFlensburgMaster\Sommersemester2026\AdvancedDeepLearning\Projekt\Exoplanets\data\interim\spoc120_dataset_generation\samples\toi_402_02.npz
1305,4020.01,10974783,FA,3.2174446,2459719.596851,3.8917348,11554.503179,11.852,,,29.423058,63.904389,2021-06-23 15:25:57,2025-07-01 10:08:01,0,ok,True,2,8,train,1359,52,success,0,0,16749,0.0,0.0,0.0,c:\Users\user\Documents\HSFlensburgMaster\Sommersemester2026\AdvancedDeepLearning\Projekt\Exoplanets\data\interim\spoc120_dataset_generation\samples\toi_4020_01.npz
1306,4275.01,363635669,FP,0.7617828,2460015.058745,2.0029797,3487.6353826,12.2951,6132.7,,147.713157,-62.203109,2021-07-12 14:50:51,2025-02-06 12:03:34,0,ok,True,3,5,train,1360,63,success,0,0,18358,0.0,0.0,0.0,c:\Users\user\Documents\HSFlensburgMaster\Sommersemester2026\AdvancedDeepLearning\Projekt\Exoplanets\data\interim\spoc120_dataset_generation\samples\toi_4275_01.npz
1307,4279.01,407146536,FP,2.0976705,2459385.924603,3.3618036,2503.6856881,11.2851,5914.8,2.7729599,235.165334,-81.203316,2021-07-12 14:52:23,2025-09-05 16:00:02,0,ok,True,4,18,test,1361,39,success,0,0,19333,0.0,0.0,0.0,c:\Users\user\Documents\HSFlensburgMaster\Sommersemester2026\AdvancedDeepLearning\Projekt\Exoplanets\data\interim\spoc120_dataset_generation\samples\toi_4279_01.npz
1308,4281.01,384386061,FP,5.7626055,2459380.93326,3.963,7420.0,13.1335,5558.7,,249.368745,-80.974073,2021-07-12 14:52:23,2025-07-22 12:04:25,0,ok,True,5,0,train,1362,66,success,0,0,14470,0.0,0.0,0.0,c:\Users\user\Documents\HSFlensburgMaster\Sommersemester2026\AdvancedDeepLearning\Projekt\Exoplanets\data\interim\spoc120_dataset_generation\samples\toi_4281_01.npz
1309,4500.01,406190563,FP,1.773346,2459446.222222,3.291,710.0,10.351,6802.0,3.08,306.244087,30.348186,2021-10-07 00:20:05,2024-04-19 12:02:57,0,ok,True,2,5,train,1363,81,success,0,0,13736,0.0,0.0,0.0,c:\Users\user\Documents\HSFlensburgMaster\Sommersemester2026\AdvancedDeepLearning\Projekt\Exoplanets\data\interim\spoc120_dataset_generation\samples\toi_4500_01.npz
1310,4502.01,239372503,FP,0.8560277,2460366.918358,1.587,247.0,8.716291,11798.0,2.38,311.435385,43.445151,2021-10-07 00:20:05,2024-04-18 10:08:02,0,ok,True,4,6,train,1364,75,success,0,0,19474,0.0,0.0,0.0,c:\Users\user\Documents\HSFlensburgMaster\Sommersemester2026\AdvancedDeepLearning\Projekt\Exoplanets\data\interim\spoc120_dataset_generation\samples\toi_4502_01.npz
1311,4504.02,349972412,CP,2.4261538,2459038.460359,2.1344641,754.8303067,12.5542,5271.0,0.960919,114.467307,-62.078278,2021-10-21 22:48:36,2025-04-21 12:03:49,1,ok,True,29,9,train,1366,27,success,0,0,13540,0.0,0.0,0.0,c:\Users\user\Documents\HSFlensburgMaster\Sommersemester2026\AdvancedDeepLearning\Projekt\Exoplanets\data\interim\spoc120_dataset_generation\samples\toi_4504_02.npz
1312,451.01,257605131,CP,16.364873,2458416.634939,4.0478302,2075.0944118,10.2666,5481.0,0.856226,62.966385,-37.93973,2019-01-31 16:53:30,2021-10-29 12:59:15,1,ok,True,3,19,test,1368,4,success,35,0,14790,17.412935323383085,0.0,17.412935323383085,c:\Users\user\Documents\HSFlensburgMaster\Sommersemester2026\AdvancedDeepLearning\Projekt\Exoplanets\data\interim\spoc120_dataset_generation\samples\toi_451_01.npz
1313,451.02,257605131,CP,1.8586624,2458410.999327,2.0525797,497.6683497,10.2666,5481.0,0.856226,62.966385,-37.93973,2021-07-28 20:17:26,2021-10-29 12:59:15,1,ok,True,3,19,test,1369,4,success,0,0,14790,0.0,0.0,0.0,c:\Users\user\Documents\HSFlensburgMaster\Sommersemester2026\AdvancedDeepLearning\Projekt\Exoplanets\data\interim\spoc120_dataset_generation\samples\toi_451_02.npz
1314,451.03,257605131,CP,9.1910792,2458411.806253,3.055677,940.8500219,10.2666,5481.0,0.856226,62.966385,-37.93973,2021-07-28 20:17:26,2021-10-29 12:59:15,1,ok,True,3,19,test,1370,4,success,0,0,14790,0.0,0.0,0.0,c:\Users\user\Documents\HSFlensburgMaster\Sommersemester2026\AdvancedDeepLearning\Projekt\Exoplanets\data\interim\spoc120_dataset_generation\samples\toi_451_03.npz
1315,4759.01,49705089,CP,9.6578504,2459226.011756,5.943,2300.0,12.2627,5557.0,2.09,95.934296,-24.024654,2021-12-21 00:35:03,2025-01-20 12:03:29,1,ok,True,1,12,train,1371,87,success,0,0,14251,0.0,0.0,0.0,c:\Users\user\Documents\HSFlensburgMaster\Sommersemester2026\AdvancedDeepLearning\Projekt\Exoplanets\data\interim\spoc120_dataset_generation\samples\toi_4759_01.npz
1316,477.01,170102285,KP,2.9444273,2458470.661116,2.4478494,20291.3838652,11.7583,5150.0,0.88727,101.127503,-42.76223,2019-02-27 22:16:31,2024-09-19 10:08:01,1,ok,True,5,10,train,1372,6,success,0,0,14537,0.0,0.0,0.0,c:\Users\user\Documents\HSFlensburgMaster\Sommersemester2026\AdvancedDeepLearning\Projekt\Exoplanets\data\interim\spoc120_dataset_generation\samples\toi_477_01.npz
1317,403.01,257567854,KP,3.532822,2458411.901592,3.44312,11283.619423,11.185,6153.0,1.25,52.818037,-23.819792,2019-02-08 20:04:48,2024-09-19 10:08:01,1,ok,True,2,11,train,1373,4,success,0,0,14738,0.0,0.0,0.0,c:\Users\user\Documents\HSFlensburgMaster\Sommersemester2026\AdvancedDeepLearning\Projekt\Exoplanets\data\interim\spoc120_dataset_generation\samples\toi_403_01.npz
1318,4036.01,367913453,FP,2.7761628,2459008.757118,2.139,1340.0,12.3618,5778.0,1.84,355.51293,76.918784,2021-06-23 15:26:00,2024-08-22 10:08:01,0,ok,True,1,12,train,1374,52,success,0,0,16553,0.0,0.0,0.0,c:\Users\user\Documents\HSFlensburgMaster\Sommersemester2026\AdvancedDeepLearning\Projekt\Exoplanets\data\interim\spoc120_dataset_generation\samples\toi_4036_01.npz
1319,4037.01,367287018,FP,4.7257129,2459740.358181,2.701,1740.0,11.3896,6139.0,2.48,342.552349,75.860399,2021-06-23 15:26:01,2024-08-22 10:08:01,0,ok,True,6,19,test,1375,52,success,0,0,16749,0.0,0.0,0.0,c:\Users\user\Documents\HSFlensburgMaster\Sommersemester2026\AdvancedDeepLearning\Projekt\Exoplanets\data\interim\spoc120_dataset_generation\samples\toi_4037_01.npz
1320,404.01,166833457,KP,2.9626402,2459168.63923,1.9096724,27118.3262165,12.3943,5473.0,0.718635,58.429011,-34.328272,2019-02-08 20:04:48,2024-04-26 10:08:02,1,ok,True,3,7,train,1376,4,success,0,0,14563,0.0,0.0,0.0,c:\Users\user\Documents\HSFlensburgMaster\Sommersemester2026\AdvancedDeepLearning\Projekt\Exoplanets\data\interim\spoc120_dataset_generation\samples\toi_404_01.npz
1321,4044.01,307956396,FP,4.1508803,2459001.28404,2.256,12290.0,13.2653,4460.0,0.73,256.664332,63.778535,2021-06-23 15:26:02,2024-08-22 10:08:01,0,ok,True,9,5,train,1377,73,success,0,0,11157,0.0,0.0,0.0,c:\Users\user\Documents\HSFlensburgMaster\Sommersemester2026\AdvancedDeepLearning\Projekt\Exoplanets\data\interim\spoc120_dataset_generation\samples\toi_4044_01.npz
1322,4292.01,255918903,FP,1.7201092,2460098.853045,2.622,7570.0,13.0566,5878.0,1.13,266.633808,-70.409811,2021-07-12 14:52:25,2026-05-07 10:08:02,0,ok,True,1,10,train,1378,66,success,0,0,13535,0.0,0.0,0.0,c:\Users\user\Documents\HSFlensburgMaster\Sommersemester2026\AdvancedDeepLearning\Projekt\Exoplanets\data\interim\spoc120_dataset_generation\samples\toi_4292_01.npz
1323,4294.01,30499203,FP,2.4330551,2458677.763801,1.882,15280.0,13.5137,5512.0,,285.628501,-31.54321,2021-07-12 14:52:25,2026-07-10 12:04:13,0,ok,True,3,7,train,1379,67,success,0,0,14117,0.0,0.0,0.0,c:\Users\user\Documents\HSFlensburgMaster\Sommersemester2026\AdvancedDeepLearning\Projekt\Exoplanets\data\interim\spoc120_dataset_generation\samples\toi_4294_01.npz
1324,4296.01,72668830,FA,19.9706574,2458399.48997,1.8801996,1037.3799062,10.4161,4985.0,0.899081,33.449996,-27.867678,2021-07-15 23:41:32,2026-04-09 16:00:01,0,ok,True,4,4,train,1380,3,success,20,0,12910,9.950248756218906,0.0,9.950248756218906,c:\Users\user\Documents\HSFlensburgMaster\Sommersemester2026\AdvancedDeepLearning\Projekt\Exoplanets\data\interim\spoc120_dataset_generation\samples\toi_4296_01.npz
1325,430.01,459942762,FP,0.58644,2458438.83761,1.441,443.281,8.2482,5997.7,1.0,60.278439,4.540868,2019-02-08 16:19:52,2021-12-07 16:02:02,0,ok,True,2,1,train,1381,5,success,0,0,17277,0.0,0.0,0.0,c:\Users\user\Documents\HSFlensburgMaster\Sommersemester2026\AdvancedDeepLearning\Projekt\Exoplanets\data\interim\spoc120_dataset_generation\samples\toi_430_01.npz
1326,4304.01,366443426,KP,15.5718552,2460266.657375,4.931,380.0,8.4642,6352.33,1.31,126.615828,10.080371,2021-07-19 00:13:44,2024-02-01 16:02:02,1,ok,True,8,8,train,1382,7,success,21,0,16341,10.44776119402985,0.0,10.44776119402985,c:\Users\user\Documents\HSFlensburgMaster\Sommersemester2026\AdvancedDeepLearning\Projekt\Exoplanets\data\interim\spoc120_dataset_generation\samples\toi_4304_01.npz
1327,4512.01,243014114,KP,19.5620458,2459450.83655,6.4231417,1397.8148985,11.2723,4246.8,0.758892,60.792973,16.347166,2021-10-21 22:56:06,2024-11-25 16:02:01,1,ok,True,4,19,test,1383,42,success,43,0,14102,21.393034825870647,0.0,21.393034825870647,c:\Users\user\Documents\HSFlensburgMaster\Sommersemester2026\AdvancedDeepLearning\Projekt\Exoplanets\data\interim\spoc120_dataset_generation\samples\toi_4512_01.npz
1328,4514.01,436875934,KP,2.7535993,2459883.369678,2.141,14460.0,13.1361,5032.08,0.86,42.721741,29.022249,2021-10-21 22:56:07,2023-03-22 16:02:02,1,ok,True,5,6,train,1384,42,success,0,0,14129,0.0,0.0,0.0,c:\Users\user\Documents\HSFlensburgMaster\Sommersemester2026\AdvancedDeepLearning\Projekt\Exoplanets\data\interim\spoc120_dataset_generation\samples\toi_4514_01.npz
1329,4516.01,85593751,KP,3.7224626,2459885.541633,2.595678,19962.6105832,10.9332,4926.0,0.82064,47.368947,30.673382,2021-10-21 22:56:07,2023-03-10 10:10:02,1,ok,True,3,18,test,1386,42,success,0,0,13080,0.0,0.0,0.0,c:\Users\user\Documents\HSFlensburgMaster\Sommersemester2026\AdvancedDeepLearning\Projekt\Exoplanets\data\interim\spoc120_dataset_generation\samples\toi_4516_01.npz
1330,4517.01,301289516,KP,1.2089755,2460231.733831,1.286,668.0,9.0684,4199.0,0.63,351.771776,-1.285343,2021-10-21 22:56:07,2023-12-14 16:02:02,1,ok,True,3,19,test,1387,42,success,0,0,11274,0.0,0.0,0.0,c:\Users\user\Documents\HSFlensburgMaster\Sommersemester2026\AdvancedDeepLearning\Projekt\Exoplanets\data\interim\spoc120_dataset_generation\samples\toi_4517_01.npz
1331,4518.01,398572544,KP,3.408833,2460229.806391,3.163,16032.0,11.6238,6134.0,1.11,353.616269,-1.579985,2021-10-21 22:56:07,2023-12-14 16:02:02,1,ok,True,3,18,test,1388,42,success,0,0,11098,0.0,0.0,0.0,c:\Users\user\Documents\HSFlensburgMaster\Sommersemester2026\AdvancedDeepLearning\Projekt\Exoplanets\data\interim\spoc120_dataset_generation\samples\toi_4518_01.npz
1332,452.01,139733308,KP,4.7633952,2459174.695544,3.0078272,13160.629831,11.9012,5258.0,0.87551,67.222847,-21.482057,2019-02-08 16:19:52,2021-12-02 16:02:01,1,ok,True,3,0,train,1389,5,success,0,0,17142,0.0,0.0,0.0,c:\Users\user\Documents\HSFlensburgMaster\Sommersemester2026\AdvancedDeepLearning\Projekt\Exoplanets\data\interim\spoc120_dataset_generation\samples\toi_452_01.npz
1333,4520.01,404243877,KP,3.2047072,2460227.357032,3.331,7448.0,13.1749,5342.0,,347.704316,-7.857559,2021-10-21 22:56:07,2023-12-14 16:02:02,1,ok,True,2,5,train,1390,42,success,0,0,8961,0.0,0.0,0.0,c:\Users\user\Documents\HSFlensburgMaster\Sommersemester2026\AdvancedDeepLearning\Projekt\Exoplanets\data\interim\spoc120_dataset_generation\samples\toi_4520_01.npz
1334,4521.01,439842788,KP,3.0717182,2459450.367505,1.5983426,14228.6266087,11.4825,5082.0,0.848394,334.796989,-1.83443,2021-10-21 22:56:07,2023-03-15 16:02:02,1,ok,True,4,12,train,1391,42,success,0,0,9399,0.0,0.0,0.0,c:\Users\user\Documents\HSFlensburgMaster\Sommersemester2026\AdvancedDeepLearning\Projekt\Exoplanets\data\interim\spoc120_dataset_generation\samples\toi_4521_01.npz
1335,4522.01,369480087,FP,0.3643225,2459447.841312,0.2120684,38216.7895418,15.6615,3473.0,0.347331,23.304228,5.645209,2021-10-21 22:56:07,2021-11-12 12:01:59,0,ok,True,3,17,test,1392,42,success,0,0,13072,0.0,0.0,0.0,c:\Users\user\Documents\HSFlensburgMaster\Sommersemester2026\AdvancedDeepLearning\Projekt\Exoplanets\data\interim\spoc120_dataset_generation\samples\toi_4522_01.npz
1336,4523.01,427332229,KP,2.7186256,2459498.195167,2.129,13160.0,11.021,6427.0,1.03,3.961707,1.200512,2021-10-21 22:56:08,2022-09-21 10:10:02,1,ok,True,1,0,train,1393,42,success,0,0,10987,0.0,0.0,0.0,c:\Users\user\Documents\HSFlensburgMaster\Sommersemester2026\AdvancedDeepLearning\Projekt\Exoplanets\data\interim\spoc120_dataset_generation\samples\toi_4523_01.npz
1337,4524.01,333657795,CP,0.9260632,2460233.36735,1.035,221.0,8.1359,5640.0,1.11,49.178124,15.656354,2021-10-21 22:56:08,2023-12-06 16:02:01,1,ok,True,4,17,test,1394,42,success,0,0,14105,0.0,0.0,0.0,c:\Users\user\Documents\HSFlensburgMaster\Sommersemester2026\AdvancedDeepLearning\Projekt\Exoplanets\data\interim\spoc120_dataset_generation\samples\toi_4524_01.npz
1338,4525.01,36592530,KP,2.4841975,2460229.465961,1.511,10361.0,10.931,6089.0,1.28,342.385899,-10.675469,2021-10-21 22:56:08,2023-12-14 16:02:02,1,ok,True,3,4,train,1395,42,success,0,0,9434,0.0,0.0,0.0,c:\Users\user\Documents\HSFlensburgMaster\Sommersemester2026\AdvancedDeepLearning\Projekt\Exoplanets\data\interim\spoc120_dataset_generation\samples\toi_4525_01.npz
1339,4526.01,39926974,KP,2.2604346,2459448.652065,0.9618922,6082.0199641,13.3455,3236.0,0.341024,335.623315,-7.956353,2021-10-21 22:56:08,2026-01-10 10:08:01,1,ok,True,2,11,train,1396,42,success,0,0,9653,0.0,0.0,0.0,c:\Users\user\Documents\HSFlensburgMaster\Sommersemester2026\AdvancedDeepLearning\Projekt\Exoplanets\data\interim\spoc120_dataset_generation\samples\toi_4526_01.npz
1340,481.01,339672028,CP,10.3311621,2460970.45735,5.626,4577.0,9.3935,5760.0,1.73,110.512686,-57.384998,2019-02-22 14:51:24,2026-04-09 16:00:01,1,ok,True,26,4,train,1397,6,success,0,0,14589,0.0,0.0,0.0,c:\Users\user\Documents\HSFlensburgMaster\Sommersemester2026\AdvancedDeepLearning\Projekt\Exoplanets\data\interim\spoc120_dataset_generation\samples\toi_481_01.npz
1341,4817.01,60074373,FP,3.190373,2459276.406959,2.684,42550.0,14.6435,3722.0,0.6,111.092717,-44.032701,2021-12-21 22:31:39,2024-08-22 10:08:01,0,ok,True,1,11,train,1398,88,success,0,0,18626,0.0,0.0,0.0,c:\Users\user\Documents\HSFlensburgMaster\Sommersemester2026\AdvancedDeepLearning\Projekt\Exoplanets\data\interim\spoc120_dataset_generation\samples\toi_4817_01.npz
1342,482.01,365639282,FP,10.8717,2458472.41279,2.943958,14603.37238,13.084,3692.0,0.488,81.399006,8.440499,2019-02-27 22:16:31,2021-12-08 10:10:01,0,ok,True,2,3,train,1399,6,success,0,0,14590,0.0,0.0,0.0,c:\Users\user\Documents\HSFlensburgMaster\Sommersemester2026\AdvancedDeepLearning\Projekt\Exoplanets\data\interim\spoc120_dataset_generation\samples\toi_482_01.npz
1343,4048.01,279605855,FP,1.972401,2459007.051404,2.435,7460.0,13.1947,6184.0,1.6,346.577907,71.21333,2021-06-23 15:26:02,2024-08-22 10:08:01,0,ok,True,3,6,train,1400,52,success,0,0,16438,0.0,0.0,0.0,c:\Users\user\Documents\HSFlensburgMaster\Sommersemester2026\AdvancedDeepLearning\Projekt\Exoplanets\data\interim\spoc120_dataset_generation\samples\toi_4048_01.npz
1344,405.01,176984236,FP,1.7560902,2459199.325641,1.763,1650.0,10.5683,6249.0,1.29,101.909492,-66.328317,2019-01-16 19:24:29,2021-12-07 16:02:02,0,ok,True,10,8,train,1401,4,success,0,0,14429,0.0,0.0,0.0,c:\Users\user\Documents\HSFlensburgMaster\Sommersemester2026\AdvancedDeepLearning\Projekt\Exoplanets\data\interim\spoc120_dataset_generation\samples\toi_405_01.npz
1345,4051.01,237101326,FP,1.5373948,2459849.641184,1.194,2710.0,13.0273,5091.0,1.0,240.691824,71.224288,2021-06-23 15:26:03,2026-03-19 12:03:32,0,ok,True,24,15,validation,1402,47,success,0,0,16934,0.0,0.0,0.0,c:\Users\user\Documents\HSFlensburgMaster\Sommersemester2026\AdvancedDeepLearning\Projekt\Exoplanets\data\interim\spoc120_dataset_generation\samples\toi_4051_01.npz
1346,4052.01,236775063,FP,0.7409429,2459008.383184,1.084,2460.0,13.0109,5406.0,0.87,282.663177,55.801405,2021-06-23 15:26:03,2024-08-22 10:08:01,0,ok,True,7,0,train,1403,48,success,0,0,15648,0.0,0.0,0.0,c:\Users\user\Documents\HSFlensburgMaster\Sommersemester2026\AdvancedDeepLearning\Projekt\Exoplanets\data\interim\spoc120_dataset_generation\samples\toi_4052_01.npz
1347,4053.01,235684392,FP,21.7894491,2459743.50843,6.8044292,12276.8028409,13.0309,6118.5,,288.092884,77.922621,2021-06-23 15:26:03,2024-09-07 10:08:02,0,ok,True,22,16,validation,1404,47,success,27,0,16424,13.432835820895523,0.0,13.432835820895523,c:\Users\user\Documents\HSFlensburgMaster\Sommersemester2026\AdvancedDeepLearning\Projekt\Exoplanets\data\interim\spoc120_dataset_generation\samples\toi_4053_01.npz
1348,406.01,153065527,CP,13.1757294,2458388.56746,2.1570272,2479.3477138,11.2828,3349.0,0.388609,49.262643,-42.244149,2019-05-17 18:40:33,2025-11-08 12:04:05,1,ok,True,6,15,validation,1405,3,success,29,0,13012,14.427860696517413,0.0,14.427860696517413,c:\Users\user\Documents\HSFlensburgMaster\Sommersemester2026\AdvancedDeepLearning\Projekt\Exoplanets\data\interim\spoc120_dataset_generation\samples\toi_406_01.npz
1349,406.02,153065527,CP,6.614911,2458385.38837,0.9654605,1060.5715819,11.2828,3349.0,0.388609,49.262643,-42.244149,2021-07-19 00:13:44,2025-11-08 12:04:05,1,ok,True,6,15,validation,1406,3,success,0,0,13012,0.0,0.0,0.0,c:\Users\user\Documents\HSFlensburgMaster\Sommersemester2026\AdvancedDeepLearning\Projekt\Exoplanets\data\interim\spoc120_dataset_generation\samples\toi_406_02.npz
1350,4061.01,224601047,FA,7.2087245,2459003.792406,3.506,4690.0,13.109,5144.9,,255.12889,59.625658,2021-06-23 15:26:06,2024-08-22 10:08:01,0,ok,True,27,2,train,1407,47,success,0,0,16740,0.0,0.0,0.0,c:\Users\user\Documents\HSFlensburgMaster\Sommersemester2026\AdvancedDeepLearning\Projekt\Exoplanets\data\interim\spoc120_dataset_generation\samples\toi_4061_01.npz
1351,4304.03,366443426,KP,31.7180208,2458494.909195,2.3326321,292.8649645,8.4642,6352.33,1.30883,126.615828,10.080371,2022-04-20 20:40:07,2024-11-26 16:02:02,1,ok,True,8,8,train,1408,7,success,54,1,16341,26.865671641791046,1.639344262295082,26.865671641791046,c:\Users\user\Documents\HSFlensburgMaster\Sommersemester2026\AdvancedDeepLearning\Projekt\Exoplanets\data\interim\spoc120_dataset_generation\samples\toi_4304_03.npz
1352,4306.01,44898913,CP,2.7299049,2458413.191882,0.8257288,7427.7249664,14.2683,2887.0,0.155498,64.13091,-28.315791,2021-07-19 00:13:44,2023-03-03 12:03:04,1,ok,True,4,18,test,1409,4,success,0,0,14662,0.0,0.0,0.0,c:\Users\user\Documents\HSFlensburgMaster\Sommersemester2026\AdvancedDeepLearning\Projekt\Exoplanets\data\interim\spoc120_dataset_generation\samples\toi_4306_01.npz
1353,4308.01,144193715,CP,9.1512776,2460163.674868,2.616,1074.0,10.339,5015.0,0.79,327.753069,-43.562364,2021-07-19 00:13:44,2023-12-03 12:03:15,1,ok,True,5,12,train,1410,1,success,0,0,18069,0.0,0.0,0.0,c:\Users\user\Documents\HSFlensburgMaster\Sommersemester2026\AdvancedDeepLearning\Projekt\Exoplanets\data\interim\spoc120_dataset_generation\samples\toi_4308_01.npz
1354,431.01,31374837,CP,12.4610086,2458440.630295,3.3195777,2078.1425981,8.1705,4891.0,0.726632,83.26925,-26.72387,2019-02-08 16:19:52,2024-04-25 10:08:01,1,ok,True,4,19,test,1411,5,success,0,0,17130,0.0,0.0,0.0,c:\Users\user\Documents\HSFlensburgMaster\Sommersemester2026\AdvancedDeepLearning\Projekt\Exoplanets\data\interim\spoc120_dataset_generation\samples\toi_431_01.npz
1355,431.02,31374837,CP,0.4900589,2458438.375965,1.0123328,291.0399722,8.1705,4891.0,0.726632,83.26925,-26.72387,2019-06-06 20:53:59,2024-04-25 10:08:01,1,ok,True,4,19,test,1412,5,success,0,0,17130,0.0,0.0,0.0,c:\Users\user\Documents\HSFlensburgMaster\Sommersemester2026\AdvancedDeepLearning\Projekt\Exoplanets\data\interim\spoc120_dataset_generation\samples\toi_431_02.npz
1356,4311.02,122617317,CP,0.9902892,2458382.635952,1.3567356,278.9096992,10.7236,5159.0,0.850729,41.685522,-31.17932,2021-07-28 19:58:06,2026-05-13 12:05:57,1,ok,True,6,12,train,1414,3,success,0,0,12885,0.0,0.0,0.0,c:\Users\user\Documents\HSFlensburgMaster\Sommersemester2026\AdvancedDeepLearning\Projekt\Exoplanets\data\interim\spoc120_dataset_generation\samples\toi_4311_02.npz
1357,4527.01,380887434,CP,0.3994445,2459474.200243,0.8028796,330.8173737,9.16764,3702.0,0.485948,19.472257,5.4712,2021-10-21 22:56:08,2022-07-20 12:03:42,1,ok,True,3,11,train,1416,42,success,0,0,13075,0.0,0.0,0.0,c:\Users\user\Documents\HSFlensburgMaster\Sommersemester2026\AdvancedDeepLearning\Projekt\Exoplanets\data\interim\spoc120_dataset_generation\samples\toi_4527_01.npz
1358,4528.01,376981340,FA,4.0249712,2459448.108233,2.5421502,20420.7314775,12.806,4492.0,0.770497,19.609812,6.8168,2021-10-21 22:56:08,2022-02-23 10:10:02,0,ok,True,3,10,train,1417,42,success,0,0,13014,0.0,0.0,0.0,c:\Users\user\Documents\HSFlensburgMaster\Sommersemester2026\AdvancedDeepLearning\Projekt\Exoplanets\data\interim\spoc120_dataset_generation\samples\toi_4528_01.npz
1359,4529.01,384888319,CP,5.8795752,2459448.511683,2.0778157,1352.7622114,10.1406,3611.0,0.492759,16.968846,12.880955,2021-10-21 22:56:08,2026-01-14 12:03:42,1,ok,True,3,14,validation,1418,42,success,0,0,13004,0.0,0.0,0.0,c:\Users\user\Documents\HSFlensburgMaster\Sommersemester2026\AdvancedDeepLearning\Projekt\Exoplanets\data\interim\spoc120_dataset_generation\samples\toi_4529_01.npz
1360,453.01,452808876,KP,2.70582,2458438.96587,4.968,7500.0,9.538961,6441.6,2.1,72.660592,1.893836,2019-02-08 16:19:52,2021-10-29 12:59:15,1,ok,True,2,9,train,1419,5,success,0,0,17228,0.0,0.0,0.0,c:\Users\user\Documents\HSFlensburgMaster\Sommersemester2026\AdvancedDeepLearning\Projekt\Exoplanets\data\interim\spoc120_dataset_generation\samples\toi_453_01.npz
1361,4530.01,35022727,KP,3.6528112,2459450.646766,2.8788573,18681.4630568,12.2192,5610.0,0.907682,48.435473,25.197355,2021-10-21 22:56:08,2024-11-25 16:02:01,1,ok,True,5,13,train,1420,42,success,0,0,13080,0.0,0.0,0.0,c:\Users\user\Documents\HSFlensburgMaster\Sommersemester2026\AdvancedDeepLearning\Projekt\Exoplanets\data\interim\spoc120_dataset_generation\samples\toi_4530_01.npz
1362,4531.01,262662119,KP,4.53347,2459450.126596,3.6052513,11929.8619692,12.1796,5846.0,1.1971,349.063465,0.30669,2021-10-21 22:57:21,2024-11-27 10:08:01,1,ok,True,3,6,train,1421,42,success,0,0,9593,0.0,0.0,0.0,c:\Users\user\Documents\HSFlensburgMaster\Sommersemester2026\AdvancedDeepLearning\Projekt\Exoplanets\data\interim\spoc120_dataset_generation\samples\toi_4531_01.npz
1363,4532.01,376939759,KP,5.8176452,2460231.88252,2.577,9178.0,13.0121,5633.4,1.22,19.449382,6.868847,2021-10-21 22:57:22,2023-12-14 16:02:02,1,ok,True,3,12,train,1422,42,success,0,0,13014,0.0,0.0,0.0,c:\Users\user\Documents\HSFlensburgMaster\Sommersemester2026\AdvancedDeepLearning\Projekt\Exoplanets\data\interim\spoc120_dataset_generation\samples\toi_4532_01.npz
1364,4533.01,418761354,KP,2.1747824,2459494.881247,1.654,560.0,11.375,4542.0,0.71,11.480235,6.34703,2021-10-21 22:57:22,2023-12-14 16:02:02,1,ok,True,3,15,validation,1423,42,success,0,0,10801,0.0,0.0,0.0,c:\Users\user\Documents\HSFlensburgMaster\Sommersemester2026\AdvancedDeepLearning\Projekt\Exoplanets\data\interim\spoc120_dataset_generation\samples\toi_4533_01.npz
1365,4534.01,437704321,KP,2.8492802,2459448.05066,2.0072155,3881.5844287,12.3071,4279.0,0.74,333.751879,-17.2508,2021-10-21 22:57:22,2026-01-10 10:08:01,1,ok,True,2,5,train,1424,42,success,0,0,9780,0.0,0.0,0.0,c:\Users\user\Documents\HSFlensburgMaster\Sommersemester2026\AdvancedDeepLearning\Projekt\Exoplanets\data\interim\spoc120_dataset_generation\samples\toi_4534_01.npz
1366,4535.01,26017005,KP,4.0984741,2459449.120055,2.323409,16869.9465037,12.5489,5198.0,1.0639499,52.342055,22.299349,2021-10-21 22:57:22,2024-11-26 16:02:02,1,ok,True,5,7,train,1425,42,success,0,0,12472,0.0,0.0,0.0,c:\Users\user\Documents\HSFlensburgMaster\Sommersemester2026\AdvancedDeepLearning\Projekt\Exoplanets\data\interim\spoc120_dataset_generation\samples\toi_4535_01.npz
1367,4536.01,380907135,KP,4.0460644,2460226.955884,5.824,8004.0,10.5559,6404.0,1.81,19.550586,2.702785,2021-10-21 22:57:22,2023-12-14 16:02:02,1,ok,True,3,19,test,1426,42,success,0,0,13054,0.0,0.0,0.0,c:\Users\user\Documents\HSFlensburgMaster\Sommersemester2026\AdvancedDeepLearning\Projekt\Exoplanets\data\interim\spoc120_dataset_generation\samples\toi_4536_01.npz
1368,4538.01,262715204,KP,7.1385672,2460228.758602,2.464,2064.0,11.2451,5144.5,0.77,349.384346,1.300152,2021-10-21 22:57:23,2023-12-14 10:08:02,1,ok,True,3,7,train,1427,42,success,0,0,11233,0.0,0.0,0.0,c:\Users\user\Documents\HSFlensburgMaster\Sommersemester2026\AdvancedDeepLearning\Projekt\Exoplanets\data\interim\spoc120_dataset_generation\samples\toi_4538_01.npz
1369,4538.02,262715204,KP,3.4715644,2459447.897021,3.0898302,883.544012,11.2451,5144.5,0.77,349.384346,1.300152,2021-10-21 22:57:22,2026-01-10 10:08:01,1,ok,True,3,7,train,1428,42,success,0,0,11233,0.0,0.0,0.0,c:\Users\user\Documents\HSFlensburgMaster\Sommersemester2026\AdvancedDeepLearning\Projekt\Exoplanets\data\interim\spoc120_dataset_generation\samples\toi_4538_02.npz
1370,4538.03,262715204,KP,10.4534748,2459449.16923,2.375617,1031.892884,11.2451,5144.5,0.77,349.384346,1.300152,2026-01-15 22:11:47,2026-02-01 12:04:04,1,ok,True,3,7,train,1429,42,success,0,0,11233,0.0,0.0,0.0,c:\Users\user\Documents\HSFlensburgMaster\Sommersemester2026\AdvancedDeepLearning\Projekt\Exoplanets\data\interim\spoc120_dataset_generation\samples\toi_4538_03.npz
1371,4539.01,102264230,KP,4.1591512,2459449.352847,3.5899215,11970.9341343,11.29,5576.0,1.11,331.203092,-12.019067,2021-10-21 22:57:23,2026-01-10 10:08:01,1,ok,True,2,5,train,1430,42,success,0,0,9729,0.0,0.0,0.0,c:\Users\user\Documents\HSFlensburgMaster\Sommersemester2026\AdvancedDeepLearning\Projekt\Exoplanets\data\interim\spoc120_dataset_generation\samples\toi_4539_01.npz
1372,4738.01,247873937,FP,4.6498719,2459549.304788,4.995,8110.0,12.1359,9056.0,1.78,87.824224,13.745892,2021-12-21 00:34:55,2024-08-22 10:08:01,0,ok,True,2,3,train,1431,71,success,0,0,14555,0.0,0.0,0.0,c:\Users\user\Documents\HSFlensburgMaster\Sommersemester2026\AdvancedDeepLearning\Projekt\Exoplanets\data\interim\spoc120_dataset_generation\samples\toi_4738_01.npz
1373,474.01,59843967,KP,2.5167257,2459226.05544,2.5896099,16406.5457432,12.7632,5403.0,0.982638,94.112091,-22.546882,2019-02-27 22:16:31,2021-10-29 12:59:15,1,ok,True,3,7,train,1432,6,success,0,0,14605,0.0,0.0,0.0,c:\Users\user\Documents\HSFlensburgMaster\Sommersemester2026\AdvancedDeepLearning\Projekt\Exoplanets\data\interim\spoc120_dataset_generation\samples\toi_474_01.npz
1374,4067.01,162577466,FP,3.6772391,2459666.709157,4.2517064,13763.2116365,13.1815,5801.0,1.11792,243.935867,48.325503,2021-06-23 15:26:07,2024-09-10 10:08:02,0,ok,True,6,19,test,1433,50,success,0,0,12109,0.0,0.0,0.0,c:\Users\user\Documents\HSFlensburgMaster\Sommersemester2026\AdvancedDeepLearning\Projekt\Exoplanets\data\interim\spoc120_dataset_generation\samples\toi_4067_01.npz
1375,4068.01,159334269,FP,1.1578392,2459008.761746,1.363,9660.0,13.3675,6409.0,1.18,233.694873,79.449837,2021-06-23 15:26:07,2024-08-22 10:08:01,0,ok,True,3,13,train,1434,48,success,0,0,15604,0.0,0.0,0.0,c:\Users\user\Documents\HSFlensburgMaster\Sommersemester2026\AdvancedDeepLearning\Projekt\Exoplanets\data\interim\spoc120_dataset_generation\samples\toi_4068_01.npz
1376,408.01,176778112,FP,1.33679,2459169.52007,1.488,700.0,9.6114,5600.0,0.98,47.82774,-35.628068,2019-02-08 20:04:48,2021-10-29 12:59:15,0,ok,True,3,8,train,1435,4,success,0,0,14745,0.0,0.0,0.0,c:\Users\user\Documents\HSFlensburgMaster\Sommersemester2026\AdvancedDeepLearning\Projekt\Exoplanets\data\interim\spoc120_dataset_generation\samples\toi_408_01.npz
1377,4316.01,7020254,KP,20.2730282,2460238.657358,3.651,17182.0,12.7462,5742.0,0.86,126.5535,12.281851,2021-07-19 00:13:44,2024-01-17 10:08:02,1,ok,True,6,6,train,1437,7,success,16,0,16342,7.960199004975125,0.0,7.960199004975125,c:\Users\user\Documents\HSFlensburgMaster\Sommersemester2026\AdvancedDeepLearning\Projekt\Exoplanets\data\interim\spoc120_dataset_generation\samples\toi_4316_01.npz
1378,432.01,38686737,FP,2.24704,2458439.97961,2.713,18890.4,12.6038,6846.0,1.2,57.865664,-10.614078,2019-02-08 16:19:52,2024-09-19 10:08:01,0,ok,True,2,4,train,1438,5,success,0,0,16881,0.0,0.0,0.0,c:\Users\user\Documents\HSFlensburgMaster\Sommersemester2026\AdvancedDeepLearning\Projekt\Exoplanets\data\interim\spoc120_dataset_generation\samples\toi_432_01.npz
1379,4323.01,143022742,FA,14.6762658,2458416.548124,3.2320455,3499.9379734,12.531,3414.0,0.458861,54.466785,-30.057438,2021-07-27 02:26:33,2024-09-17 10:08:02,0,ok,True,2,0,train,1441,4,success,29,0,14586,14.427860696517413,0.0,14.427860696517413,c:\Users\user\Documents\HSFlensburgMaster\Sommersemester2026\AdvancedDeepLearning\Projekt\Exoplanets\data\interim\spoc120_dataset_generation\samples\toi_4323_01.npz
1380,4323.02,143022742,FA,21.9692578,2458412.896474,3.5662307,7940.6152389,12.531,3414.0,0.458861,54.466785,-30.057438,2021-07-27 02:26:33,2024-09-17 10:08:02,0,ok,True,2,0,train,1442,4,success,43,0,14586,21.393034825870647,0.0,21.393034825870647,c:\Users\user\Documents\HSFlensburgMaster\Sommersemester2026\AdvancedDeepLearning\Projekt\Exoplanets\data\interim\spoc120_dataset_generation\samples\toi_4323_02.npz
1381,4544.01,435339847,KP,8.2000875,2458440.219543,2.4601181,1079.5927267,11.2867,4865.6,0.793476,55.228521,12.572448,2021-10-21 22:57:23,2024-11-25 10:08:02,1,ok,True,6,15,validation,1443,5,success,0,0,16951,0.0,0.0,0.0,c:\Users\user\Documents\HSFlensburgMaster\Sommersemester2026\AdvancedDeepLearning\Projekt\Exoplanets\data\interim\spoc120_dataset_generation\samples\toi_4544_01.npz
1382,4545.01,610976842,KP,4.0248735,2460228.933083,2.384,23775.0,12.813,4492.0,0.75,19.610142,6.816728,2021-10-21 22:57:24,2023-12-07 10:08:02,1,ok,True,3,14,validation,1444,42,success,0,0,13014,0.0,0.0,0.0,c:\Users\user\Documents\HSFlensburgMaster\Sommersemester2026\AdvancedDeepLearning\Projekt\Exoplanets\data\interim\spoc120_dataset_generation\samples\toi_4545_01.npz
1383,4547.01,206284139,KP,3.0026495,2460825.442997,2.9675422,4411.9691117,12.1112,5630.0,1.45,338.606231,-13.731804,2021-10-21 22:57:24,2026-01-10 10:08:01,1,ok,True,2,10,train,1445,42,success,0,0,9663,0.0,0.0,0.0,c:\Users\user\Documents\HSFlensburgMaster\Sommersemester2026\AdvancedDeepLearning\Projekt\Exoplanets\data\interim\spoc120_dataset_generation\samples\toi_4547_01.npz
1384,455.01,98796344,CP,5.358776,2459168.295274,1.3697764,2708.4393715,8.84294,3562.0,0.275953,45.462478,-16.594496,2019-02-08 19:54:07,2021-12-02 16:02:01,1,ok,True,2,16,validation,1446,4,success,0,0,14816,0.0,0.0,0.0,c:\Users\user\Documents\HSFlensburgMaster\Sommersemester2026\AdvancedDeepLearning\Projekt\Exoplanets\data\interim\spoc120_dataset_generation\samples\toi_455_01.npz
1385,4551.01,204650483,CP,9.956296,2459312.392162,10.474,1024.0,9.02765,4956.0,3.38,184.978758,-25.827853,2021-10-28 01:23:43,2023-11-14 12:02:50,1,ok,True,3,15,validation,1447,63,success,0,0,17168,0.0,0.0,0.0,c:\Users\user\Documents\HSFlensburgMaster\Sommersemester2026\AdvancedDeepLearning\Projekt\Exoplanets\data\interim\spoc120_dataset_generation\samples\toi_4551_01.npz
1386,4552.01,248250955,CP,0.3011506,2459361.882335,0.6404841,1457.6973975,11.9251,3304.0,0.286178,264.714256,-47.637046,2021-10-28 01:26:18,2026-03-20 12:03:30,1,ok,True,4,18,test,1448,12,success,0,0,14384,0.0,0.0,0.0,c:\Users\user\Documents\HSFlensburgMaster\Sommersemester2026\AdvancedDeepLearning\Projekt\Exoplanets\data\interim\spoc120_dataset_generation\samples\toi_4552_01.npz
1387,478.01,172464366,FP,2.921685,2458470.046418,3.17791,17562.44572,11.0913,6332.0,1.37266,100.158863,-27.571261,2019-02-22 14:51:23,2024-09-19 10:08:01,0,ok,True,3,6,train,1449,6,success,0,0,14573,0.0,0.0,0.0,c:\Users\user\Documents\HSFlensburgMaster\Sommersemester2026\AdvancedDeepLearning\Projekt\Exoplanets\data\interim\spoc120_dataset_generation\samples\toi_478_01.npz
1388,4083.01,399444057,FP,2.0714803,2459008.356209,3.108,1660.0,11.6433,7047.0,2.46,26.687843,63.612237,2021-06-23 15:26:10,2024-08-22 10:08:01,0,ok,True,1,8,train,1450,52,success,0,0,16297,0.0,0.0,0.0,c:\Users\user\Documents\HSFlensburgMaster\Sommersemester2026\AdvancedDeepLearning\Projekt\Exoplanets\data\interim\spoc120_dataset_generation\samples\toi_4083_01.npz
1389,4087.01,310002617,CP,3.1774814,2459765.673618,2.824,14190.0,11.2961,6071.0,1.12,217.925779,83.372706,2021-06-23 15:28:20,2024-08-22 10:08:01,1,ok,True,12,13,train,1451,40,success,0,0,19610,0.0,0.0,0.0,c:\Users\user\Documents\HSFlensburgMaster\Sommersemester2026\AdvancedDeepLearning\Projekt\Exoplanets\data\interim\spoc120_dataset_generation\samples\toi_4087_01.npz
1390,409.01,167754523,FP,6.7992776,2459193.22371,1.58,210.0,9.1536,4913.8,0.73,104.181674,-60.687954,2019-01-16 19:24:29,2026-03-05 10:08:02,0,ok,True,21,6,train,1452,1,success,0,0,18278,0.0,0.0,0.0,c:\Users\user\Documents\HSFlensburgMaster\Sommersemester2026\AdvancedDeepLearning\Projekt\Exoplanets\data\interim\spoc120_dataset_generation\samples\toi_409_01.npz
1391,4091.01,289316336,FP,3.0038696,2459033.693724,3.24,760.0,11.2834,6171.0,1.2,277.979234,39.669309,2021-06-23 15:28:21,2024-08-22 10:08:01,0,ok,True,2,4,train,1453,53,success,0,0,16994,0.0,0.0,0.0,c:\Users\user\Documents\HSFlensburgMaster\Sommersemester2026\AdvancedDeepLearning\Projekt\Exoplanets\data\interim\spoc120_dataset_generation\samples\toi_4091_01.npz
1392,4329.01,256722647,CP,2.9224661,2459855.156794,5.5560255,5724.017673,11.8832,5520.0,2.7442901,329.563915,71.131605,2021-07-27 02:26:32,2023-06-13 16:02:07,1,ok,True,8,0,train,1454,52,success,0,0,14941,0.0,0.0,0.0,c:\Users\user\Documents\HSFlensburgMaster\Sommersemester2026\AdvancedDeepLearning\Projekt\Exoplanets\data\interim\spoc120_dataset_generation\samples\toi_4329_01.npz
1393,433.01,188989177,FP,1.17409,2458438.29916,1.701,3680.0,9.1414,8242.0,3.67,78.778396,-15.100464,2019-02-08 16:19:52,2022-07-11 16:02:02,0,ok,True,2,0,train,1455,5,success,0,0,17319,0.0,0.0,0.0,c:\Users\user\Documents\HSFlensburgMaster\Sommersemester2026\AdvancedDeepLearning\Projekt\Exoplanets\data\interim\spoc120_dataset_generation\samples\toi_433_01.npz
1394,4330.01,47617038,FP,3.3513304,2459358.397242,2.739,400.0,7.6581,4886.0,8.71,220.350188,-33.950483,2021-07-28 19:01:30,2024-11-20 12:02:56,0,ok,True,1,4,train,1456,65,success,0,0,16823,0.0,0.0,0.0,c:\Users\user\Documents\HSFlensburgMaster\Sommersemester2026\AdvancedDeepLearning\Projekt\Exoplanets\data\interim\spoc120_dataset_generation\samples\toi_4330_01.npz
1395,4332.01,178959058,FP,5.4468377,2460061.842391,3.303,842.0,9.783,6793.0,1.68,209.699173,-40.619073,2021-07-28 19:01:30,2025-08-29 16:00:02,0,ok,True,2,13,train,1457,64,success,0,0,17318,0.0,0.0,0.0,c:\Users\user\Documents\HSFlensburgMaster\Sommersemester2026\AdvancedDeepLearning\Projekt\Exoplanets\data\interim\spoc120_dataset_generation\samples\toi_4332_01.npz
1396,4335.01,443658196,FP,4.5006638,2459351.741023,4.588,2110.0,11.5124,8933.0,1.48,199.734195,-62.974419,2021-07-28 19:33:11,2022-10-05 10:10:01,0,ok,True,1,11,train,1458,38,success,0,0,18494,0.0,0.0,0.0,c:\Users\user\Documents\HSFlensburgMaster\Sommersemester2026\AdvancedDeepLearning\Projekt\Exoplanets\data\interim\spoc120_dataset_generation\samples\toi_4335_01.npz
1397,4336.01,166184428,CP,16.3363665,2459335.573188,1.9933922,3884.6785375,11.0196,3365.0,0.326568,206.107013,-40.337351,2021-07-28 19:33:11,2025-11-17 12:03:38,1,ok,True,3,16,validation,1459,38,success,11,0,18192,5.472636815920398,0.0,5.472636815920398,c:\Users\user\Documents\HSFlensburgMaster\Sommersemester2026\AdvancedDeepLearning\Projekt\Exoplanets\data\interim\spoc120_dataset_generation\samples\toi_4336_01.npz
1398,4337.01,399642071,FP,2.2887763,2459307.924432,4.8634851,1890.6463423,11.1567,3953.0,0.617703,164.289787,-69.979379,2021-07-28 19:33:11,2024-11-14 17:22:21,0,ok,True,4,18,test,1460,37,success,0,0,16995,0.0,0.0,0.0,c:\Users\user\Documents\HSFlensburgMaster\Sommersemester2026\AdvancedDeepLearning\Projekt\Exoplanets\data\interim\spoc120_dataset_generation\samples\toi_4337_01.npz
1399,4339.01,7439481,FP,1.2540806,2459333.969005,1.3435517,66025.099426,14.0644,3455.0,0.399724,212.92874,-29.973981,2021-07-28 19:33:11,2022-09-09 12:02:24,0,ok,True,3,15,validation,1461,38,success,0,0,18188,0.0,0.0,0.0,c:\Users\user\Documents\HSFlensburgMaster\Sommersemester2026\AdvancedDeepLearning\Projekt\Exoplanets\data\interim\spoc120_dataset_generation\samples\toi_4339_01.npz
1400,434.01,78055054,KP,4.3888516,2459198.519993,3.0184015,24964.547823,12.8461,5175.0,0.877856,80.538242,-30.970818,2019-06-06 20:53:59,2021-12-02 16:02:01,1,ok,True,3,18,test,1462,5,success,0,0,17202,0.0,0.0,0.0,c:\Users\user\Documents\HSFlensburgMaster\Sommersemester2026\AdvancedDeepLearning\Projekt\Exoplanets\data\interim\spoc120_dataset_generation\samples\toi_434_01.npz
1401,4341.01,62301521,FA,18.4043334,2458661.048552,7.879331,9135.2110162,13.7827,2891.0,0.133376,291.534894,-43.187188,2021-07-28 19:58:06,2021-10-29 12:59:15,0,ok,True,4,0,train,1463,13,success,29,0,15266,14.427860696517413,0.0,14.427860696517413,c:\Users\user\Documents\HSFlensburgMaster\Sommersemester2026\AdvancedDeepLearning\Projekt\Exoplanets\data\interim\spoc120_dataset_generation\samples\toi_4341_01.npz
1402,4559.01,271169413,CP,3.9649053,2458597.872164,1.6788114,1160.5626137,10.9139,3476.0,0.426767,211.013538,-30.014125,2021-10-28 01:52:38,2025-07-09 16:00:02,1,ok,True,4,12,train,1464,11,success,0,0,11823,0.0,0.0,0.0,c:\Users\user\Documents\HSFlensburgMaster\Sommersemester2026\AdvancedDeepLearning\Projekt\Exoplanets\data\interim\spoc120_dataset_generation\samples\toi_4559_01.npz
1403,456.01,77228304,FP,0.336826,2458410.95064,0.883311,18251.292089,15.7298,5780.0,1.0,69.116563,-41.246194,2019-06-06 20:53:59,2025-01-14 16:02:02,0,ok,True,5,5,train,1465,4,success,0,0,14664,0.0,0.0,0.0,c:\Users\user\Documents\HSFlensburgMaster\Sommersemester2026\AdvancedDeepLearning\Projekt\Exoplanets\data\interim\spoc120_dataset_generation\samples\toi_456_01.npz
1404,4564.01,400786146,FP,22.1536777,2459323.079936,7.5893785,4469.3198771,10.7716,6123.0,1.6267,167.000935,-67.149824,2021-10-28 01:52:39,2024-09-18 10:08:02,0,ok,True,4,19,test,1467,37,success,14,0,16777,6.965174129353234,0.0,6.965174129353234,c:\Users\user\Documents\HSFlensburgMaster\Sommersemester2026\AdvancedDeepLearning\Projekt\Exoplanets\data\interim\spoc120_dataset_generation\samples\toi_4564_01.npz
1405,479.01,306362738,KP,2.7817379,2459221.888774,2.1508237,12808.3940801,10.8164,5600.0,1.02095,91.089719,-16.96539,2019-02-27 22:16:31,2021-10-29 12:59:15,1,ok,True,4,6,train,1468,6,success,0,0,14604,0.0,0.0,0.0,c:\Users\user\Documents\HSFlensburgMaster\Sommersemester2026\AdvancedDeepLearning\Projekt\Exoplanets\data\interim\spoc120_dataset_generation\samples\toi_479_01.npz
1406,4791.01,100389539,CP,4.2809767,2459246.158055,3.145,7520.0,10.8961,5964.0,1.49,109.388382,-19.828939,2021-12-21 00:46:31,2024-08-22 10:08:01,1,ok,True,2,9,train,1469,87,success,0,0,14939,0.0,0.0,0.0,c:\Users\user\Documents\HSFlensburgMaster\Sommersemester2026\AdvancedDeepLearning\Projekt\Exoplanets\data\interim\spoc120_dataset_generation\samples\toi_4791_01.npz
1407,480.01,317548889,CP,6.8659582,2458469.562003,3.455761,334.0145589,6.7799,6212.63,1.5000401,88.378462,-16.265397,2019-02-27 22:16:31,2024-09-10 10:08:02,1,ok,True,4,12,train,1470,6,success,0,0,14608,0.0,0.0,0.0,c:\Users\user\Documents\HSFlensburgMaster\Sommersemester2026\AdvancedDeepLearning\Projekt\Exoplanets\data\interim\spoc120_dataset_generation\samples\toi_480_01.npz
1408,410.01,206466531,FP,1.42744,2459139.77204,1.973,450.0,10.0081,6000.2,1.33,56.815012,-52.985207,2019-01-24 19:35:19,2021-12-07 16:02:02,0,ok,True,4,9,train,1471,3,success,0,0,12983,0.0,0.0,0.0,c:\Users\user\Documents\HSFlensburgMaster\Sommersemester2026\AdvancedDeepLearning\Projekt\Exoplanets\data\interim\spoc120_dataset_generation\samples\toi_410_01.npz
1409,4102.01,237235093,FP,2.6834113,2459034.03138,1.146,760.0,11.812,5221.0,0.76,297.484569,73.086464,2021-06-23 15:28:22,2024-08-22 10:08:01,0,ok,True,21,2,train,1472,16,success,0,0,12786,0.0,0.0,0.0,c:\Users\user\Documents\HSFlensburgMaster\Sommersemester2026\AdvancedDeepLearning\Projekt\Exoplanets\data\interim\spoc120_dataset_generation\samples\toi_4102_01.npz
1410,411.01,100990000,CP,9.5730787,2460970.919817,3.3490357,288.090893,7.757,6101.0,1.11672,54.819538,-42.763028,2019-05-07 17:42:36,2026-02-18 10:08:02,1,ok,True,5,1,train,1473,3,success,0,0,13541,0.0,0.0,0.0,c:\Users\user\Documents\HSFlensburgMaster\Sommersemester2026\AdvancedDeepLearning\Projekt\Exoplanets\data\interim\spoc120_dataset_generation\samples\toi_411_01.npz
1411,411.02,100990000,CP,4.0403007,2460987.681578,2.7248629,143.5196245,7.757,6101.0,1.11672,54.819538,-42.763028,2019-05-17 18:40:33,2026-02-18 10:08:02,1,ok,True,5,1,train,1474,3,success,0,0,13541,0.0,0.0,0.0,c:\Users\user\Documents\HSFlensburgMaster\Sommersemester2026\AdvancedDeepLearning\Projekt\Exoplanets\data\interim\spoc120_dataset_generation\samples\toi_411_02.npz
1412,4110.01,230075120,FP,0.7676706,2459663.9541,1.057,340.0,11.1315,6377.0,1.53,244.441282,69.447713,2021-06-23 15:28:24,2024-08-22 10:08:01,0,ok,True,20,4,train,1475,47,success,0,0,16888,0.0,0.0,0.0,c:\Users\user\Documents\HSFlensburgMaster\Sommersemester2026\AdvancedDeepLearning\Projekt\Exoplanets\data\interim\spoc120_dataset_generation\samples\toi_4110_01.npz
1413,4342.01,354944123,CP,5.538329,2458654.532426,2.2263888,1407.1118648,11.0318,3883.0,0.598175,324.38942,-77.979147,2021-07-28 19:58:06,2023-03-03 12:03:04,1,ok,True,9,1,train,1476,13,success,0,0,19179,0.0,0.0,0.0,c:\Users\user\Documents\HSFlensburgMaster\Sommersemester2026\AdvancedDeepLearning\Projekt\Exoplanets\data\interim\spoc120_dataset_generation\samples\toi_4342_01.npz
1414,4342.02,354944123,CP,10.6886084,2458659.348023,2.6672245,1501.1726341,11.0318,3883.0,0.598175,324.38942,-77.979147,2021-07-28 19:58:06,2023-03-03 12:03:04,1,ok,True,9,1,train,1477,13,success,0,0,19179,0.0,0.0,0.0,c:\Users\user\Documents\HSFlensburgMaster\Sommersemester2026\AdvancedDeepLearning\Projekt\Exoplanets\data\interim\spoc120_dataset_generation\samples\toi_4342_02.npz
1415,4346.01,389371332,FP,3.9077116,2458494.060524,9.5278364,599.6319099,12.4375,3917.0,0.64011,86.01889,-66.359097,2021-07-28 19:58:06,2021-10-29 12:59:15,0,ok,True,11,18,test,1478,7,success,0,0,16183,0.0,0.0,0.0,c:\Users\user\Documents\HSFlensburgMaster\Sommersemester2026\AdvancedDeepLearning\Projekt\Exoplanets\data\interim\spoc120_dataset_generation\samples\toi_4346_01.npz
1416,4569.01,149126400,FP,1.2253159,2459036.84286,3.435758,6006.5175069,15.764,3725.0,0.297644,81.028116,-63.028858,2021-10-28 01:52:39,2023-01-04 12:03:41,0,ok,True,22,16,validation,1479,27,success,0,0,16745,0.0,0.0,0.0,c:\Users\user\Documents\HSFlensburgMaster\Sommersemester2026\AdvancedDeepLearning\Projekt\Exoplanets\data\interim\spoc120_dataset_generation\samples\toi_4569_01.npz
1417,4570.01,137402055,KP,1.9737719,2459391.459891,2.1771701,32350.4373939,15.0523,4664.23,0.697971,292.068311,38.8422,2021-11-01 23:15:38,2023-03-15 16:02:02,1,ok,True,8,10,train,1480,40,success,0,0,19611,0.0,0.0,0.0,c:\Users\user\Documents\HSFlensburgMaster\Sommersemester2026\AdvancedDeepLearning\Projekt\Exoplanets\data\interim\spoc120_dataset_generation\samples\toi_4570_01.npz
1418,4571.01,48451130,KP,30.3599812,2459413.718798,6.0823745,19347.5990647,13.7589,4815.0,0.795118,284.879979,49.26702,2021-11-01 23:15:39,2023-03-15 16:02:02,1,ok,True,8,13,train,1481,40,success,18,0,19608,8.955223880597014,0.0,8.955223880597014,c:\Users\user\Documents\HSFlensburgMaster\Sommersemester2026\AdvancedDeepLearning\Projekt\Exoplanets\data\interim\spoc120_dataset_generation\samples\toi_4571_01.npz
1419,4577.01,138364831,KP,1.6255124,2459391.112176,2.6590029,10095.3614497,14.4669,5483.74,1.04426,293.871914,38.422918,2021-11-01 23:15:42,2023-03-15 16:02:02,1,ok,True,8,18,test,1482,40,success,0,0,19611,0.0,0.0,0.0,c:\Users\user\Documents\HSFlensburgMaster\Sommersemester2026\AdvancedDeepLearning\Projekt\Exoplanets\data\interim\spoc120_dataset_generation\samples\toi_4577_01.npz
1420,3846.01,149918151,KP,1.540776,2459632.94338,1.705,27310.0,12.9178,4234.0,0.77,160.748095,60.964119,2021-06-23 15:20:59,2024-08-22 10:08:01,1,ok,True,4,16,validation,1485,41,success,0,0,18321,0.0,0.0,0.0,c:\Users\user\Documents\HSFlensburgMaster\Sommersemester2026\AdvancedDeepLearning\Projekt\Exoplanets\data\interim\spoc120_dataset_generation\samples\toi_3846_01.npz
1421,385.01,300810086,FP,0.6680065,2460192.472902,0.835,550.0,9.0567,5159.0,3.77,116.813442,-69.030386,2018-10-01 16:12:38,2024-09-19 10:08:01,0,ok,True,23,19,test,1486,10,success,0,0,15198,0.0,0.0,0.0,c:\Users\user\Documents\HSFlensburgMaster\Sommersemester2026\AdvancedDeepLearning\Projekt\Exoplanets\data\interim\spoc120_dataset_generation\samples\toi_385_01.npz
1422,3862.01,141205978,CP,1.5574603,2459662.738608,1.272,3900.0,11.7201,5564.4,0.93,185.900563,50.544625,2021-06-23 15:22:02,2026-01-13 12:03:37,1,ok,True,4,17,test,1487,48,success,0,0,15209,0.0,0.0,0.0,c:\Users\user\Documents\HSFlensburgMaster\Sommersemester2026\AdvancedDeepLearning\Projekt\Exoplanets\data\interim\spoc120_dataset_generation\samples\toi_3862_01.npz
1423,4112.01,229976631,FA,10.7166249,2459390.813098,3.8540186,1308.3913665,11.024,4235.5,0.65,290.108847,61.085434,2021-06-23 15:28:24,2024-09-07 10:08:02,0,ok,True,29,9,train,1488,40,success,0,0,19610,0.0,0.0,0.0,c:\Users\user\Documents\HSFlensburgMaster\Sommersemester2026\AdvancedDeepLearning\Projekt\Exoplanets\data\interim\spoc120_dataset_generation\samples\toi_4112_01.npz
1424,4116.01,198616607,FP,3.6311186,2459417.473162,2.416,6300.0,12.4627,5979.9,1.63,271.403617,47.550327,2021-06-23 15:28:24,2024-08-22 10:08:01,0,ok,True,7,14,validation,1489,52,success,0,0,10950,0.0,0.0,0.0,c:\Users\user\Documents\HSFlensburgMaster\Sommersemester2026\AdvancedDeepLearning\Projekt\Exoplanets\data\interim\spoc120_dataset_generation\samples\toi_4116_01.npz
1425,412.01,7624182,FP,1.1096992,2459199.670069,2.097,620.0,8.7929,8666.0,3.13,64.311488,-38.844171,2019-01-31 17:54:44,2024-09-19 10:08:01,0,ok,True,4,17,test,1490,4,success,0,0,14982,0.0,0.0,0.0,c:\Users\user\Documents\HSFlensburgMaster\Sommersemester2026\AdvancedDeepLearning\Projekt\Exoplanets\data\interim\spoc120_dataset_generation\samples\toi_412_01.npz
1426,4126.01,141616639,FP,3.2428744,2459032.680649,2.417,1470.0,12.3454,4016.0,0.58,108.818021,81.220983,2021-06-23 15:28:26,2024-08-22 10:08:01,0,ok,True,2,9,train,1491,47,success,0,0,16719,0.0,0.0,0.0,c:\Users\user\Documents\HSFlensburgMaster\Sommersemester2026\AdvancedDeepLearning\Projekt\Exoplanets\data\interim\spoc120_dataset_generation\samples\toi_4126_01.npz
1427,4357.01,300011941,FP,1.8141215,2458327.104401,4.6006154,129.4041201,10.5385,5789.58,1.12713,106.913225,-66.406577,2021-07-28 20:06:26,2021-10-29 12:59:15,0,ok,True,35,4,train,1493,1,success,0,0,18279,0.0,0.0,0.0,c:\Users\user\Documents\HSFlensburgMaster\Sommersemester2026\AdvancedDeepLearning\Projekt\Exoplanets\data\interim\spoc120_dataset_generation\samples\toi_4357_01.npz
1428,4359.01,133505138,FP,2.4360845,2459330.394075,2.495,350.0,9.5115,6529.0,1.32,149.731452,-53.301515,2021-08-06 01:18:56,2022-02-23 12:02:21,0,ok,True,3,0,train,1494,9,success,0,0,16427,0.0,0.0,0.0,c:\Users\user\Documents\HSFlensburgMaster\Sommersemester2026\AdvancedDeepLearning\Projekt\Exoplanets\data\interim\spoc120_dataset_generation\samples\toi_4359_01.npz
1429,436.01,44745077,FP,1.8756,2458411.70271,0.989,5666.3,13.0734,3549.7,,61.639511,-25.094117,2019-01-31 16:53:30,2021-12-07 16:02:02,0,ok,True,2,8,train,1495,4,success,0,0,14645,0.0,0.0,0.0,c:\Users\user\Documents\HSFlensburgMaster\Sommersemester2026\AdvancedDeepLearning\Projekt\Exoplanets\data\interim\spoc120_dataset_generation\samples\toi_436_01.npz
1430,4364.01,4070275,CP,5.4240691,2458439.340243,1.6875037,1766.8589296,11.3993,3500.0,0.465777,80.066927,-4.239248,2021-08-06 01:36:49,2026-03-27 12:03:28,1,ok,True,3,0,train,1496,5,success,0,0,17223,0.0,0.0,0.0,c:\Users\user\Documents\HSFlensburgMaster\Sommersemester2026\AdvancedDeepLearning\Projekt\Exoplanets\data\interim\spoc120_dataset_generation\samples\toi_4364_01.npz
1431,4367.01,313675203,FP,2.5025812,2460091.74954,2.771,807.0,9.462,5603.0,0.91,202.167147,-61.83472,2021-08-06 01:51:54,2025-12-11 16:00:01,0,ok,True,5,14,validation,1497,11,success,0,0,14807,0.0,0.0,0.0,c:\Users\user\Documents\HSFlensburgMaster\Sommersemester2026\AdvancedDeepLearning\Projekt\Exoplanets\data\interim\spoc120_dataset_generation\samples\toi_4367_01.npz
1432,4368.01,314724818,FP,4.4518604,2459337.012838,2.8339358,3558.2211894,10.0199,8353.8,3.60934,202.652035,-61.218031,2021-08-06 01:51:54,2024-11-19 10:08:02,0,ok,True,2,4,train,1498,38,success,0,0,18493,0.0,0.0,0.0,c:\Users\user\Documents\HSFlensburgMaster\Sommersemester2026\AdvancedDeepLearning\Projekt\Exoplanets\data\interim\spoc120_dataset_generation\samples\toi_4368_01.npz
1433,4582.01,219854519,CP,31.0343214,2459394.937884,12.0587354,1572.1891091,10.5481,5234.0,2.56935,256.860137,68.865626,2021-11-01 23:15:44,2024-09-18 10:08:02,1,ok,True,28,11,train,1499,40,success,22,0,19610,10.945273631840797,0.0,10.945273631840797,c:\Users\user\Documents\HSFlensburgMaster\Sommersemester2026\AdvancedDeepLearning\Projekt\Exoplanets\data\interim\spoc120_dataset_generation\samples\toi_4582_01.npz
1434,4583.01,103604037,FA,19.5202386,2459390.798699,4.096058,2962.4035565,10.571,5780.0,,150.892247,67.990199,2021-11-01 23:15:45,2021-11-03 12:02:29,0,ok,True,5,7,train,1500,40,success,9,0,19611,4.477611940298507,0.0,4.477611940298507,c:\Users\user\Documents\HSFlensburgMaster\Sommersemester2026\AdvancedDeepLearning\Projekt\Exoplanets\data\interim\spoc120_dataset_generation\samples\toi_4583_01.npz
1435,4584.01,120255950,KP,31.5786847,2459399.639202,2.1295055,2119.3256676,10.6114,5696.0,1.05178,284.472247,39.911889,2021-11-01 23:15:46,2023-03-15 16:02:02,1,ok,True,7,14,validation,1501,40,success,26,0,19611,12.935323383084576,0.0,12.935323383084576,c:\Users\user\Documents\HSFlensburgMaster\Sommersemester2026\AdvancedDeepLearning\Projekt\Exoplanets\data\interim\spoc120_dataset_generation\samples\toi_4584_01.npz
1436,4587.01,137683938,KP,3.2903136,2459393.659836,1.7465253,15334.2181362,14.5505,3579.0,0.567309,292.579856,37.376262,2021-11-01 23:15:47,2025-04-17 12:03:11,1,ok,True,7,8,train,1502,40,success,0,0,19609,0.0,0.0,0.0,c:\Users\user\Documents\HSFlensburgMaster\Sommersemester2026\AdvancedDeepLearning\Projekt\Exoplanets\data\interim\spoc120_dataset_generation\samples\toi_4587_01.npz
1437,4589.01,164458714,KP,17.8335899,2460364.345637,3.642,289.0,9.03131,6304.0,1.43,283.151045,45.140084,2021-11-01 23:15:48,2024-05-17 10:08:01,1,ok,True,11,15,validation,1503,14,success,9,0,18420,4.477611940298507,0.0,4.477611940298507,c:\Users\user\Documents\HSFlensburgMaster\Sommersemester2026\AdvancedDeepLearning\Projekt\Exoplanets\data\interim\spoc120_dataset_generation\samples\toi_4589_01.npz
1438,4591.01,356868487,FP,27.9102929,2459692.968529,10.6336018,18279.5176543,11.7167,6327.0,1.39013,275.838952,69.861926,2021-11-01 23:15:49,2024-09-18 10:08:02,0,ok,True,27,11,train,1504,40,success,6,0,19610,2.9850746268656714,0.0,2.9850746268656714,c:\Users\user\Documents\HSFlensburgMaster\Sommersemester2026\AdvancedDeepLearning\Projekt\Exoplanets\data\interim\spoc120_dataset_generation\samples\toi_4591_01.npz
1439,4592.01,122785299,KP,8.8849511,2459392.140389,1.9958507,16966.9658671,14.575,5160.0,0.977054,291.13762,36.577344,2021-11-01 23:15:50,2023-03-15 16:02:02,1,ok,True,6,16,validation,1505,40,success,0,0,19611,0.0,0.0,0.0,c:\Users\user\Documents\HSFlensburgMaster\Sommersemester2026\AdvancedDeepLearning\Projekt\Exoplanets\data\interim\spoc120_dataset_generation\samples\toi_4592_01.npz
1440,4593.01,399954349,KP,7.8344688,2458689.578278,3.1260803,2017.3628771,11.6052,4837.0,0.731146,287.605703,49.523394,2021-11-01 23:15:50,2023-03-15 16:02:02,1,ok,True,12,10,train,1506,14,success,0,0,18212,0.0,0.0,0.0,c:\Users\user\Documents\HSFlensburgMaster\Sommersemester2026\AdvancedDeepLearning\Projekt\Exoplanets\data\interim\spoc120_dataset_generation\samples\toi_4593_01.npz
1441,4593.02,399954349,KP,3.0051929,2458684.471974,1.8111648,737.8355831,11.6052,4837.0,0.731146,287.605703,49.523394,2023-03-23 19:50:43,2023-03-26 12:03:24,1,ok,True,12,10,train,1507,14,success,0,0,18212,0.0,0.0,0.0,c:\Users\user\Documents\HSFlensburgMaster\Sommersemester2026\AdvancedDeepLearning\Projekt\Exoplanets\data\interim\spoc120_dataset_generation\samples\toi_4593_02.npz
1442,4594.01,158555987,FP,5.5460893,2458687.926051,2.2804171,1956.6215347,11.8995,6963.86,1.88937,287.807212,43.188801,2021-11-01 23:15:51,2026-02-25 16:00:02,0,ok,True,10,19,test,1508,14,success,0,0,18039,0.0,0.0,0.0,c:\Users\user\Documents\HSFlensburgMaster\Sommersemester2026\AdvancedDeepLearning\Projekt\Exoplanets\data\interim\spoc120_dataset_generation\samples\toi_4594_01.npz
1443,4595.01,159725995,KP,3.7705865,2459394.278533,3.9149764,12789.7368577,14.9767,5897.0,1.38188,291.275663,47.329511,2021-11-01 23:15:51,2023-03-15 16:02:02,1,ok,True,8,10,train,1509,40,success,0,0,16240,0.0,0.0,0.0,c:\Users\user\Documents\HSFlensburgMaster\Sommersemester2026\AdvancedDeepLearning\Projekt\Exoplanets\data\interim\spoc120_dataset_generation\samples\toi_4595_01.npz
1444,3864.01,1001477809,FP,7.6605425,2458904.350933,4.425,5210.0,13.0949,,,213.806242,67.760539,2021-06-23 15:22:02,2024-08-22 10:08:01,0,ok,True,4,0,train,1510,48,success,0,0,15879,0.0,0.0,0.0,c:\Users\user\Documents\HSFlensburgMaster\Sommersemester2026\AdvancedDeepLearning\Projekt\Exoplanets\data\interim\spoc120_dataset_generation\samples\toi_3864_01.npz
1445,387.01,92359850,FP,4.155,2459167.71222,2.807,4900.0,9.65521,6270.0,1.57,52.225639,-19.979808,2019-01-16 19:24:30,2021-10-29 12:59:15,0,ok,True,1,18,test,1511,4,success,0,0,14804,0.0,0.0,0.0,c:\Users\user\Documents\HSFlensburgMaster\Sommersemester2026\AdvancedDeepLearning\Projekt\Exoplanets\data\interim\spoc120_dataset_generation\samples\toi_387_01.npz
1446,388.01,422655579,KP,2.9036858,2460985.806844,5.0469369,4642.2749148,10.1638,6059.0,2.14325,29.263451,0.758825,2019-02-08 20:04:48,2026-04-17 10:08:01,1,ok,True,5,16,validation,1512,4,success,0,0,14810,0.0,0.0,0.0,c:\Users\user\Documents\HSFlensburgMaster\Sommersemester2026\AdvancedDeepLearning\Projekt\Exoplanets\data\interim\spoc120_dataset_generation\samples\toi_388_01.npz
1447,413.01,170634116,KP,3.6623918,2459174.669346,3.7669692,12253.6582523,9.6757,6600.0,1.48532,66.370902,-30.600436,2019-06-06 20:53:59,2021-12-02 16:02:01,1,ok,True,4,8,train,1513,4,success,0,0,14540,0.0,0.0,0.0,c:\Users\user\Documents\HSFlensburgMaster\Sommersemester2026\AdvancedDeepLearning\Projekt\Exoplanets\data\interim\spoc120_dataset_generation\samples\toi_413_01.npz
1448,4130.01,71396541,FP,6.269716,2459031.311744,3.696,1240.0,10.7386,4812.0,1.08,116.069722,68.826258,2021-06-23 15:28:27,2024-08-22 10:08:01,0,ok,True,1,4,train,1514,47,success,0,0,16142,0.0,0.0,0.0,c:\Users\user\Documents\HSFlensburgMaster\Sommersemester2026\AdvancedDeepLearning\Projekt\Exoplanets\data\interim\spoc120_dataset_generation\samples\toi_4130_01.npz
1449,4134.01,420803693,FP,0.9135968,2459033.325227,1.247,540.0,11.2063,5987.0,0.89,70.506153,79.987529,2021-06-23 15:28:27,2024-08-22 10:08:01,0,ok,True,2,6,train,1515,52,success,0,0,16746,0.0,0.0,0.0,c:\Users\user\Documents\HSFlensburgMaster\Sommersemester2026\AdvancedDeepLearning\Projekt\Exoplanets\data\interim\spoc120_dataset_generation\samples\toi_4134_01.npz
1450,4135.01,288471040,FP,2.5139764,2459766.355421,2.36,560.0,10.5893,6150.0,2.05,271.493129,78.049292,2021-06-23 15:28:28,2024-08-22 10:08:01,0,ok,True,26,16,validation,1516,47,success,0,0,16456,0.0,0.0,0.0,c:\Users\user\Documents\HSFlensburgMaster\Sommersemester2026\AdvancedDeepLearning\Projekt\Exoplanets\data\interim\spoc120_dataset_generation\samples\toi_4135_01.npz
1451,4137.01,417646390,CP,3.8016217,2459762.195685,3.223,8310.0,10.8557,6244.0,1.47,77.612879,70.391079,2021-06-23 15:28:28,2024-08-22 10:08:01,1,ok,True,5,12,train,1517,52,success,0,0,16748,0.0,0.0,0.0,c:\Users\user\Documents\HSFlensburgMaster\Sommersemester2026\AdvancedDeepLearning\Projekt\Exoplanets\data\interim\spoc120_dataset_generation\samples\toi_4137_01.npz
1452,4138.01,257060897,CP,3.660032,2459660.607824,4.7853014,7749.7203265,11.2633,5988.0,1.88626,227.532153,72.710313,2021-06-23 15:28:28,2024-09-07 10:08:02,1,ok,True,13,14,validation,1518,40,success,0,0,19610,0.0,0.0,0.0,c:\Users\user\Documents\HSFlensburgMaster\Sommersemester2026\AdvancedDeepLearning\Projekt\Exoplanets\data\interim\spoc120_dataset_generation\samples\toi_4138_01.npz
1453,4139.01,408729765,FP,4.6200781,2459026.64911,2.149,3480.0,12.9551,5999.0,1.16,24.670602,80.433347,2021-06-23 15:28:28,2024-08-22 10:08:01,0,ok,True,2,3,train,1519,52,success,0,0,16748,0.0,0.0,0.0,c:\Users\user\Documents\HSFlensburgMaster\Sommersemester2026\AdvancedDeepLearning\Projekt\Exoplanets\data\interim\spoc120_dataset_generation\samples\toi_4139_01.npz
1454,414.01,325680697,FP,1.82488,2459168.84301,1.757,2950.0,9.15779,5773.74,1.23,36.853585,-12.03893,2019-02-08 20:04:48,2021-12-08 10:10:01,0,ok,True,2,15,validation,1520,4,success,0,0,14815,0.0,0.0,0.0,c:\Users\user\Documents\HSFlensburgMaster\Sommersemester2026\AdvancedDeepLearning\Projekt\Exoplanets\data\interim\spoc120_dataset_generation\samples\toi_414_01.npz
1455,4143.01,371711170,FP,9.8482192,2459015.247898,4.24,1670.0,12.1158,6126.0,3.31,70.100556,81.077272,2021-06-23 15:28:29,2024-08-22 10:08:01,0,ok,True,1,12,train,1521,53,success,0,0,14914,0.0,0.0,0.0,c:\Users\user\Documents\HSFlensburgMaster\Sommersemester2026\AdvancedDeepLearning\Projekt\Exoplanets\data\interim\spoc120_dataset_generation\samples\toi_4143_01.npz
1456,437.01,32499655,KP,2.7439029,2459197.575826,1.503168,13852.3979585,13.5452,4860.0,0.885702,84.326756,-27.972576,2019-06-06 20:53:59,2021-12-02 16:02:01,1,ok,True,5,14,validation,1522,5,success,0,0,17119,0.0,0.0,0.0,c:\Users\user\Documents\HSFlensburgMaster\Sommersemester2026\AdvancedDeepLearning\Projekt\Exoplanets\data\interim\spoc120_dataset_generation\samples\toi_437_01.npz
1457,4377.01,394918211,CP,4.3780194,2459337.638207,8.4203321,1604.3825129,10.7934,4913.0,3.41348,164.932471,-82.22135,2021-08-13 00:24:44,2025-07-09 16:00:02,1,ok,True,5,15,validation,1523,38,success,0,0,17133,0.0,0.0,0.0,c:\Users\user\Documents\HSFlensburgMaster\Sommersemester2026\AdvancedDeepLearning\Projekt\Exoplanets\data\interim\spoc120_dataset_generation\samples\toi_4377_01.npz
1458,4379.01,97766057,CP,3.2535299,2459363.367887,5.1923833,6115.0131399,11.8994,6368.0,2.06072,252.047881,-32.433753,2021-08-13 00:24:45,2026-01-21 10:08:01,1,ok,True,4,3,train,1524,39,success,0,0,18296,0.0,0.0,0.0,c:\Users\user\Documents\HSFlensburgMaster\Sommersemester2026\AdvancedDeepLearning\Projekt\Exoplanets\data\interim\spoc120_dataset_generation\samples\toi_4379_01.npz
1459,4383.01,384744828,FP,3.0421334,2459363.498874,1.5964685,2054.3050277,9.8062,5715.4,2.40325,258.918826,-79.648182,2021-08-13 00:24:45,2024-09-04 12:02:50,0,ok,True,1,0,train,1525,39,success,0,0,19336,0.0,0.0,0.0,c:\Users\user\Documents\HSFlensburgMaster\Sommersemester2026\AdvancedDeepLearning\Projekt\Exoplanets\data\interim\spoc120_dataset_generation\samples\toi_4383_01.npz
1460,4599.01,307809773,CP,2.7694936,2460284.446332,1.031,712.0,7.89863,3807.0,0.47,99.291543,17.56627,2021-11-01 23:34:06,2024-01-03 16:02:01,1,ok,True,5,12,train,1526,43,success,0,0,16197,0.0,0.0,0.0,c:\Users\user\Documents\HSFlensburgMaster\Sommersemester2026\AdvancedDeepLearning\Projekt\Exoplanets\data\interim\spoc120_dataset_generation\samples\toi_4599_01.npz
1461,4599.02,307809773,CP,5.7060868,2460277.804123,0.863,821.0,7.89863,3807.0,0.47,99.291543,17.56627,2021-11-01 23:34:05,2024-01-03 16:02:01,1,ok,True,5,12,train,1527,43,success,0,0,16197,0.0,0.0,0.0,c:\Users\user\Documents\HSFlensburgMaster\Sommersemester2026\AdvancedDeepLearning\Projekt\Exoplanets\data\interim\spoc120_dataset_generation\samples\toi_4599_02.npz
1462,460.01,9804616,FP,0.5168347,2458411.065871,0.936413,33190.706911,14.1118,3274.0,0.273,47.64349,-9.276812,2019-02-08 19:54:07,2021-12-08 10:10:01,0,ok,True,1,8,train,1528,4,success,0,0,14630,0.0,0.0,0.0,c:\Users\user\Documents\HSFlensburgMaster\Sommersemester2026\AdvancedDeepLearning\Projekt\Exoplanets\data\interim\spoc120_dataset_generation\samples\toi_460_01.npz
1463,4602.01,467651916,CP,3.9813082,2460655.201888,3.1,464.0,7.7746,6011.9,1.16,60.600332,31.329835,2021-11-02 00:11:46,2025-07-23 16:00:01,1,ok,True,5,11,train,1531,43,success,0,0,15605,0.0,0.0,0.0,c:\Users\user\Documents\HSFlensburgMaster\Sommersemester2026\AdvancedDeepLearning\Projekt\Exoplanets\data\interim\spoc120_dataset_generation\samples\toi_4602_01.npz
1464,4603.01,437856897,CP,7.2455997,2460273.680601,2.734,1106.0,8.6554,6169.1,2.68,83.865929,21.294242,2021-11-02 00:11:47,2024-01-04 16:02:02,1,ok,True,5,7,train,1532,43,success,0,0,16300,0.0,0.0,0.0,c:\Users\user\Documents\HSFlensburgMaster\Sommersemester2026\AdvancedDeepLearning\Projekt\Exoplanets\data\interim\spoc120_dataset_generation\samples\toi_4603_01.npz
1465,4604.01,27039476,KP,2.2251639,2460257.717716,1.545,284.0,9.3928,5509.0,0.92,76.44594,21.548199,2021-11-02 00:11:47,2024-04-24 10:08:02,1,ok,True,2,1,train,1533,43,success,0,0,16302,0.0,0.0,0.0,c:\Users\user\Documents\HSFlensburgMaster\Sommersemester2026\AdvancedDeepLearning\Projekt\Exoplanets\data\interim\spoc120_dataset_generation\samples\toi_4604_01.npz
1466,4605.01,19155785,FP,3.1442556,2460254.350652,1.81,2095.0,10.2207,5691.0,1.0,81.715698,18.419816,2021-11-02 00:11:48,2023-12-18 10:08:01,0,ok,True,1,2,train,1534,71,success,0,0,14596,0.0,0.0,0.0,c:\Users\user\Documents\HSFlensburgMaster\Sommersemester2026\AdvancedDeepLearning\Projekt\Exoplanets\data\interim\spoc120_dataset_generation\samples\toi_4605_01.npz
1467,4606.01,68577662,KP,11.1684037,2459522.948827,5.354,9660.0,9.31437,5981.0,1.22,73.766793,18.654323,2021-11-02 00:11:48,2024-01-17 10:08:02,1,ok,True,3,12,train,1535,43,success,0,0,15563,0.0,0.0,0.0,c:\Users\user\Documents\HSFlensburgMaster\Sommersemester2026\AdvancedDeepLearning\Projekt\Exoplanets\data\interim\spoc120_dataset_generation\samples\toi_4606_01.npz
1468,461.01,4646810,CP,10.9245478,2458416.351956,1.8716477,653.537141,8.8723,4884.0,0.74413,38.271253,-10.352178,2019-02-08 19:54:07,2025-08-15 16:00:02,1,ok,True,2,10,train,1536,4,success,0,0,14816,0.0,0.0,0.0,c:\Users\user\Documents\HSFlensburgMaster\Sommersemester2026\AdvancedDeepLearning\Projekt\Exoplanets\data\interim\spoc120_dataset_generation\samples\toi_461_01.npz
1469,3883.01,99330090,FP,7.0080817,2459443.719241,3.179,14900.0,11.1693,6307.0,1.06,189.828966,59.703485,2021-06-23 15:22:05,2024-08-22 10:08:01,0,ok,True,2,14,validation,1537,48,success,0,0,15944,0.0,0.0,0.0,c:\Users\user\Documents\HSFlensburgMaster\Sommersemester2026\AdvancedDeepLearning\Projekt\Exoplanets\data\interim\spoc120_dataset_generation\samples\toi_3883_01.npz
1470,3884.01,86263325,CP,4.5445569,2459656.499824,1.6368258,35598.6327422,12.9113,3192.0,0.303138,181.571834,12.507026,2021-06-23 15:22:05,2025-10-21 16:00:01,1,ok,True,2,3,train,1538,46,success,0,0,16914,0.0,0.0,0.0,c:\Users\user\Documents\HSFlensburgMaster\Sommersemester2026\AdvancedDeepLearning\Projekt\Exoplanets\data\interim\spoc120_dataset_generation\samples\toi_3884_01.npz
1471,3885.01,55748194,FA,2.5227786,2458923.581192,2.177,18880.0,12.293,5268.7,0.78,180.258942,55.846206,2021-06-23 15:22:05,2024-08-22 10:08:01,0,ok,True,2,3,train,1539,48,success,0,0,15170,0.0,0.0,0.0,c:\Users\user\Documents\HSFlensburgMaster\Sommersemester2026\AdvancedDeepLearning\Projekt\Exoplanets\data\interim\spoc120_dataset_generation\samples\toi_3885_01.npz
1472,389.01,271900960,FP,13.45913,2458330.37074,3.428,2579.32,8.2606,6457.7,1.38,112.941928,-75.527552,2019-01-24 19:35:19,2021-12-07 16:02:02,0,ok,True,34,13,train,1540,1,success,0,0,18277,0.0,0.0,0.0,c:\Users\user\Documents\HSFlensburgMaster\Sommersemester2026\AdvancedDeepLearning\Projekt\Exoplanets\data\interim\spoc120_dataset_generation\samples\toi_389_01.npz
1473,3890.01,18017227,FP,0.6203033,2459634.770884,1.031,1390.0,11.9245,6294.0,1.78,171.711327,37.705235,2021-06-23 15:22:06,2024-08-22 10:08:01,0,ok,True,1,3,train,1541,48,success,0,0,15314,0.0,0.0,0.0,c:\Users\user\Documents\HSFlensburgMaster\Sommersemester2026\AdvancedDeepLearning\Projekt\Exoplanets\data\interim\spoc120_dataset_generation\samples\toi_3890_01.npz
1474,3894.01,165464482,CP,4.3345378,2459657.9546,3.336,10000.0,11.323,6314.8,1.43,201.374827,52.768104,2021-06-23 15:22:07,2025-04-21 12:03:49,1,ok,True,2,9,train,1542,49,success,0,0,13807,0.0,0.0,0.0,c:\Users\user\Documents\HSFlensburgMaster\Sommersemester2026\AdvancedDeepLearning\Projekt\Exoplanets\data\interim\spoc120_dataset_generation\samples\toi_3894_01.npz
1475,4145.01,279947414,CP,4.0664446,2459767.636557,1.712,19740.0,11.5241,5421.0,0.86,39.429743,80.267384,2021-06-23 15:28:29,2024-08-22 10:08:01,1,ok,True,6,16,validation,1543,52,success,0,0,16749,0.0,0.0,0.0,c:\Users\user\Documents\HSFlensburgMaster\Sommersemester2026\AdvancedDeepLearning\Projekt\Exoplanets\data\interim\spoc120_dataset_generation\samples\toi_4145_01.npz
1476,4148.01,137157546,FP,3.6841446,2459721.117312,2.967,2260.0,12.0672,4939.0,0.79,30.021663,77.369001,2021-06-23 15:28:29,2024-08-22 10:08:01,0,ok,True,5,15,validation,1544,52,success,0,0,16749,0.0,0.0,0.0,c:\Users\user\Documents\HSFlensburgMaster\Sommersemester2026\AdvancedDeepLearning\Projekt\Exoplanets\data\interim\spoc120_dataset_generation\samples\toi_4148_01.npz
1477,415.01,152476657,KP,3.6112621,2459166.483051,3.5377447,5684.0944144,10.5831,6450.0,1.68443,62.616081,-45.898243,2019-06-06 20:53:59,2021-12-02 16:02:01,1,ok,True,5,15,validation,1545,4,success,0,0,14845,0.0,0.0,0.0,c:\Users\user\Documents\HSFlensburgMaster\Sommersemester2026\AdvancedDeepLearning\Projekt\Exoplanets\data\interim\spoc120_dataset_generation\samples\toi_415_01.npz
1478,4153.01,470171739,CP,4.6174254,2460452.837662,4.5173138,9412.560054,11.1477,6411.0,1.67219,335.39347,82.216079,2021-06-23 15:28:30,2026-06-10 12:04:06,1,ok,True,8,19,test,1546,53,success,0,0,17305,0.0,0.0,0.0,c:\Users\user\Documents\HSFlensburgMaster\Sommersemester2026\AdvancedDeepLearning\Projekt\Exoplanets\data\interim\spoc120_dataset_generation\samples\toi_4153_01.npz
1479,4155.01,467331291,CP,3.3207642,2459913.520622,2.487,940.0,11.2473,6142.0,0.95,325.636227,77.734384,2021-06-23 15:28:31,2025-08-09 12:03:57,1,ok,True,10,18,test,1547,52,success,0,0,16748,0.0,0.0,0.0,c:\Users\user\Documents\HSFlensburgMaster\Sommersemester2026\AdvancedDeepLearning\Projekt\Exoplanets\data\interim\spoc120_dataset_generation\samples\toi_4155_01.npz
1480,4157.01,461538935,FP,5.289835,2459767.361077,3.179,2330.0,11.5576,6655.0,1.11,345.981898,85.443022,2021-06-23 15:28:31,2024-08-22 10:08:01,0,ok,True,6,2,train,1548,52,success,0,0,16749,0.0,0.0,0.0,c:\Users\user\Documents\HSFlensburgMaster\Sommersemester2026\AdvancedDeepLearning\Projekt\Exoplanets\data\interim\spoc120_dataset_generation\samples\toi_4157_01.npz
1481,439.01,13021029,KP,3.85589,2459175.599762,3.9555399,9747.6035597,11.7231,6244.5,1.43256,75.299664,-26.054144,2019-02-08 16:19:52,2024-04-25 10:08:01,1,ok,True,3,8,train,1549,5,success,0,0,17043,0.0,0.0,0.0,c:\Users\user\Documents\HSFlensburgMaster\Sommersemester2026\AdvancedDeepLearning\Projekt\Exoplanets\data\interim\spoc120_dataset_generation\samples\toi_439_01.npz
1482,4394.01,341805908,FP,1.491916,2460069.037538,2.3336552,1474.3347879,10.3355,9747.0,4.42729,239.561368,-65.084504,2021-08-19 21:43:13,2025-12-11 16:00:01,0,ok,True,3,16,validation,1550,65,success,0,0,19515,0.0,0.0,0.0,c:\Users\user\Documents\HSFlensburgMaster\Sommersemester2026\AdvancedDeepLearning\Projekt\Exoplanets\data\interim\spoc120_dataset_generation\samples\toi_4394_01.npz
1483,4397.01,107728509,FP,2.6646183,2459385.728999,4.135,840.0,10.4304,11526.0,1.52,265.109377,-32.124087,2021-08-19 21:43:13,2021-10-29 12:59:15,0,ok,True,1,18,test,1551,39,success,0,0,17743,0.0,0.0,0.0,c:\Users\user\Documents\HSFlensburgMaster\Sommersemester2026\AdvancedDeepLearning\Projekt\Exoplanets\data\interim\spoc120_dataset_generation\samples\toi_4397_01.npz
1484,4399.01,464646604,CP,7.7121208,2459037.871491,2.4343481,728.4849109,7.7582,5985.4,1.08958,287.741144,-60.272636,2021-08-26 21:54:51,2022-04-27 12:05:10,1,ok,True,7,11,train,1552,27,success,0,0,16736,0.0,0.0,0.0,c:\Users\user\Documents\HSFlensburgMaster\Sommersemester2026\AdvancedDeepLearning\Projekt\Exoplanets\data\interim\spoc120_dataset_generation\samples\toi_4399_01.npz
1485,440.01,143350972,FP,1.0817,2458439.13519,1.588,341.533,7.6818,5759.2,1.02,82.245986,-17.429564,2019-01-31 16:53:30,2021-12-07 16:02:02,0,ok,True,3,18,test,1553,5,success,0,0,17320,0.0,0.0,0.0,c:\Users\user\Documents\HSFlensburgMaster\Sommersemester2026\AdvancedDeepLearning\Projekt\Exoplanets\data\interim\spoc120_dataset_generation\samples\toi_440_01.npz
1486,4610.01,1950736,FP,3.1129681,2460307.729373,2.308,585.0,10.0745,4104.0,0.69,79.04324,30.585072,2021-11-09 21:10:04,2024-02-05 16:02:02,0,ok,True,2,18,test,1554,71,success,0,0,15067,0.0,0.0,0.0,c:\Users\user\Documents\HSFlensburgMaster\Sommersemester2026\AdvancedDeepLearning\Projekt\Exoplanets\data\interim\spoc120_dataset_generation\samples\toi_4610_01.npz
1487,4612.01,97735908,KP,4.1137862,2460257.044778,5.235,5739.0,8.22398,6327.0,1.88,92.664023,30.957133,2021-11-09 21:10:05,2024-01-04 16:02:02,1,ok,True,5,12,train,1555,43,success,0,0,15968,0.0,0.0,0.0,c:\Users\user\Documents\HSFlensburgMaster\Sommersemester2026\AdvancedDeepLearning\Projekt\Exoplanets\data\interim\spoc120_dataset_generation\samples\toi_4612_01.npz
1488,4616.01,258796169,CP,1.5538188,2458765.025928,0.923936,3449.9519182,12.8872,3244.0,0.192729,14.818088,13.860795,2021-11-09 21:10:48,2026-03-12 12:03:50,1,ok,True,4,1,train,1556,17,success,0,0,12996,0.0,0.0,0.0,c:\Users\user\Documents\HSFlensburgMaster\Sommersemester2026\AdvancedDeepLearning\Projekt\Exoplanets\data\interim\spoc120_dataset_generation\samples\toi_4616_01.npz
1489,4618.01,284326455,KP,3.7998536,2459475.981707,1.8114914,25455.0849851,12.2341,4133.4,0.759375,99.897992,25.482401,2021-11-09 21:10:49,2024-11-25 16:02:01,1,ok,True,5,10,train,1557,43,success,0,0,15781,0.0,0.0,0.0,c:\Users\user\Documents\HSFlensburgMaster\Sommersemester2026\AdvancedDeepLearning\Projekt\Exoplanets\data\interim\spoc120_dataset_generation\samples\toi_4618_01.npz
1490,4621.01,293457754,KP,4.5195089,2459451.521141,3.1628648,17738.8625444,12.3553,5887.0,1.0321,26.793225,3.132932,2021-11-09 21:10:51,2024-11-25 16:02:01,1,ok,True,4,19,test,1558,42,success,0,0,12996,0.0,0.0,0.0,c:\Users\user\Documents\HSFlensburgMaster\Sommersemester2026\AdvancedDeepLearning\Projekt\Exoplanets\data\interim\spoc120_dataset_generation\samples\toi_4621_01.npz
1491,4623.01,56399553,KP,3.2588316,2459475.969231,2.2220346,22743.2337536,11.5476,5387.06,0.817114,62.670422,24.401656,2021-11-09 21:10:52,2024-11-26 16:02:02,1,ok,True,4,6,train,1559,43,success,0,0,15610,0.0,0.0,0.0,c:\Users\user\Documents\HSFlensburgMaster\Sommersemester2026\AdvancedDeepLearning\Projekt\Exoplanets\data\interim\spoc120_dataset_generation\samples\toi_4623_01.npz
1492,4624.01,84339983,KP,2.7908285,2459475.610373,2.2599869,10049.6938823,10.5136,6635.91,1.4707,100.848014,27.252182,2021-11-09 21:10:52,2024-11-26 16:02:02,1,ok,True,5,16,validation,1560,43,success,0,0,15973,0.0,0.0,0.0,c:\Users\user\Documents\HSFlensburgMaster\Sommersemester2026\AdvancedDeepLearning\Projekt\Exoplanets\data\interim\spoc120_dataset_generation\samples\toi_4624_01.npz
1493,390.01,250386181,FP,1.470258,2459138.72305,1.126,2700.0,9.89377,6321.46,1.08,30.114481,-4.985686,2019-02-08 20:04:48,2024-09-19 10:08:01,0,ok,True,2,2,train,1561,4,success,0,0,14851,0.0,0.0,0.0,c:\Users\user\Documents\HSFlensburgMaster\Sommersemester2026\AdvancedDeepLearning\Projekt\Exoplanets\data\interim\spoc120_dataset_generation\samples\toi_390_01.npz
1494,391.01,382391899,KP,1.9550932,2459169.669461,1.78762,19634.9908668,11.0529,5400.0,0.873418,43.688074,-10.898024,2019-02-08 20:04:48,2021-12-02 16:02:01,1,ok,True,2,2,train,1562,4,success,0,0,14658,0.0,0.0,0.0,c:\Users\user\Documents\HSFlensburgMaster\Sommersemester2026\AdvancedDeepLearning\Projekt\Exoplanets\data\interim\spoc120_dataset_generation\samples\toi_391_01.npz
1495,3912.01,156648452,CP,3.4936188,2459687.370442,3.355,9730.0,11.8747,5779.5,1.42,215.801496,24.076564,2021-06-23 15:22:52,2024-08-22 10:08:01,1,ok,True,2,18,test,1563,50,success,0,0,10640,0.0,0.0,0.0,c:\Users\user\Documents\HSFlensburgMaster\Sommersemester2026\AdvancedDeepLearning\Projekt\Exoplanets\data\interim\spoc120_dataset_generation\samples\toi_3912_01.npz
1496,3914.01,139118482,FP,6.7136512,2458946.965104,3.541,11490.0,11.3366,6179.1,1.15,193.595291,30.214364,2021-06-23 15:22:52,2024-08-22 10:08:01,0,ok,True,1,2,train,1564,49,success,0,0,13299,0.0,0.0,0.0,c:\Users\user\Documents\HSFlensburgMaster\Sommersemester2026\AdvancedDeepLearning\Projekt\Exoplanets\data\interim\spoc120_dataset_generation\samples\toi_3914_01.npz
1497,416.01,49899799,FP,7.0114,2459163.41477,4.8,8970.0,8.28222,6084.8,1.82,48.854393,-2.175314,2019-01-16 19:24:28,2021-10-29 12:59:15,0,ok,True,2,7,train,1565,4,success,0,0,14727,0.0,0.0,0.0,c:\Users\user\Documents\HSFlensburgMaster\Sommersemester2026\AdvancedDeepLearning\Projekt\Exoplanets\data\interim\spoc120_dataset_generation\samples\toi_416_01.npz
1498,417.01,339733013,FP,5.62162,2458328.37843,2.675,580.083,10.0793,5834.2,1.27,110.851802,-58.696738,2019-01-16 19:24:28,2021-12-07 16:02:02,0,ok,True,9,3,train,1567,4,success,0,0,14463,0.0,0.0,0.0,c:\Users\user\Documents\HSFlensburgMaster\Sommersemester2026\AdvancedDeepLearning\Projekt\Exoplanets\data\interim\spoc120_dataset_generation\samples\toi_417_01.npz
1499,4406.01,206541859,CP,30.083503,2459064.11893,3.9858103,5439.2108279,10.5663,5906.5,1.41293,18.048516,-56.925387,2021-08-27 01:10:50,2024-09-18 10:08:02,1,ok,True,7,9,train,1568,28,success,57,0,15278,28.35820895522388,0.0,28.35820895522388,c:\Users\user\Documents\HSFlensburgMaster\Sommersemester2026\AdvancedDeepLearning\Projekt\Exoplanets\data\interim\spoc120_dataset_generation\samples\toi_4406_01.npz
1500,441.01,316916655,FP,2.87436,2458440.19448,1.901,2490.41,9.19901,6805.0,1.44,74.472782,-13.703709,2019-02-08 16:19:52,2021-12-07 16:02:02,0,ok,True,2,16,validation,1569,5,success,0,0,17321,0.0,0.0,0.0,c:\Users\user\Documents\HSFlensburgMaster\Sommersemester2026\AdvancedDeepLearning\Projekt\Exoplanets\data\interim\spoc120_dataset_generation\samples\toi_441_01.npz
1501,4411.01,366484980,KP,13.7748361,2460236.627901,4.454,309.0,9.15722,6266.98,1.47,126.896827,11.667413,2021-08-27 01:10:52,2024-01-17 10:08:02,1,ok,True,7,4,train,1570,7,success,23,0,16341,11.442786069651742,0.0,11.442786069651742,c:\Users\user\Documents\HSFlensburgMaster\Sommersemester2026\AdvancedDeepLearning\Projekt\Exoplanets\data\interim\spoc120_dataset_generation\samples\toi_4411_01.npz
1502,4412.01,35315453,FP,2.0341073,2460851.315543,3.3935378,1090.8647356,10.2956,6849.0,2.05,249.808328,-52.099838,2021-08-27 02:40:30,2026-07-16 16:00:02,0,ok,True,3,4,train,1571,66,success,0,0,15587,0.0,0.0,0.0,c:\Users\user\Documents\HSFlensburgMaster\Sommersemester2026\AdvancedDeepLearning\Projekt\Exoplanets\data\interim\spoc120_dataset_generation\samples\toi_4412_01.npz
1503,4627.01,89702406,FP,23.1438551,2459264.71217,5.7659467,6955.8738937,11.5252,5356.0,1.06356,127.649986,-58.528508,2021-11-18 23:46:29,2023-12-21 10:08:02,0,ok,True,6,10,train,1572,35,success,42,0,13717,20.8955223880597,0.0,20.8955223880597,c:\Users\user\Documents\HSFlensburgMaster\Sommersemester2026\AdvancedDeepLearning\Projekt\Exoplanets\data\interim\spoc120_dataset_generation\samples\toi_4627_01.npz
1504,4628.01,404421005,KP,6.32668,2458575.158194,2.0310601,520.8002154,9.66562,5673.0,0.975383,202.01619,-15.937975,2021-11-19 00:07:17,2025-08-29 16:00:02,1,ok,True,3,1,train,1573,10,success,0,0,15063,0.0,0.0,0.0,c:\Users\user\Documents\HSFlensburgMaster\Sommersemester2026\AdvancedDeepLearning\Projekt\Exoplanets\data\interim\spoc120_dataset_generation\samples\toi_4628_01.npz
1505,463.01,176831592,FP,2.53405,2459169.21814,1.944,4070.0,9.1013,6497.8,1.65,48.957233,-32.802396,2019-02-08 19:54:07,2021-10-29 12:59:15,0,ok,True,2,13,train,1574,4,success,0,0,14760,0.0,0.0,0.0,c:\Users\user\Documents\HSFlensburgMaster\Sommersemester2026\AdvancedDeepLearning\Projekt\Exoplanets\data\interim\spoc120_dataset_generation\samples\toi_463_01.npz
1506,4634.01,17150865,FP,0.8706763,2460232.412765,1.007,1861.0,12.5065,6121.0,1.47,64.644978,19.179039,2021-11-19 00:50:37,2024-11-18 16:02:01,0,ok,True,3,18,test,1576,43,success,0,0,15697,0.0,0.0,0.0,c:\Users\user\Documents\HSFlensburgMaster\Sommersemester2026\AdvancedDeepLearning\Projekt\Exoplanets\data\interim\spoc120_dataset_generation\samples\toi_4634_01.npz
1507,4638.01,58824746,CP,10.2829583,2459449.353563,3.5348916,865.1246457,10.7434,5700.0,0.894563,12.820663,12.787986,2021-11-19 01:05:04,2025-04-21 12:03:49,1,ok,True,3,5,train,1579,42,success,0,0,12916,0.0,0.0,0.0,c:\Users\user\Documents\HSFlensburgMaster\Sommersemester2026\AdvancedDeepLearning\Projekt\Exoplanets\data\interim\spoc120_dataset_generation\samples\toi_4638_01.npz
1508,3917.01,68035558,FA,8.3289771,2458953.314052,2.984,6010.0,11.483,,,219.734394,37.027878,2021-06-23 15:22:52,2024-08-22 10:08:01,0,ok,True,2,6,train,1580,50,success,0,0,10082,0.0,0.0,0.0,c:\Users\user\Documents\HSFlensburgMaster\Sommersemester2026\AdvancedDeepLearning\Projekt\Exoplanets\data\interim\spoc120_dataset_generation\samples\toi_3917_01.npz
1509,3919.01,23769326,CP,7.4332642,2459682.83197,3.051,6000.0,12.3342,6227.0,1.32,208.944753,40.391806,2021-06-23 15:22:53,2025-04-21 12:03:49,1,ok,True,4,1,train,1581,49,success,0,0,13274,0.0,0.0,0.0,c:\Users\user\Documents\HSFlensburgMaster\Sommersemester2026\AdvancedDeepLearning\Projekt\Exoplanets\data\interim\spoc120_dataset_generation\samples\toi_3919_01.npz
1510,3920.01,2016376984,FA,2.317939,2458981.334869,1.676,13140.0,12.7509,5770.0,1.25,336.69079,57.434162,2021-06-23 15:24:11,2024-08-22 10:08:01,0,ok,True,4,16,validation,1582,57,success,0,0,17991,0.0,0.0,0.0,c:\Users\user\Documents\HSFlensburgMaster\Sommersemester2026\AdvancedDeepLearning\Projekt\Exoplanets\data\interim\spoc120_dataset_generation\samples\toi_3920_01.npz
1511,3924.01,456042145,FP,2.0474832,2458980.246552,3.159,6790.0,13.4802,6791.0,1.04,340.628454,64.754725,2021-06-23 15:24:11,2024-08-22 10:08:01,0,ok,True,2,12,train,1584,77,success,0,0,12874,0.0,0.0,0.0,c:\Users\user\Documents\HSFlensburgMaster\Sommersemester2026\AdvancedDeepLearning\Projekt\Exoplanets\data\interim\spoc120_dataset_generation\samples\toi_3924_01.npz
1512,393.01,29960109,FP,2.49221,2458411.66942,1.605,1480.0,11.2003,3450.0,0.45,42.250066,-14.537646,2019-01-16 19:24:30,2026-03-05 10:08:02,0,ok,True,2,13,train,1585,4,success,0,0,14758,0.0,0.0,0.0,c:\Users\user\Documents\HSFlensburgMaster\Sommersemester2026\AdvancedDeepLearning\Projekt\Exoplanets\data\interim\spoc120_dataset_generation\samples\toi_393_01.npz
1513,4178.01,289988797,FP,2.2042212,2459576.857352,1.011,4250.0,10.0415,5702.0,1.42,192.13314,-13.65338,2021-06-29 22:51:19,2022-03-11 10:10:02,0,ok,True,1,3,train,1586,10,success,0,0,14891,0.0,0.0,0.0,c:\Users\user\Documents\HSFlensburgMaster\Sommersemester2026\AdvancedDeepLearning\Projekt\Exoplanets\data\interim\spoc120_dataset_generation\samples\toi_4178_01.npz
1514,418.01,178284730,KP,2.2359865,2459146.100495,1.5254332,19058.0137423,10.3074,5260.0,0.844379,60.385539,-20.450999,2019-06-06 20:53:59,2021-12-02 16:02:01,1,ok,True,3,19,test,1587,4,success,0,0,14723,0.0,0.0,0.0,c:\Users\user\Documents\HSFlensburgMaster\Sommersemester2026\AdvancedDeepLearning\Projekt\Exoplanets\data\interim\spoc120_dataset_generation\samples\toi_418_01.npz
1515,4181.01,426017070,FP,0.5992533,2458354.57189,2.3197658,24379.9383482,15.951,31000.0,0.18,42.812401,-73.155511,2021-07-01 20:45:15,2025-02-21 13:59:35,0,ok,True,12,18,test,1588,2,success,0,0,18295,0.0,0.0,0.0,c:\Users\user\Documents\HSFlensburgMaster\Sommersemester2026\AdvancedDeepLearning\Projekt\Exoplanets\data\interim\spoc120_dataset_generation\samples\toi_4181_01.npz
1516,4184.01,394357918,CP,4.9019938,2458326.789691,1.3243804,10774.951206,14.2612,3147.0,0.240807,43.828475,-79.414704,2021-07-08 23:19:06,2023-12-03 12:03:15,1,ok,True,9,16,validation,1589,1,success,0,0,18277,0.0,0.0,0.0,c:\Users\user\Documents\HSFlensburgMaster\Sommersemester2026\AdvancedDeepLearning\Projekt\Exoplanets\data\interim\spoc120_dataset_generation\samples\toi_4184_01.npz
1517,4188.01,424747720,FP,10.2813284,2458655.604161,2.4414916,37333.9631684,13.0123,3919.0,0.593317,290.672257,-51.426409,2021-07-08 23:28:50,2021-10-29 12:59:15,0,ok,True,2,15,validation,1590,13,success,0,0,17040,0.0,0.0,0.0,c:\Users\user\Documents\HSFlensburgMaster\Sommersemester2026\AdvancedDeepLearning\Projekt\Exoplanets\data\interim\spoc120_dataset_generation\samples\toi_4188_01.npz
1518,419.01,279251651,FP,0.4038426,2458654.122394,1.0592218,636.6337963,10.5886,4119.1,0.555,104.153958,-59.181309,2019-01-16 19:24:28,2021-12-07 16:02:02,0,ok,True,32,2,train,1591,2,success,0,0,17491,0.0,0.0,0.0,c:\Users\user\Documents\HSFlensburgMaster\Sommersemester2026\AdvancedDeepLearning\Projekt\Exoplanets\data\interim\spoc120_dataset_generation\samples\toi_419_01.npz
1519,4414.01,1405997635,FP,1.8697825,2459385.39488,2.721,2940.0,10.3147,,,267.475228,-37.531317,2021-08-27 02:40:30,2021-11-19 12:02:23,0,ok,True,1,5,train,1592,93,success,0,0,16417,0.0,0.0,0.0,c:\Users\user\Documents\HSFlensburgMaster\Sommersemester2026\AdvancedDeepLearning\Projekt\Exoplanets\data\interim\spoc120_dataset_generation\samples\toi_4414_01.npz
1520,442.01,70899085,CP,4.0520368,2459196.115341,1.5605128,5512.4033193,10.7329,3779.0,0.607751,64.190221,-12.084864,2019-02-08 16:19:52,2024-09-10 10:08:02,1,ok,True,2,9,train,1593,5,success,0,0,17013,0.0,0.0,0.0,c:\Users\user\Documents\HSFlensburgMaster\Sommersemester2026\AdvancedDeepLearning\Projekt\Exoplanets\data\interim\spoc120_dataset_generation\samples\toi_442_01.npz
1521,4421.01,141412823,FP,21.7004042,2460151.66684,9.415,406.0,10.4078,5788.7,1.78,84.237192,-75.611421,2021-08-27 02:40:31,2023-10-24 16:02:02,0,ok,True,9,6,train,1594,61,success,20,0,15109,9.950248756218906,0.0,9.950248756218906,c:\Users\user\Documents\HSFlensburgMaster\Sommersemester2026\AdvancedDeepLearning\Projekt\Exoplanets\data\interim\spoc120_dataset_generation\samples\toi_4421_01.npz
1522,4426.01,271354351,KP,3.905126,2459422.126663,2.9136919,23549.9259888,14.5787,5381.0,0.947475,294.865467,46.285813,2021-09-09 19:53:43,2023-03-15 16:02:02,1,ok,True,7,0,train,1595,40,success,0,0,19611,0.0,0.0,0.0,c:\Users\user\Documents\HSFlensburgMaster\Sommersemester2026\AdvancedDeepLearning\Projekt\Exoplanets\data\interim\spoc120_dataset_generation\samples\toi_4426_01.npz
1523,4428.01,271042217,KP,1.8555745,2459770.501306,2.3121742,10888.0377261,13.9174,5651.75,1.40959,294.513246,45.981645,2021-09-09 19:53:43,2023-03-15 16:02:02,1,ok,True,6,19,test,1596,40,success,0,0,19608,0.0,0.0,0.0,c:\Users\user\Documents\HSFlensburgMaster\Sommersemester2026\AdvancedDeepLearning\Projekt\Exoplanets\data\interim\spoc120_dataset_generation\samples\toi_4428_01.npz
1524,464.01,398733009,FP,0.8185672,2459116.382318,0.9809687,44712.1811611,15.61,31000.0,0.18,32.169791,-9.046045,2019-02-08 19:54:07,2025-08-15 16:00:02,0,ok,True,3,2,train,1597,4,success,0,0,14817,0.0,0.0,0.0,c:\Users\user\Documents\HSFlensburgMaster\Sommersemester2026\AdvancedDeepLearning\Projekt\Exoplanets\data\interim\spoc120_dataset_generation\samples\toi_464_01.npz
1525,4641.01,436873727,CP,22.0933922,2460239.908686,5.4095076,2633.6009111,7.1323,6798.4,1.75449,42.558202,25.333533,2021-11-19 01:05:06,2025-04-21 12:03:49,1,ok,True,8,14,validation,1598,18,success,25,4,14765,12.437810945273633,6.557377049180328,12.437810945273633,c:\Users\user\Documents\HSFlensburgMaster\Sommersemester2026\AdvancedDeepLearning\Projekt\Exoplanets\data\interim\spoc120_dataset_generation\samples\toi_4641_01.npz
1526,465.01,270380593,KP,3.8361623,2458414.135893,2.4128495,5357.5774934,10.7307,4910.0,0.84738,32.782085,2.418194,2019-02-08 19:54:07,2024-11-26 16:02:02,1,ok,True,6,0,train,1600,4,success,0,0,14839,0.0,0.0,0.0,c:\Users\user\Documents\HSFlensburgMaster\Sommersemester2026\AdvancedDeepLearning\Projekt\Exoplanets\data\interim\spoc120_dataset_generation\samples\toi_465_01.npz
1527,3948.01,335489455,FP,2.1176601,2458978.435452,3.591,2000.0,12.5455,5814.0,0.89,332.633491,61.82941,2021-06-23 15:24:15,2024-08-22 10:08:01,0,ok,True,2,18,test,1601,78,success,0,0,12671,0.0,0.0,0.0,c:\Users\user\Documents\HSFlensburgMaster\Sommersemester2026\AdvancedDeepLearning\Projekt\Exoplanets\data\interim\spoc120_dataset_generation\samples\toi_3948_01.npz
1528,420.01,408159788,FP,2.300698,2459199.050071,3.451,780.0,10.6152,5747.3,0.85,78.447702,7.055842,2019-02-08 16:19:52,2021-12-07 16:02:02,0,ok,True,2,7,train,1602,5,success,0,0,17303,0.0,0.0,0.0,c:\Users\user\Documents\HSFlensburgMaster\Sommersemester2026\AdvancedDeepLearning\Projekt\Exoplanets\data\interim\spoc120_dataset_generation\samples\toi_420_01.npz
1529,4201.01,95057860,CP,3.5809733,2458485.286309,2.18,36850.0,13.5011,3790.0,0.61,90.474724,-13.461371,2021-07-12 14:27:18,2024-08-22 10:08:01,1,ok,True,2,12,train,1603,87,success,0,0,14904,0.0,0.0,0.0,c:\Users\user\Documents\HSFlensburgMaster\Sommersemester2026\AdvancedDeepLearning\Projekt\Exoplanets\data\interim\spoc120_dataset_generation\samples\toi_4201_01.npz
1530,543.01,53593457,FP,0.530893,2458468.332102,1.910177,33453.597195,15.0404,3085.0,0.193,100.306094,-3.925831,2019-03-28 00:07:14,2025-08-15 16:00:02,0,ok,True,2,19,test,1604,6,success,0,0,14655,0.0,0.0,0.0,c:\Users\user\Documents\HSFlensburgMaster\Sommersemester2026\AdvancedDeepLearning\Projekt\Exoplanets\data\interim\spoc120_dataset_generation\samples\toi_543_01.npz
1531,5434.01,307377219,FP,4.1629444,2459542.814078,2.064,3670.0,12.4151,6005.0,1.88,98.83772,14.490329,2022-04-20 18:22:45,2024-08-22 10:08:01,0,ok,True,2,7,train,1605,71,success,0,0,15107,0.0,0.0,0.0,c:\Users\user\Documents\HSFlensburgMaster\Sommersemester2026\AdvancedDeepLearning\Projekt\Exoplanets\data\interim\spoc120_dataset_generation\samples\toi_5434_01.npz
1532,544.01,50618703,CP,1.5483542,2458469.756983,1.2030925,926.4111032,9.6504,4665.0,0.663414,82.290072,-0.342898,2019-03-28 00:07:14,2021-10-29 12:59:15,1,ok,True,3,5,train,1606,6,success,0,0,14647,0.0,0.0,0.0,c:\Users\user\Documents\HSFlensburgMaster\Sommersemester2026\AdvancedDeepLearning\Projekt\Exoplanets\data\interim\spoc120_dataset_generation\samples\toi_544_01.npz
1533,5440.01,29374525,FP,3.813812,2459545.296726,2.572,2310.0,11.8338,4689.0,0.71,86.300794,18.461741,2022-04-20 18:22:48,2024-08-22 10:08:01,0,ok,True,2,19,test,1607,71,success,0,0,14975,0.0,0.0,0.0,c:\Users\user\Documents\HSFlensburgMaster\Sommersemester2026\AdvancedDeepLearning\Projekt\Exoplanets\data\interim\spoc120_dataset_generation\samples\toi_5440_01.npz
1534,5672.01,461239485,KP,3.0390851,2459693.716285,1.6455076,12337.5570732,11.4063,5316.0,0.864673,222.767322,5.947363,2022-07-07 18:50:02,2022-07-07 13:00:56,1,ok,True,1,1,train,1608,51,success,0,0,7230,0.0,0.0,0.0,c:\Users\user\Documents\HSFlensburgMaster\Sommersemester2026\AdvancedDeepLearning\Projekt\Exoplanets\data\interim\spoc120_dataset_generation\samples\toi_5672_01.npz
1535,5673.01,175772482,KP,2.8386215,2459695.204858,2.332647,15270.0987848,12.2688,5878.0,1.02573,223.819979,-2.057687,2022-07-07 18:50:03,2022-07-07 13:00:56,1,ok,True,1,14,validation,1609,51,success,0,0,7084,0.0,0.0,0.0,c:\Users\user\Documents\HSFlensburgMaster\Sommersemester2026\AdvancedDeepLearning\Projekt\Exoplanets\data\interim\spoc120_dataset_generation\samples\toi_5673_01.npz
1536,5674.01,368805700,KP,3.5771891,2459695.989749,3.0669978,15679.3921242,12.1159,5849.09,1.06358,221.943887,1.065023,2022-07-07 18:50:03,2022-07-07 13:00:56,1,ok,True,1,1,train,1610,51,success,0,0,8134,0.0,0.0,0.0,c:\Users\user\Documents\HSFlensburgMaster\Sommersemester2026\AdvancedDeepLearning\Projekt\Exoplanets\data\interim\spoc120_dataset_generation\samples\toi_5674_01.npz
1537,5675.01,181949561,KP,4.0552832,2459694.284607,2.868068,23434.8052486,11.3763,5326.6,1.01342,217.326648,-3.444499,2022-07-07 18:50:04,2026-01-15 16:00:02,1,ok,True,2,12,train,1611,51,success,0,0,8033,0.0,0.0,0.0,c:\Users\user\Documents\HSFlensburgMaster\Sommersemester2026\AdvancedDeepLearning\Projekt\Exoplanets\data\interim\spoc120_dataset_generation\samples\toi_5675_01.npz
1538,5676.01,311133118,KP,3.5061649,2459701.925342,1.6009658,18379.4360484,10.5319,4906.0,0.771086,222.210077,22.152614,2022-07-07 18:50:04,2023-03-15 16:02:02,1,ok,True,3,15,validation,1612,50,success,0,0,10465,0.0,0.0,0.0,c:\Users\user\Documents\HSFlensburgMaster\Sommersemester2026\AdvancedDeepLearning\Projekt\Exoplanets\data\interim\spoc120_dataset_generation\samples\toi_5676_01.npz
1539,568.01,37575651,FP,9.5971977,2458521.909289,2.9439152,600.5813487,8.2866,5780.0,,135.340486,-28.324589,2019-04-05 20:18:16,2025-12-03 12:04:45,0,ok,True,3,1,train,1614,8,success,0,0,12969,0.0,0.0,0.0,c:\Users\user\Documents\HSFlensburgMaster\Sommersemester2026\AdvancedDeepLearning\Projekt\Exoplanets\data\interim\spoc120_dataset_generation\samples\toi_568_01.npz
1540,5680.01,368739874,CP,3.3575477,2459714.264611,1.788,26240.0,12.9463,5013.0,0.75,221.058269,5.605373,2022-07-14 20:57:21,2024-08-22 10:08:01,1,ok,True,1,18,test,1615,51,success,0,0,6757,0.0,0.0,0.0,c:\Users\user\Documents\HSFlensburgMaster\Sommersemester2026\AdvancedDeepLearning\Projekt\Exoplanets\data\interim\spoc120_dataset_generation\samples\toi_5680_01.npz
1541,5685.01,460396820,KP,2.3409909,2459714.654156,2.5,12040.0,11.0062,6090.0,1.35,227.215497,2.343286,2022-07-14 20:57:23,2025-08-29 16:00:02,1,ok,True,1,6,train,1616,51,success,0,0,7049,0.0,0.0,0.0,c:\Users\user\Documents\HSFlensburgMaster\Sommersemester2026\AdvancedDeepLearning\Projekt\Exoplanets\data\interim\spoc120_dataset_generation\samples\toi_5685_01.npz
1542,4940.01,237929468,CP,25.8663869,2459963.745719,4.0838781,2612.8827406,11.8153,5418.7,1.17513,58.251168,-62.407968,2021-12-21 22:38:02,2025-12-09 12:03:42,1,ok,True,10,9,train,1617,64,recovered,1,0,18854,0.4975124378109453,0.0,0.4975124378109453,c:\Users\user\Documents\HSFlensburgMaster\Sommersemester2026\AdvancedDeepLearning\Projekt\Exoplanets\data\interim\spoc120_dataset_generation\samples\toi_4940_01.npz
1543,5184.01,28643432,FP,2.2751393,2459418.221331,2.087,3350.0,11.649,5810.0,1.71,282.699884,34.494757,2022-02-28 23:22:36,2024-08-22 10:08:01,0,ok,True,3,0,train,1618,74,success,0,0,16014,0.0,0.0,0.0,c:\Users\user\Documents\HSFlensburgMaster\Sommersemester2026\AdvancedDeepLearning\Projekt\Exoplanets\data\interim\spoc120_dataset_generation\samples\toi_5184_01.npz
1544,5189.01,408549705,FP,9.5064017,2459753.52285,3.258,8710.0,12.9177,5999.0,1.09,94.084217,87.317511,2022-02-28 23:22:38,2024-08-22 10:08:01,0,ok,True,5,7,train,1619,59,success,0,0,16047,0.0,0.0,0.0,c:\Users\user\Documents\HSFlensburgMaster\Sommersemester2026\AdvancedDeepLearning\Projekt\Exoplanets\data\interim\spoc120_dataset_generation\samples\toi_5189_01.npz
1545,519.01,218795833,CP,1.2652338,2458491.877056,1.2121003,110215.6795079,14.4347,3225.0,0.355309,124.606758,-19.662792,2019-03-22 22:54:00,2023-12-18 10:08:01,1,ok,True,4,11,train,1620,7,success,0,0,16299,0.0,0.0,0.0,c:\Users\user\Documents\HSFlensburgMaster\Sommersemester2026\AdvancedDeepLearning\Projekt\Exoplanets\data\interim\spoc120_dataset_generation\samples\toi_519_01.npz
1546,5198.01,193628179,FP,3.2623468,2459415.348922,2.91,8540.0,11.9993,5957.4,1.41,266.562261,46.498341,2022-02-28 23:22:42,2024-08-22 10:08:01,0,ok,True,4,3,train,1621,74,success,0,0,15700,0.0,0.0,0.0,c:\Users\user\Documents\HSFlensburgMaster\Sommersemester2026\AdvancedDeepLearning\Projekt\Exoplanets\data\interim\spoc120_dataset_generation\samples\toi_5198_01.npz
1547,5447.01,239722954,FP,1.4958429,2459550.515708,1.534,2830.0,13.1472,5666.0,1.27,86.45835,35.331499,2022-04-20 18:22:51,2024-08-22 10:08:01,0,ok,True,2,15,validation,1622,59,success,0,0,16734,0.0,0.0,0.0,c:\Users\user\Documents\HSFlensburgMaster\Sommersemester2026\AdvancedDeepLearning\Projekt\Exoplanets\data\interim\spoc120_dataset_generation\samples\toi_5447_01.npz
1548,545.01,37168957,KP,1.9000862,2459203.608483,2.3058232,25717.0085858,14.2465,5440.0,0.934028,98.172417,-0.031604,2019-03-28 00:07:14,2021-12-02 10:10:02,1,ok,True,3,14,validation,1623,6,success,0,0,14620,0.0,0.0,0.0,c:\Users\user\Documents\HSFlensburgMaster\Sommersemester2026\AdvancedDeepLearning\Projekt\Exoplanets\data\interim\spoc120_dataset_generation\samples\toi_545_01.npz
1549,5450.01,6653897,FP,0.8857522,2459549.122766,1.579,760.0,11.4541,6238.2,1.13,81.051235,20.590643,2022-04-20 18:22:52,2024-08-22 10:08:01,0,ok,True,1,16,validation,1624,71,success,0,0,14629,0.0,0.0,0.0,c:\Users\user\Documents\HSFlensburgMaster\Sommersemester2026\AdvancedDeepLearning\Projekt\Exoplanets\data\interim\spoc120_dataset_generation\samples\toi_5450_01.npz
1550,5456.01,87044036,FP,1.0711292,2459550.184214,2.213,2030.0,12.3128,6070.0,1.31,98.853985,24.835858,2022-04-20 18:22:55,2024-08-22 10:08:01,0,ok,True,2,18,test,1625,71,success,0,0,14674,0.0,0.0,0.0,c:\Users\user\Documents\HSFlensburgMaster\Sommersemester2026\AdvancedDeepLearning\Projekt\Exoplanets\data\interim\spoc120_dataset_generation\samples\toi_5456_01.npz
1551,546.01,36440357,KP,9.2016496,2459211.46641,4.4317333,13812.3233628,13.1573,6190.0,1.12271,102.194623,-0.672786,2019-03-28 00:07:14,2021-12-02 10:10:02,1,ok,True,3,9,train,1626,6,success,0,0,14655,0.0,0.0,0.0,c:\Users\user\Documents\HSFlensburgMaster\Sommersemester2026\AdvancedDeepLearning\Projekt\Exoplanets\data\interim\spoc120_dataset_generation\samples\toi_546_01.npz
1552,5688.01,193634953,CP,2.9479689,2459750.623008,1.584,24090.0,14.2085,3588.0,0.58,266.9231,47.705049,2022-07-14 20:57:24,2024-09-04 12:02:50,1,ok,True,4,18,test,1627,74,success,0,0,16008,0.0,0.0,0.0,c:\Users\user\Documents\HSFlensburgMaster\Sommersemester2026\AdvancedDeepLearning\Projekt\Exoplanets\data\interim\spoc120_dataset_generation\samples\toi_5688_01.npz
1553,569.01,123482865,CP,6.5562078,2459270.500253,2.314,2970.0,9.4727,6845.0,1.47,115.102779,-42.154663,2019-04-05 20:18:16,2024-04-26 10:08:02,1,ok,True,5,19,test,1628,7,success,0,0,16342,0.0,0.0,0.0,c:\Users\user\Documents\HSFlensburgMaster\Sommersemester2026\AdvancedDeepLearning\Projekt\Exoplanets\data\interim\spoc120_dataset_generation\samples\toi_569_01.npz
1554,5695.01,103865797,FP,2.2232698,2459740.631465,0.648,31700.0,14.2399,3157.0,0.36,242.15447,19.253248,2022-07-14 20:57:28,2024-10-05 12:02:49,0,ok,True,1,15,validation,1629,78,success,0,0,8249,0.0,0.0,0.0,c:\Users\user\Documents\HSFlensburgMaster\Sommersemester2026\AdvancedDeepLearning\Projekt\Exoplanets\data\interim\spoc120_dataset_generation\samples\toi_5695_01.npz
1555,570.01,126733133,FP,1.4687098,2460774.858936,1.0472885,1567.6508147,10.027,5973.0,1.31,136.955524,-51.867213,2019-04-05 20:18:17,2025-12-11 10:08:01,0,ok,True,7,1,train,1630,8,success,0,0,13071,0.0,0.0,0.0,c:\Users\user\Documents\HSFlensburgMaster\Sommersemester2026\AdvancedDeepLearning\Projekt\Exoplanets\data\interim\spoc120_dataset_generation\samples\toi_570_01.npz
1556,4948.01,160476088,FP,0.4722347,2459360.065225,1.074,3610.0,13.164,5827.0,1.1,226.854216,-45.159596,2021-12-21 22:38:05,2026-07-29 12:05:13,0,ok,True,3,10,train,1631,65,success,0,0,15617,0.0,0.0,0.0,c:\Users\user\Documents\HSFlensburgMaster\Sommersemester2026\AdvancedDeepLearning\Projekt\Exoplanets\data\interim\spoc120_dataset_generation\samples\toi_4948_01.npz
1557,495.01,22529346,KP,1.2749246,2459986.21062,2.783,18699.0,10.056,6459.0,1.52,107.600231,-39.09727,2019-03-14 21:38:48,2023-04-04 16:02:02,1,ok,True,6,16,validation,1632,7,success,0,0,16339,0.0,0.0,0.0,c:\Users\user\Documents\HSFlensburgMaster\Sommersemester2026\AdvancedDeepLearning\Projekt\Exoplanets\data\interim\spoc120_dataset_generation\samples\toi_495_01.npz
1558,5199.01,298049015,FP,3.9131371,2459438.721301,1.846,37860.0,14.9652,3773.0,0.62,185.336268,81.647682,2022-02-28 23:23:24,2024-08-22 10:08:01,0,ok,True,1,0,train,1633,74,success,0,0,13714,0.0,0.0,0.0,c:\Users\user\Documents\HSFlensburgMaster\Sommersemester2026\AdvancedDeepLearning\Projekt\Exoplanets\data\interim\spoc120_dataset_generation\samples\toi_5199_01.npz
1559,5205.01,419411415,CP,1.6306523,2459443.470673,1.202,68050.0,13.6136,3262.0,0.4,313.770682,24.360977,2022-02-28 23:23:27,2024-08-22 10:08:01,1,ok,True,1,13,train,1634,82,success,0,0,18136,0.0,0.0,0.0,c:\Users\user\Documents\HSFlensburgMaster\Sommersemester2026\AdvancedDeepLearning\Projekt\Exoplanets\data\interim\spoc120_dataset_generation\samples\toi_5205_01.npz
1560,521.01,27649847,CP,1.5428486,2458492.716411,1.1958898,2154.4855781,12.4029,3439.0,0.420028,123.344257,12.222108,2019-03-22 22:54:00,2025-09-18 12:03:32,1,ok,True,7,3,train,1635,7,success,0,0,16341,0.0,0.0,0.0,c:\Users\user\Documents\HSFlensburgMaster\Sommersemester2026\AdvancedDeepLearning\Projekt\Exoplanets\data\interim\spoc120_dataset_generation\samples\toi_521_01.npz
1561,5212.01,424699834,FP,2.4011407,2459826.176137,3.6926411,3193.9893038,12.8257,5911.0,1.50878,294.459175,58.986723,2022-02-28 23:23:30,2024-09-07 10:08:02,0,ok,True,12,14,validation,1636,56,success,0,0,17896,0.0,0.0,0.0,c:\Users\user\Documents\HSFlensburgMaster\Sommersemester2026\AdvancedDeepLearning\Projekt\Exoplanets\data\interim\spoc120_dataset_generation\samples\toi_5212_01.npz
1562,5467.01,83275782,CP,2.6570006,2459545.353155,2.125,4050.0,11.8423,6328.7,1.63,94.393712,28.445251,2022-04-20 18:23:00,2025-01-20 12:03:29,1,ok,True,2,12,train,1637,71,success,0,0,14731,0.0,0.0,0.0,c:\Users\user\Documents\HSFlensburgMaster\Sommersemester2026\AdvancedDeepLearning\Projekt\Exoplanets\data\interim\spoc120_dataset_generation\samples\toi_5467_01.npz
1563,547.01,36352297,KP,1.5089635,2459211.478874,2.373,13140.0,13.0501,5950.0,1.29,102.079859,-3.102139,2019-03-28 00:07:14,2021-10-29 12:59:15,1,ok,True,3,5,train,1638,6,success,0,0,14629,0.0,0.0,0.0,c:\Users\user\Documents\HSFlensburgMaster\Sommersemester2026\AdvancedDeepLearning\Projekt\Exoplanets\data\interim\spoc120_dataset_generation\samples\toi_547_01.npz
1564,5478.02,95122849,FP,10.1197017,2459593.124173,2.129,2570.0,12.0515,5656.0,1.75,114.741958,29.428761,2022-05-17 20:13:07,2024-08-22 10:08:01,0,ok,True,3,2,train,1639,60,success,4,0,12945,1.9900497512437811,0.0,1.9900497512437811,c:\Users\user\Documents\HSFlensburgMaster\Sommersemester2026\AdvancedDeepLearning\Projekt\Exoplanets\data\interim\spoc120_dataset_generation\samples\toi_5478_02.npz
1565,5702.01,141985686,FA,3.1291319,2459738.417473,1.993,680.0,9.83993,6236.0,1.57,255.456895,14.707465,2022-07-28 21:43:08,2024-07-03 12:03:06,0,ok,True,1,1,train,1640,79,success,0,0,12495,0.0,0.0,0.0,c:\Users\user\Documents\HSFlensburgMaster\Sommersemester2026\AdvancedDeepLearning\Projekt\Exoplanets\data\interim\spoc120_dataset_generation\samples\toi_5702_01.npz
1566,5704.01,148673433,CP,3.7711066,2458901.78789,2.3375061,1647.6730314,10.6147,4590.0,0.757521,169.824869,44.989078,2022-08-18 20:03:38,2023-12-03 12:03:15,1,ok,True,3,2,train,1641,22,success,0,0,15924,0.0,0.0,0.0,c:\Users\user\Documents\HSFlensburgMaster\Sommersemester2026\AdvancedDeepLearning\Projekt\Exoplanets\data\interim\spoc120_dataset_generation\samples\toi_5704_01.npz
1567,571.01,270468559,KP,4.6418435,2458519.462703,3.8566772,7525.447523,11.5598,5743.0,1.41374,135.344358,6.097083,2019-04-05 20:18:17,2024-11-25 16:02:01,1,ok,True,8,4,train,1642,8,success,0,0,12899,0.0,0.0,0.0,c:\Users\user\Documents\HSFlensburgMaster\Sommersemester2026\AdvancedDeepLearning\Projekt\Exoplanets\data\interim\spoc120_dataset_generation\samples\toi_571_01.npz
1568,5713.01,219041246,CP,10.4419896,2458745.677964,1.714349,3992.4372644,12.7022,3271.0,0.292425,208.458732,52.602763,2022-08-18 20:04:06,2025-03-06 12:05:33,1,ok,True,5,14,validation,1643,16,success,0,0,14585,0.0,0.0,0.0,c:\Users\user\Documents\HSFlensburgMaster\Sommersemester2026\AdvancedDeepLearning\Projekt\Exoplanets\data\interim\spoc120_dataset_generation\samples\toi_5713_01.npz
1569,497.01,108645766,FP,2.974175,2458492.914449,3.031634,11707.257241,13.2312,3333.0,0.302,112.446414,-28.483916,2019-03-14 21:38:48,2021-12-08 10:10:01,0,ok,True,2,10,train,1644,7,success,0,0,16341,0.0,0.0,0.0,c:\Users\user\Documents\HSFlensburgMaster\Sommersemester2026\AdvancedDeepLearning\Projekt\Exoplanets\data\interim\spoc120_dataset_generation\samples\toi_497_01.npz
1570,5218.01,259172249,CP,4.2914879,2459825.392121,2.3462656,19180.7233775,14.5179,3937.0,0.675707,292.663464,71.762961,2022-02-28 23:23:32,2025-04-21 12:03:49,1,ok,True,16,1,train,1645,56,success,0,0,19610,0.0,0.0,0.0,c:\Users\user\Documents\HSFlensburgMaster\Sommersemester2026\AdvancedDeepLearning\Projekt\Exoplanets\data\interim\spoc120_dataset_generation\samples\toi_5218_01.npz
1571,522.01,19451711,FA,0.3969687,2458491.722787,1.5006666,110.7179018,7.3645,7381.0,1.86219,124.602684,-7.571238,2019-03-22 22:54:00,2025-12-11 10:08:01,0,ok,True,5,9,train,1646,7,success,0,0,16338,0.0,0.0,0.0,c:\Users\user\Documents\HSFlensburgMaster\Sommersemester2026\AdvancedDeepLearning\Projekt\Exoplanets\data\interim\spoc120_dataset_generation\samples\toi_522_01.npz
1572,5226.01,195093356,FP,7.8284207,2459432.674379,5.456,32460.0,11.8572,5707.0,0.94,313.339745,37.475083,2022-02-28 23:23:36,2024-08-27 12:02:45,0,ok,True,2,13,train,1647,75,success,0,0,15983,0.0,0.0,0.0,c:\Users\user\Documents\HSFlensburgMaster\Sommersemester2026\AdvancedDeepLearning\Projekt\Exoplanets\data\interim\spoc120_dataset_generation\samples\toi_5226_01.npz
1573,523.01,93125144,FA,9.91102,2458472.959693,2.981681,6044.13412,9.6833,4692.0,0.941705,84.846558,-19.55834,2019-03-28 00:07:14,2021-10-29 12:59:15,0,ok,True,3,4,train,1648,6,success,0,0,14518,0.0,0.0,0.0,c:\Users\user\Documents\HSFlensburgMaster\Sommersemester2026\AdvancedDeepLearning\Projekt\Exoplanets\data\interim\spoc120_dataset_generation\samples\toi_523_01.npz
1574,548.01,42821097,KP,3.8971203,2459205.242785,4.8258882,6312.7462771,13.1861,6090.0,1.6395,97.033598,-0.170729,2019-03-28 00:07:14,2021-12-02 10:10:02,1,ok,True,3,2,train,1649,6,success,0,0,14654,0.0,0.0,0.0,c:\Users\user\Documents\HSFlensburgMaster\Sommersemester2026\AdvancedDeepLearning\Projekt\Exoplanets\data\interim\spoc120_dataset_generation\samples\toi_548_01.npz
1575,549.01,32830028,FP,0.516278,2458468.344415,0.565611,20289.210823,14.2321,3009.0,0.169,86.752182,-24.842642,2019-03-28 00:07:14,2021-10-29 12:59:15,0,ok,True,3,10,train,1650,6,success,0,0,14577,0.0,0.0,0.0,c:\Users\user\Documents\HSFlensburgMaster\Sommersemester2026\AdvancedDeepLearning\Projekt\Exoplanets\data\interim\spoc120_dataset_generation\samples\toi_549_01.npz
1576,5716.01,298074836,CP,6.7662729,2458683.61592,1.0575063,1998.3738721,13.1066,3331.0,0.225966,201.900799,73.177433,2022-08-18 20:04:07,2026-03-11 12:03:21,1,ok,True,11,0,train,1651,14,success,0,0,17571,0.0,0.0,0.0,c:\Users\user\Documents\HSFlensburgMaster\Sommersemester2026\AdvancedDeepLearning\Projekt\Exoplanets\data\interim\spoc120_dataset_generation\samples\toi_5716_01.npz
1577,5720.01,230055368,CP,1.4344602,2458900.645029,0.9348877,1028.2187852,11.6196,3421.0,0.37103,170.313577,25.273294,2022-08-18 20:04:09,2025-04-21 12:03:49,1,ok,True,2,10,train,1652,22,success,0,0,15910,0.0,0.0,0.0,c:\Users\user\Documents\HSFlensburgMaster\Sommersemester2026\AdvancedDeepLearning\Projekt\Exoplanets\data\interim\spoc120_dataset_generation\samples\toi_5720_01.npz
1578,5726.01,71582156,CP,5.4911302,2458843.596098,1.9062098,448.451647,9.16067,5874.0,1.10649,123.39505,68.57459,2022-08-18 20:04:11,2025-04-21 12:03:49,1,ok,True,5,17,test,1653,20,success,0,0,17630,0.0,0.0,0.0,c:\Users\user\Documents\HSFlensburgMaster\Sommersemester2026\AdvancedDeepLearning\Projekt\Exoplanets\data\interim\spoc120_dataset_generation\samples\toi_5726_01.npz
1579,4985.01,294315741,FP,3.5678072,2459546.190637,2.968,17670.0,13.3162,7819.0,1.71,93.095903,12.838602,2022-01-06 22:32:59,2025-09-05 16:00:02,0,ok,True,1,1,train,1654,87,success,0,0,14980,0.0,0.0,0.0,c:\Users\user\Documents\HSFlensburgMaster\Sommersemester2026\AdvancedDeepLearning\Projekt\Exoplanets\data\interim\spoc120_dataset_generation\samples\toi_4985_01.npz
1580,4987.01,293607057,CP,4.2889696,2459274.884918,2.517,5850.0,10.6311,6736.9,2.61,153.669669,-15.642837,2022-01-06 22:37:02,2024-08-22 10:08:01,1,ok,True,3,13,train,1655,62,success,0,0,15859,0.0,0.0,0.0,c:\Users\user\Documents\HSFlensburgMaster\Sommersemester2026\AdvancedDeepLearning\Projekt\Exoplanets\data\interim\spoc120_dataset_generation\samples\toi_4987_01.npz
1581,5231.01,105387356,FP,1.5163046,2459445.816359,3.619,1180.0,11.4186,6529.0,3.11,300.767548,31.059697,2022-02-28 23:23:38,2024-08-22 10:08:01,0,ok,True,4,11,train,1656,74,success,0,0,18788,0.0,0.0,0.0,c:\Users\user\Documents\HSFlensburgMaster\Sommersemester2026\AdvancedDeepLearning\Projekt\Exoplanets\data\interim\spoc120_dataset_generation\samples\toi_5231_01.npz
1582,5232.01,69356857,CP,4.0966887,2459440.069991,4.557,5620.0,11.7791,6212.0,1.74,294.337425,35.276493,2022-02-28 23:23:38,2025-04-21 12:03:49,1,ok,True,3,1,train,1657,74,success,0,0,14751,0.0,0.0,0.0,c:\Users\user\Documents\HSFlensburgMaster\Sommersemester2026\AdvancedDeepLearning\Projekt\Exoplanets\data\interim\spoc120_dataset_generation\samples\toi_5232_01.npz
1583,5238.01,219016883,CP,4.8721904,2459661.51574,2.584,2180.0,11.637,5430.5,1.02,223.358891,68.859472,2022-02-28 23:23:41,2024-08-22 10:08:01,1,ok,True,3,14,validation,1658,74,success,0,0,12637,0.0,0.0,0.0,c:\Users\user\Documents\HSFlensburgMaster\Sommersemester2026\AdvancedDeepLearning\Projekt\Exoplanets\data\interim\spoc120_dataset_generation\samples\toi_5238_01.npz
1584,524.01,365690646,FA,12.983175,2458471.143375,1.527578,1180.996904,10.094,6962.64,1.67983,81.54323,6.912307,2019-03-28 00:07:14,2025-08-15 16:00:02,0,ok,True,2,10,train,1659,6,success,17,0,14589,8.45771144278607,0.0,8.45771144278607,c:\Users\user\Documents\HSFlensburgMaster\Sommersemester2026\AdvancedDeepLearning\Projekt\Exoplanets\data\interim\spoc120_dataset_generation\samples\toi_524_01.npz
1585,5240.01,40055053,CP,4.1793301,2459444.902109,5.161,4900.0,11.6917,7349.0,2.31,293.083789,34.940397,2022-02-28 23:23:42,2025-01-20 12:03:29,1,ok,True,3,10,train,1660,74,success,0,0,14639,0.0,0.0,0.0,c:\Users\user\Documents\HSFlensburgMaster\Sommersemester2026\AdvancedDeepLearning\Projekt\Exoplanets\data\interim\spoc120_dataset_generation\samples\toi_5240_01.npz
1586,5246.01,295807723,FP,0.6972223,2459445.21928,1.095,6460.0,13.4161,6556.0,1.74,304.045452,48.876297,2022-02-28 23:23:45,2024-08-22 10:08:01,0,ok,True,4,15,validation,1661,75,success,0,0,19474,0.0,0.0,0.0,c:\Users\user\Documents\HSFlensburgMaster\Sommersemester2026\AdvancedDeepLearning\Projekt\Exoplanets\data\interim\spoc120_dataset_generation\samples\toi_5246_01.npz
1587,550.01,311183180,FP,13.24981,2459168.32491,3.299,27250.0,9.1073,5076.0,0.69,55.031969,5.874619,2019-04-03 17:54:53,2021-12-08 10:10:01,0,ok,True,2,4,train,1663,5,success,13,0,17286,6.467661691542288,0.0,6.467661691542288,c:\Users\user\Documents\HSFlensburgMaster\Sommersemester2026\AdvancedDeepLearning\Projekt\Exoplanets\data\interim\spoc120_dataset_generation\samples\toi_550_01.npz
1588,550.02,311183180,FP,10.043245,2458447.398548,3.099789,21393.227138,9.1073,5076.0,0.670549,55.031969,5.874619,2019-04-03 17:54:53,2021-10-29 12:59:15,0,ok,True,2,4,train,1664,5,success,0,0,17286,0.0,0.0,0.0,c:\Users\user\Documents\HSFlensburgMaster\Sommersemester2026\AdvancedDeepLearning\Projekt\Exoplanets\data\interim\spoc120_dataset_generation\samples\toi_550_02.npz
1589,5503.01,350044062,FP,5.9522831,2459578.528696,1.966,7280.0,12.3391,6031.2,1.65,155.580302,10.288696,2022-04-20 19:54:50,2025-02-08 12:03:22,0,ok,True,1,19,test,1665,72,success,0,0,14858,0.0,0.0,0.0,c:\Users\user\Documents\HSFlensburgMaster\Sommersemester2026\AdvancedDeepLearning\Projekt\Exoplanets\data\interim\spoc120_dataset_generation\samples\toi_5503_01.npz
1590,5734.01,9989136,CP,6.1841688,2458848.68514,2.5898497,1052.3509168,8.5446,4645.0,0.693766,111.255818,37.231122,2022-08-18 20:04:15,2026-02-24 12:03:33,1,ok,True,3,3,train,1666,20,success,0,0,16559,0.0,0.0,0.0,c:\Users\user\Documents\HSFlensburgMaster\Sommersemester2026\AdvancedDeepLearning\Projekt\Exoplanets\data\interim\spoc120_dataset_generation\samples\toi_5734_01.npz
1591,574.01,315002523,KP,3.3023907,2459991.488255,5.1743599,8027.6122024,12.4257,6071.0,1.91031,144.926859,-28.5856,2019-04-05 20:18:18,2023-10-17 16:02:02,1,ok,True,6,1,train,1667,8,success,0,0,12890,0.0,0.0,0.0,c:\Users\user\Documents\HSFlensburgMaster\Sommersemester2026\AdvancedDeepLearning\Projekt\Exoplanets\data\interim\spoc120_dataset_generation\samples\toi_574_01.npz
1592,4994.01,277128619,CP,21.4921464,2459363.698425,4.199,5960.0,11.9545,5520.0,1.11,283.132534,-78.43443,2022-01-06 22:41:13,2024-12-05 12:03:01,1,ok,True,7,7,train,1668,66,success,25,0,15659,12.437810945273633,0.0,12.437810945273633,c:\Users\user\Documents\HSFlensburgMaster\Sommersemester2026\AdvancedDeepLearning\Projekt\Exoplanets\data\interim\spoc120_dataset_generation\samples\toi_4994_01.npz
1593,500.01,134200185,CP,0.5481573,2458468.391033,0.9424668,226.8573536,9.4022,4590.0,0.751825,106.559098,-47.587816,2019-03-08 14:44:08,2024-02-14 10:08:02,1,ok,True,9,18,test,1669,6,success,0,0,14650,0.0,0.0,0.0,c:\Users\user\Documents\HSFlensburgMaster\Sommersemester2026\AdvancedDeepLearning\Projekt\Exoplanets\data\interim\spoc120_dataset_generation\samples\toi_500_01.npz
1594,5005.01,282485660,CP,6.3084728,2459377.175525,2.871,3690.0,11.13,5840.0,0.97,238.108194,-48.1451,2022-01-06 22:49:37,2024-09-27 12:02:45,1,ok,True,2,17,test,1670,65,success,0,0,17981,0.0,0.0,0.0,c:\Users\user\Documents\HSFlensburgMaster\Sommersemester2026\AdvancedDeepLearning\Projekt\Exoplanets\data\interim\spoc120_dataset_generation\samples\toi_5005_01.npz
1595,5007.01,424196109,CP,2.5432595,2459384.64412,1.12,21300.0,13.6366,3757.0,0.66,236.06387,-61.041365,2022-01-06 22:49:38,2025-09-22 12:04:50,1,ok,True,5,15,validation,1671,65,success,0,0,19514,0.0,0.0,0.0,c:\Users\user\Documents\HSFlensburgMaster\Sommersemester2026\AdvancedDeepLearning\Projekt\Exoplanets\data\interim\spoc120_dataset_generation\samples\toi_5007_01.npz
1596,5257.01,185226925,FP,3.1979646,2459790.753011,5.69,2060.0,12.1624,5990.0,2.93,301.240411,46.707217,2022-02-28 23:23:49,2024-08-27 12:02:45,0,ok,True,5,6,train,1672,56,success,0,0,19612,0.0,0.0,0.0,c:\Users\user\Documents\HSFlensburgMaster\Sommersemester2026\AdvancedDeepLearning\Projekt\Exoplanets\data\interim\spoc120_dataset_generation\samples\toi_5257_01.npz
1597,5258.01,147895461,FP,0.5919629,2459445.918105,1.0,2450.0,12.4322,6337.0,1.85,163.757949,67.043652,2022-02-28 23:23:50,2024-08-22 10:08:01,0,ok,True,2,12,train,1673,74,success,0,0,12031,0.0,0.0,0.0,c:\Users\user\Documents\HSFlensburgMaster\Sommersemester2026\AdvancedDeepLearning\Projekt\Exoplanets\data\interim\spoc120_dataset_generation\samples\toi_5258_01.npz
1598,526.01,200593988,FP,7.6787462,2460263.52322,3.6479222,6458.9029552,12.3069,3617.0,0.45,85.335762,11.194448,2019-03-28 00:07:14,2026-03-05 16:00:01,0,ok,True,3,19,test,1674,6,success,0,0,14445,0.0,0.0,0.0,c:\Users\user\Documents\HSFlensburgMaster\Sommersemester2026\AdvancedDeepLearning\Projekt\Exoplanets\data\interim\spoc120_dataset_generation\samples\toi_526_01.npz
1599,5260.01,326347927,FP,7.2617331,2459445.564135,6.258,1310.0,11.9625,4780.0,1.09,303.964054,21.899468,2022-02-28 23:23:50,2024-08-22 10:08:01,0,ok,True,1,17,test,1675,81,success,0,0,12967,0.0,0.0,0.0,c:\Users\user\Documents\HSFlensburgMaster\Sommersemester2026\AdvancedDeepLearning\Projekt\Exoplanets\data\interim\spoc120_dataset_generation\samples\toi_5260_01.npz
1600,5262.01,274122380,FP,2.873138,2459444.494366,2.908,1240.0,11.8225,5856.0,1.11,298.455751,42.967308,2022-02-28 23:23:51,2024-08-24 12:02:47,0,ok,True,4,6,train,1676,74,success,0,0,18604,0.0,0.0,0.0,c:\Users\user\Documents\HSFlensburgMaster\Sommersemester2026\AdvancedDeepLearning\Projekt\Exoplanets\data\interim\spoc120_dataset_generation\samples\toi_5262_01.npz
1601,551.01,192826603,KP,2.6473051,2459203.149174,1.211281,21367.8824901,13.9143,3916.0,0.567866,82.714213,-36.630981,2019-06-06 20:53:59,2021-12-02 16:02:01,1,ok,True,6,9,train,1677,5,success,0,0,17179,0.0,0.0,0.0,c:\Users\user\Documents\HSFlensburgMaster\Sommersemester2026\AdvancedDeepLearning\Projekt\Exoplanets\data\interim\spoc120_dataset_generation\samples\toi_551_01.npz
1602,5513.01,184869170,FP,7.7235903,2459578.095795,5.953,2720.0,12.3467,5994.0,3.08,110.25862,19.401721,2022-04-20 19:54:56,2024-08-22 10:08:01,0,ok,True,2,0,train,1678,71,success,0,0,14617,0.0,0.0,0.0,c:\Users\user\Documents\HSFlensburgMaster\Sommersemester2026\AdvancedDeepLearning\Projekt\Exoplanets\data\interim\spoc120_dataset_generation\samples\toi_5513_01.npz
1603,552.01,44737596,CP,2.788654,2458413.060435,1.8900186,26339.9057953,13.8231,3654.0,0.587106,60.949392,-25.408921,2019-05-17 18:40:33,2024-09-10 10:08:02,1,ok,True,3,8,train,1679,4,success,0,0,14601,0.0,0.0,0.0,c:\Users\user\Documents\HSFlensburgMaster\Sommersemester2026\AdvancedDeepLearning\Projekt\Exoplanets\data\interim\spoc120_dataset_generation\samples\toi_552_01.npz
1604,5520.01,374180079,KP,14.69808,2459267.668855,3.7370696,1897.6641496,10.6269,4362.0,0.733789,157.935686,0.937278,2022-04-20 20:43:54,2024-11-26 16:02:02,1,ok,True,6,13,train,1680,45,recovered,26,0,15682,12.935323383084576,0.0,12.935323383084576,c:\Users\user\Documents\HSFlensburgMaster\Sommersemester2026\AdvancedDeepLearning\Projekt\Exoplanets\data\interim\spoc120_dataset_generation\samples\toi_5520_01.npz
1605,5520.02,374180079,KP,19.4834833,2459263.380209,4.6663301,1509.6832721,10.6269,4362.0,0.733789,157.935686,0.937278,2022-04-20 20:43:53,2024-11-26 16:02:02,1,ok,True,6,13,train,1681,35,success,51,0,13687,25.37313432835821,0.0,25.37313432835821,c:\Users\user\Documents\HSFlensburgMaster\Sommersemester2026\AdvancedDeepLearning\Projekt\Exoplanets\data\interim\spoc120_dataset_generation\samples\toi_5520_02.npz
1606,576.01,408310006,CP,5.4435354,2460010.494875,3.5,3219.0,8.86849,6313.0,1.25,144.875105,-20.982419,2019-04-05 20:18:18,2023-04-12 16:02:02,1,ok,True,5,17,test,1682,8,success,0,0,13045,0.0,0.0,0.0,c:\Users\user\Documents\HSFlensburgMaster\Sommersemester2026\AdvancedDeepLearning\Projekt\Exoplanets\data\interim\spoc120_dataset_generation\samples\toi_576_01.npz
1607,5769.01,462715015,FP,1.7548863,2459767.984121,1.314,2620.0,11.5578,5589.0,1.08,270.736094,20.069409,2022-09-01 23:42:04,2025-08-27 12:03:56,0,ok,True,1,5,train,1683,80,success,0,0,10746,0.0,0.0,0.0,c:\Users\user\Documents\HSFlensburgMaster\Sommersemester2026\AdvancedDeepLearning\Projekt\Exoplanets\data\interim\spoc120_dataset_generation\samples\toi_5769_01.npz
1608,501.01,134537478,KP,1.7100122,2459987.847958,1.79,12680.0,10.3887,5720.0,1.51,108.301409,-42.409762,2019-03-14 21:38:48,2023-04-04 16:02:02,1,ok,True,6,2,train,1684,7,success,0,0,16341,0.0,0.0,0.0,c:\Users\user\Documents\HSFlensburgMaster\Sommersemester2026\AdvancedDeepLearning\Projekt\Exoplanets\data\interim\spoc120_dataset_generation\samples\toi_501_01.npz
1609,5016.01,68322189,FP,1.2833689,2459385.759712,2.592,20090.0,12.5209,5442.0,1.01,236.159176,-58.128314,2022-01-06 22:49:43,2024-08-22 10:08:01,0,ok,True,1,14,validation,1685,65,success,0,0,19515,0.0,0.0,0.0,c:\Users\user\Documents\HSFlensburgMaster\Sommersemester2026\AdvancedDeepLearning\Projekt\Exoplanets\data\interim\spoc120_dataset_generation\samples\toi_5016_01.npz
1610,5266.01,312899686,FP,4.4138638,2459443.031522,2.387,11300.0,12.7821,6006.0,1.03,308.105327,35.873629,2022-02-28 23:23:53,2024-08-22 10:08:01,0,ok,True,2,11,train,1686,75,success,0,0,14999,0.0,0.0,0.0,c:\Users\user\Documents\HSFlensburgMaster\Sommersemester2026\AdvancedDeepLearning\Projekt\Exoplanets\data\interim\spoc120_dataset_generation\samples\toi_5266_01.npz
1611,5268.01,202468443,FP,2.0685871,2459690.596819,0.598,38060.0,14.5982,3162.0,0.31,229.00618,62.718259,2022-02-28 23:23:54,2024-10-05 12:02:49,0,ok,True,3,18,test,1687,75,success,0,0,12102,0.0,0.0,0.0,c:\Users\user\Documents\HSFlensburgMaster\Sommersemester2026\AdvancedDeepLearning\Projekt\Exoplanets\data\interim\spoc120_dataset_generation\samples\toi_5268_01.npz
1612,5273.01,172871230,FP,3.4100261,2459442.295386,2.233,5200.0,12.2794,6109.0,1.08,299.878862,41.742074,2022-02-28 23:23:56,2024-08-22 10:08:01,0,ok,True,3,2,train,1688,74,success,0,0,18604,0.0,0.0,0.0,c:\Users\user\Documents\HSFlensburgMaster\Sommersemester2026\AdvancedDeepLearning\Projekt\Exoplanets\data\interim\spoc120_dataset_generation\samples\toi_5273_01.npz
1613,5275.01,219466803,FP,12.5951009,2459618.541036,0.876,4280.0,12.9179,5251.0,1.09,209.896071,74.073261,2022-02-28 23:23:57,2025-04-30 12:03:16,0,ok,True,3,7,train,1689,60,success,34,0,12572,16.91542288557214,0.0,16.91542288557214,c:\Users\user\Documents\HSFlensburgMaster\Sommersemester2026\AdvancedDeepLearning\Projekt\Exoplanets\data\interim\spoc120_dataset_generation\samples\toi_5275_01.npz
1614,528.01,403693875,FP,3.5248693,2458469.695633,3.1475424,24987.7992456,13.3675,3965.0,0.613,105.006164,11.043248,2019-03-28 00:07:14,2026-03-05 16:00:01,0,ok,True,4,17,test,1690,6,success,0,0,14685,0.0,0.0,0.0,c:\Users\user\Documents\HSFlensburgMaster\Sommersemester2026\AdvancedDeepLearning\Projekt\Exoplanets\data\interim\spoc120_dataset_generation\samples\toi_528_01.npz
1615,5523.02,443616612,KP,3.4712803,2459281.403586,2.4382015,4280.3883109,13.7701,3696.0,0.563,169.117028,-3.975441,2022-04-20 21:11:27,2024-11-22 10:08:02,1,ok,True,5,13,train,1691,36,success,0,0,15518,0.0,0.0,0.0,c:\Users\user\Documents\HSFlensburgMaster\Sommersemester2026\AdvancedDeepLearning\Projekt\Exoplanets\data\interim\spoc120_dataset_generation\samples\toi_5523_02.npz
1616,5524.01,277833995,KP,2.2979915,2458518.126625,0.984865,1354.9640916,11.758,3650.0,0.590525,156.405499,2.513883,2022-04-20 21:11:28,2024-11-26 16:02:02,1,ok,True,4,4,train,1692,8,success,0,0,12975,0.0,0.0,0.0,c:\Users\user\Documents\HSFlensburgMaster\Sommersemester2026\AdvancedDeepLearning\Projekt\Exoplanets\data\interim\spoc120_dataset_generation\samples\toi_5524_01.npz
1617,5528.01,458686847,KP,1.2916034,2459230.014002,1.3077871,1566.7959545,12.7482,3689.0,0.514745,133.855734,10.469218,2022-04-20 21:11:30,2025-08-29 16:00:02,1,ok,True,5,9,train,1693,34,success,0,0,16876,0.0,0.0,0.0,c:\Users\user\Documents\HSFlensburgMaster\Sommersemester2026\AdvancedDeepLearning\Projekt\Exoplanets\data\interim\spoc120_dataset_generation\samples\toi_5528_01.npz
1618,5529.01,366411016,KP,8.8652886,2459235.706758,3.2904518,1699.9442212,11.8964,5368.0,0.697439,126.464358,10.246577,2022-04-20 21:11:31,2024-01-31 16:02:01,1,ok,True,8,10,train,1694,34,success,0,0,16844,0.0,0.0,0.0,c:\Users\user\Documents\HSFlensburgMaster\Sommersemester2026\AdvancedDeepLearning\Projekt\Exoplanets\data\interim\spoc120_dataset_generation\samples\toi_5529_01.npz
1619,553.01,161477033,FA,14.058151,2458443.221518,3.514627,858.616845,10.0614,5465.0,0.839854,73.261286,-45.540405,2019-02-26 16:21:07,2024-05-03 10:08:02,0,ok,True,5,2,train,1695,4,success,28,0,14742,13.930348258706468,0.0,13.930348258706468,c:\Users\user\Documents\HSFlensburgMaster\Sommersemester2026\AdvancedDeepLearning\Projekt\Exoplanets\data\interim\spoc120_dataset_generation\samples\toi_553_01.npz
1620,5806.01,283621618,CP,3.1856488,2459850.812572,1.304,4750.0,8.2942,6602.0,1.51,329.101803,20.677981,2022-10-12 17:37:20,2026-07-24 12:04:08,1,ok,True,2,5,train,1696,56,success,0,0,19611,0.0,0.0,0.0,c:\Users\user\Documents\HSFlensburgMaster\Sommersemester2026\AdvancedDeepLearning\Projekt\Exoplanets\data\interim\spoc120_dataset_generation\samples\toi_5806_01.npz
1621,581.01,180987952,FP,1.38917,2460746.8335,1.5031546,787.5039579,9.5287,10585.0,1.84,130.261455,-41.442796,2019-04-13 05:20:07,2025-11-03 10:08:02,0,ok,True,5,12,train,1697,35,success,0,0,13797,0.0,0.0,0.0,c:\Users\user\Documents\HSFlensburgMaster\Sommersemester2026\AdvancedDeepLearning\Projekt\Exoplanets\data\interim\spoc120_dataset_generation\samples\toi_581_01.npz
1622,5811.01,331484419,FP,6.25656,2460549.411097,3.509,875.0,7.74689,5608.0,3.81,310.911906,19.727938,2022-10-12 17:37:22,2026-07-24 12:04:08,0,ok,True,1,4,train,1698,82,success,0,0,18135,0.0,0.0,0.0,c:\Users\user\Documents\HSFlensburgMaster\Sommersemester2026\AdvancedDeepLearning\Projekt\Exoplanets\data\interim\spoc120_dataset_generation\samples\toi_5811_01.npz
1623,5812.01,388909695,KP,10.1466193,2460549.461351,5.519,8161.0,10.4106,5660.0,1.22,327.570011,4.194573,2022-10-12 17:37:23,2024-10-31 10:08:01,1,ok,True,1,18,test,1699,82,success,0,0,17196,0.0,0.0,0.0,c:\Users\user\Documents\HSFlensburgMaster\Sommersemester2026\AdvancedDeepLearning\Projekt\Exoplanets\data\interim\spoc120_dataset_generation\samples\toi_5812_01.npz
1624,5815.01,375942197,KP,3.8993831,2459797.700003,5.1857347,6492.4843324,11.5352,6152.0,1.86222,313.687293,9.179069,2022-10-12 18:12:32,2022-10-16 12:02:28,1,ok,True,2,15,validation,1700,55,success,0,0,13091,0.0,0.0,0.0,c:\Users\user\Documents\HSFlensburgMaster\Sommersemester2026\AdvancedDeepLearning\Projekt\Exoplanets\data\interim\spoc120_dataset_generation\samples\toi_5815_01.npz
1625,5817.01,418604868,CP,15.6146058,2459799.303854,5.8168055,467.1437307,8.0581,5809.0,1.3820699,322.377799,21.474527,2022-10-12 18:12:33,2025-05-16 12:03:36,1,ok,True,2,11,train,1701,55,success,11,0,18877,5.472636815920398,0.0,5.472636815920398,c:\Users\user\Documents\HSFlensburgMaster\Sommersemester2026\AdvancedDeepLearning\Projekt\Exoplanets\data\interim\spoc120_dataset_generation\samples\toi_5817_01.npz
1626,5818.01,283419843,KP,2.6052674,2459799.022189,4.24521,11139.9639243,12.5375,5916.0,1.66978,315.90549,11.989367,2022-10-12 18:12:34,2022-10-16 12:02:28,1,ok,True,2,3,train,1702,55,success,0,0,13044,0.0,0.0,0.0,c:\Users\user\Documents\HSFlensburgMaster\Sommersemester2026\AdvancedDeepLearning\Projekt\Exoplanets\data\interim\spoc120_dataset_generation\samples\toi_5818_01.npz
1627,582.01,287474726,FP,3.7442007,2459230.051423,3.5004762,803.2627817,9.3994,9988.0,4.23822,127.128062,-28.359254,2019-04-13 05:20:07,2021-10-29 12:59:15,0,ok,True,2,5,train,1703,34,success,0,0,16914,0.0,0.0,0.0,c:\Users\user\Documents\HSFlensburgMaster\Sommersemester2026\AdvancedDeepLearning\Projekt\Exoplanets\data\interim\spoc120_dataset_generation\samples\toi_582_01.npz
1628,5027.01,361711730,CP,10.2436729,2459387.004152,2.999,9410.0,10.9097,5845.9,0.96,243.885021,-69.217097,2022-01-06 22:49:49,2025-04-21 12:03:49,1,ok,True,6,9,train,1704,66,success,0,0,13845,0.0,0.0,0.0,c:\Users\user\Documents\HSFlensburgMaster\Sommersemester2026\AdvancedDeepLearning\Projekt\Exoplanets\data\interim\spoc120_dataset_generation\samples\toi_5027_01.npz
1629,503.01,186812530,CP,3.6773543,2460257.183851,1.441,3949.0,9.19813,7887.0,1.68,124.320365,12.601322,2019-03-14 21:38:48,2024-01-04 16:02:02,1,ok,True,7,11,train,1705,7,success,0,0,16342,0.0,0.0,0.0,c:\Users\user\Documents\HSFlensburgMaster\Sommersemester2026\AdvancedDeepLearning\Projekt\Exoplanets\data\interim\spoc120_dataset_generation\samples\toi_503_01.npz
1630,504.01,219164808,FP,1.6773063,2459358.890413,2.352,3910.0,9.6646,6915.0,2.56,90.77407,-52.084311,2019-03-08 14:44:08,2021-10-29 12:59:15,0,ok,True,10,7,train,1706,5,success,0,0,17275,0.0,0.0,0.0,c:\Users\user\Documents\HSFlensburgMaster\Sommersemester2026\AdvancedDeepLearning\Projekt\Exoplanets\data\interim\spoc120_dataset_generation\samples\toi_504_01.npz
1631,5283.01,399956873,FP,6.949428,2459831.192001,2.725,3050.0,11.7513,6817.0,1.61,287.537943,52.288047,2022-02-28 23:24:01,2024-08-22 10:08:01,0,ok,True,9,9,train,1707,56,success,0,0,19610,0.0,0.0,0.0,c:\Users\user\Documents\HSFlensburgMaster\Sommersemester2026\AdvancedDeepLearning\Projekt\Exoplanets\data\interim\spoc120_dataset_generation\samples\toi_5283_01.npz
1632,529.01,438490744,FP,1.665878,2458468.4958,4.956738,85643.986097,14.1396,3021.0,0.172,100.255965,16.588795,2019-03-28 00:07:14,2021-10-29 12:59:15,0,ok,True,6,18,test,1708,6,success,0,0,14684,0.0,0.0,0.0,c:\Users\user\Documents\HSFlensburgMaster\Sommersemester2026\AdvancedDeepLearning\Projekt\Exoplanets\data\interim\spoc120_dataset_generation\samples\toi_529_01.npz
1633,5293.01,250111245,CP,2.9304371,2459466.496662,1.73,50830.0,13.9766,3692.0,0.5,355.828682,-2.045095,2022-02-28 23:25:41,2024-08-22 10:08:01,1,ok,True,2,15,validation,1709,70,success,0,0,14085,0.0,0.0,0.0,c:\Users\user\Documents\HSFlensburgMaster\Sommersemester2026\AdvancedDeepLearning\Projekt\Exoplanets\data\interim\spoc120_dataset_generation\samples\toi_5293_01.npz
1634,5296.01,241102583,FP,1.7386091,2459820.897665,1.691,18980.0,12.4323,5362.8,0.75,328.978312,-0.937407,2022-02-28 23:25:42,2024-08-22 10:08:01,0,ok,True,1,16,validation,1710,82,success,0,0,17195,0.0,0.0,0.0,c:\Users\user\Documents\HSFlensburgMaster\Sommersemester2026\AdvancedDeepLearning\Projekt\Exoplanets\data\interim\spoc120_dataset_generation\samples\toi_5296_01.npz
1635,5534.01,176868951,KP,0.3693057,2459280.989488,1.0027781,755.6535935,11.3328,5129.0,0.755722,182.751404,-9.765239,2022-04-20 21:11:33,2024-01-31 16:02:01,1,ok,True,4,2,train,1711,36,success,0,0,15524,0.0,0.0,0.0,c:\Users\user\Documents\HSFlensburgMaster\Sommersemester2026\AdvancedDeepLearning\Projekt\Exoplanets\data\interim\spoc120_dataset_generation\samples\toi_5534_01.npz
1636,5535.01,411697517,KP,3.3863171,2459174.356092,3.2671057,6259.8518041,14.4087,5780.0,,78.339119,16.414199,2022-04-20 21:11:33,2024-11-26 16:02:02,1,ok,True,5,15,validation,1712,32,success,0,0,17282,0.0,0.0,0.0,c:\Users\user\Documents\HSFlensburgMaster\Sommersemester2026\AdvancedDeepLearning\Projekt\Exoplanets\data\interim\spoc120_dataset_generation\samples\toi_5535_01.npz
1637,554.01,407966340,CP,7.0491608,2458442.61543,3.5024531,300.5227138,6.4386,6337.87,1.42717,60.748336,9.207768,2019-04-03 17:54:53,2025-04-21 12:03:49,1,ok,True,6,3,train,1713,5,success,0,0,17282,0.0,0.0,0.0,c:\Users\user\Documents\HSFlensburgMaster\Sommersemester2026\AdvancedDeepLearning\Projekt\Exoplanets\data\interim\spoc120_dataset_generation\samples\toi_554_01.npz
1638,554.02,407966340,CP,3.0440441,2458438.475888,1.3542885,82.7350431,6.4386,6337.87,1.42717,60.748336,9.207768,2022-04-20 20:40:06,2025-04-21 12:03:49,1,ok,True,6,3,train,1714,5,success,0,0,17282,0.0,0.0,0.0,c:\Users\user\Documents\HSFlensburgMaster\Sommersemester2026\AdvancedDeepLearning\Projekt\Exoplanets\data\interim\spoc120_dataset_generation\samples\toi_554_02.npz
1639,5540.01,456305193,FP,1.0995742,2460338.238011,0.952,3168.0,10.2003,6040.0,1.51,117.737465,67.043203,2022-04-20 22:27:38,2024-03-04 10:08:01,0,ok,True,1,6,train,1715,74,success,0,0,10621,0.0,0.0,0.0,c:\Users\user\Documents\HSFlensburgMaster\Sommersemester2026\AdvancedDeepLearning\Projekt\Exoplanets\data\interim\spoc120_dataset_generation\samples\toi_5540_01.npz
1640,5742.01,258557847,FP,3.965824,2459765.579293,2.911,680.0,10.042,6199.0,2.8,278.191584,18.146175,2022-09-01 23:22:00,2022-11-30 16:02:01,0,ok,True,1,3,train,1717,80,success,0,0,11954,0.0,0.0,0.0,c:\Users\user\Documents\HSFlensburgMaster\Sommersemester2026\AdvancedDeepLearning\Projekt\Exoplanets\data\interim\spoc120_dataset_generation\samples\toi_5742_01.npz
1641,5747.01,4918918,CP,0.5734766,2458870.47457,0.9004508,818.3903403,10.7818,3466.0,0.420908,148.37832,35.570548,2022-09-01 23:35:31,2025-04-21 12:03:49,1,ok,True,2,3,train,1719,21,success,0,0,17326,0.0,0.0,0.0,c:\Users\user\Documents\HSFlensburgMaster\Sommersemester2026\AdvancedDeepLearning\Projekt\Exoplanets\data\interim\spoc120_dataset_generation\samples\toi_5747_01.npz
1642,575.01,386435344,FP,19.3721051,2459977.658863,3.0859149,3219.5594645,8.77728,6529.0,1.88186,127.99531,-16.885121,2019-04-13 04:58:29,2023-10-30 16:02:01,0,ok,True,5,3,train,1720,8,success,60,0,12979,29.850746268656714,0.0,29.850746268656714,c:\Users\user\Documents\HSFlensburgMaster\Sommersemester2026\AdvancedDeepLearning\Projekt\Exoplanets\data\interim\spoc120_dataset_generation\samples\toi_575_01.npz
1643,505.01,268644785,KP,3.3294649,2459299.865444,4.0123108,10603.9863905,10.6815,6003.0,1.52238,117.414976,-52.120447,2019-03-08 14:44:09,2021-12-01 16:02:01,1,ok,True,9,16,validation,1721,7,success,0,0,16343,0.0,0.0,0.0,c:\Users\user\Documents\HSFlensburgMaster\Sommersemester2026\AdvancedDeepLearning\Projekt\Exoplanets\data\interim\spoc120_dataset_generation\samples\toi_505_01.npz
1644,5055.01,407146538,FP,2.0915616,2460069.763644,3.634,2560.0,11.9139,5551.0,1.62,235.152828,-81.208241,2022-01-06 22:50:05,2025-05-15 13:53:15,0,ok,True,3,10,train,1722,65,success,0,0,19515,0.0,0.0,0.0,c:\Users\user\Documents\HSFlensburgMaster\Sommersemester2026\AdvancedDeepLearning\Projekt\Exoplanets\data\interim\spoc120_dataset_generation\samples\toi_5055_01.npz
1645,506.01,274138511,FP,2.774207,2458492.500001,2.393565,693.389889,10.4215,5280.0,0.945062,116.68702,6.445569,2019-03-14 21:38:48,2021-12-08 10:10:01,0,ok,True,2,17,test,1723,7,success,0,0,16252,0.0,0.0,0.0,c:\Users\user\Documents\HSFlensburgMaster\Sommersemester2026\AdvancedDeepLearning\Projekt\Exoplanets\data\interim\spoc120_dataset_generation\samples\toi_506_01.npz
1646,530.01,387690507,CP,6.3875739,2458470.202595,2.5660579,23994.2960408,13.5287,3688.0,0.544769,103.412833,12.881578,2019-03-28 00:07:14,2024-11-15 16:02:02,1,ok,True,7,12,train,1724,6,success,0,0,14685,0.0,0.0,0.0,c:\Users\user\Documents\HSFlensburgMaster\Sommersemester2026\AdvancedDeepLearning\Projekt\Exoplanets\data\interim\spoc120_dataset_generation\samples\toi_530_01.npz
1647,5301.01,58825110,CP,5.8588751,2459494.147012,3.581,2690.0,11.1893,6418.0,2.31,12.990801,13.078371,2022-02-28 23:27:32,2025-04-21 12:03:49,1,ok,True,1,11,train,1725,70,success,0,0,14689,0.0,0.0,0.0,c:\Users\user\Documents\HSFlensburgMaster\Sommersemester2026\AdvancedDeepLearning\Projekt\Exoplanets\data\interim\spoc120_dataset_generation\samples\toi_5301_01.npz
1648,5308.01,422653398,FP,8.34034,2459485.685359,3.176,7360.0,11.0208,5444.3,1.67,29.00124,0.179786,2022-02-28 23:27:35,2024-08-27 12:02:45,0,ok,True,1,14,validation,1726,70,success,0,0,15372,0.0,0.0,0.0,c:\Users\user\Documents\HSFlensburgMaster\Sommersemester2026\AdvancedDeepLearning\Projekt\Exoplanets\data\interim\spoc120_dataset_generation\samples\toi_5308_01.npz
1649,531.01,302895996,FP,0.567995,2458468.847149,1.408867,5208.552517,13.8097,3462.0,0.368,83.11641,15.555883,2019-03-28 00:07:14,2021-10-29 12:59:15,0,ok,True,4,5,train,1727,6,success,0,0,14595,0.0,0.0,0.0,c:\Users\user\Documents\HSFlensburgMaster\Sommersemester2026\AdvancedDeepLearning\Projekt\Exoplanets\data\interim\spoc120_dataset_generation\samples\toi_531_01.npz
1650,5547.01,63013648,FP,19.6304978,2459516.534272,3.2073832,7651.8898952,10.8481,5509.85,1.03786,117.591236,22.281552,2022-05-17 20:08:50,2026-02-27 12:03:51,0,ok,True,4,16,validation,1728,44,success,27,0,15207,13.432835820895523,0.0,13.432835820895523,c:\Users\user\Documents\HSFlensburgMaster\Sommersemester2026\AdvancedDeepLearning\Projekt\Exoplanets\data\interim\spoc120_dataset_generation\samples\toi_5547_01.npz
1651,555.01,170849515,CP,1.9416366,2458438.147508,1.9321358,32945.1347849,14.857,3837.0,0.633668,70.339767,-32.320417,2019-04-03 17:54:53,2024-09-10 10:08:02,1,ok,True,4,15,validation,1729,5,success,0,0,17160,0.0,0.0,0.0,c:\Users\user\Documents\HSFlensburgMaster\Sommersemester2026\AdvancedDeepLearning\Projekt\Exoplanets\data\interim\spoc120_dataset_generation\samples\toi_555_01.npz
1652,5556.01,55315929,KP,0.7195712,2459526.091298,1.7575219,159.6403985,8.89098,5910.0,1.2550499,140.339084,14.367869,2022-05-17 20:08:55,2022-05-25 12:03:22,1,ok,True,2,4,train,1731,45,success,0,0,16231,0.0,0.0,0.0,c:\Users\user\Documents\HSFlensburgMaster\Sommersemester2026\AdvancedDeepLearning\Projekt\Exoplanets\data\interim\spoc120_dataset_generation\samples\toi_5556_01.npz
1653,5557.01,323687123,CP,4.0179805,2459502.342761,1.1195616,2808.9118424,12.4289,3166.0,0.194357,137.201544,11.86225,2022-05-17 20:08:55,2024-06-06 10:08:02,1,ok,True,4,6,train,1732,44,success,0,0,15510,0.0,0.0,0.0,c:\Users\user\Documents\HSFlensburgMaster\Sommersemester2026\AdvancedDeepLearning\Projekt\Exoplanets\data\interim\spoc120_dataset_generation\samples\toi_5557_01.npz
1654,5558.01,14570099,KP,26.1944549,2459521.873206,3.8354088,1202.7716675,11.0384,4678.0,0.709927,125.986485,22.663226,2022-05-17 20:08:56,2024-11-26 16:02:02,1,ok,True,5,18,test,1733,44,success,36,0,15232,17.91044776119403,0.0,17.91044776119403,c:\Users\user\Documents\HSFlensburgMaster\Sommersemester2026\AdvancedDeepLearning\Projekt\Exoplanets\data\interim\spoc120_dataset_generation\samples\toi_5558_01.npz
1655,5559.01,456945304,KP,2.1408063,2460258.421812,1.569,628.0,10.3729,5372.0,1.0,67.82053,19.83169,2022-05-17 20:08:56,2024-02-06 16:04:15,1,ok,True,4,17,test,1734,43,success,0,0,15585,0.0,0.0,0.0,c:\Users\user\Documents\HSFlensburgMaster\Sommersemester2026\AdvancedDeepLearning\Projekt\Exoplanets\data\interim\spoc120_dataset_generation\samples\toi_5559_01.npz
1656,556.01,59003115,FP,2.294185,2458439.0759,2.750763,697.472004,11.3075,5062.0,0.707445,57.225546,13.483139,2019-04-03 17:54:53,2021-12-08 10:10:01,0,ok,True,6,12,train,1735,5,success,0,0,17278,0.0,0.0,0.0,c:\Users\user\Documents\HSFlensburgMaster\Sommersemester2026\AdvancedDeepLearning\Projekt\Exoplanets\data\interim\spoc120_dataset_generation\samples\toi_556_01.npz
1657,578.01,423275733,KP,2.0528684,2459278.251179,2.6201128,8982.0803562,12.3368,6010.0,1.70948,140.506316,-23.946102,2019-04-05 20:18:19,2021-12-02 16:02:01,1,ok,True,5,16,validation,1736,8,success,0,0,12956,0.0,0.0,0.0,c:\Users\user\Documents\HSFlensburgMaster\Sommersemester2026\AdvancedDeepLearning\Projekt\Exoplanets\data\interim\spoc120_dataset_generation\samples\toi_578_01.npz
1658,5784.01,302814895,FP,8.6800186,2459795.90211,2.41,870.0,9.96017,6521.0,1.86,293.330825,29.299805,2022-09-22 22:56:05,2023-07-10 12:03:06,0,ok,True,2,4,train,1737,74,success,0,0,16838,0.0,0.0,0.0,c:\Users\user\Documents\HSFlensburgMaster\Sommersemester2026\AdvancedDeepLearning\Projekt\Exoplanets\data\interim\spoc120_dataset_generation\samples\toi_5784_01.npz
1659,5786.01,40292751,CP,12.7791964,2460319.524905,5.242,3008.0,9.77301,6280.0,1.33,293.322326,30.704247,2022-09-22 22:56:06,2025-04-21 12:03:49,1,ok,True,2,2,train,1738,74,success,23,0,14907,11.442786069651742,0.0,11.442786069651742,c:\Users\user\Documents\HSFlensburgMaster\Sommersemester2026\AdvancedDeepLearning\Projekt\Exoplanets\data\interim\spoc120_dataset_generation\samples\toi_5786_01.npz
1660,5787.01,446616059,FP,3.1072375,2460530.955198,4.485,737.0,9.77017,6030.0,1.31,290.80532,11.979134,2022-09-22 22:56:07,2024-09-10 10:08:02,0,ok,True,1,12,train,1739,81,success,0,0,16545,0.0,0.0,0.0,c:\Users\user\Documents\HSFlensburgMaster\Sommersemester2026\AdvancedDeepLearning\Projekt\Exoplanets\data\interim\spoc120_dataset_generation\samples\toi_5787_01.npz
1661,5788.02,42883782,CP,6.3346129,2459788.410948,3.341,330.0,9.6069,5664.0,0.86,287.424902,31.761528,2022-09-22 22:56:07,2026-01-21 12:03:57,1,ok,True,3,11,train,1741,14,success,0,0,10743,0.0,0.0,0.0,c:\Users\user\Documents\HSFlensburgMaster\Sommersemester2026\AdvancedDeepLearning\Projekt\Exoplanets\data\interim\spoc120_dataset_generation\samples\toi_5788_02.npz
1662,5789.01,87216634,CP,12.9256051,2459776.255982,1.691,790.0,6.5715,5132.0,0.88,302.773447,16.189714,2022-09-22 22:56:08,2025-10-14 12:04:16,1,ok,True,1,13,train,1742,81,success,0,0,16803,0.0,0.0,0.0,c:\Users\user\Documents\HSFlensburgMaster\Sommersemester2026\AdvancedDeepLearning\Projekt\Exoplanets\data\interim\spoc120_dataset_generation\samples\toi_5789_01.npz
1663,5065.01,243244680,KP,19.4921473,2459575.851873,3.568,1700.0,9.66896,6128.0,1.36,136.574193,19.402057,2022-01-06 23:39:34,2024-02-01 16:02:02,1,ok,True,4,10,train,1743,44,success,28,0,15274,13.930348258706468,0.0,13.930348258706468,c:\Users\user\Documents\HSFlensburgMaster\Sommersemester2026\AdvancedDeepLearning\Projekt\Exoplanets\data\interim\spoc120_dataset_generation\samples\toi_5065_01.npz
1664,5067.01,117275513,KP,4.6886342,2460276.929305,2.651,1469.0,11.7421,4954.0,0.87,130.878348,24.422956,2022-01-06 23:39:35,2024-02-02 10:08:02,1,ok,True,4,15,validation,1744,44,success,0,0,15186,0.0,0.0,0.0,c:\Users\user\Documents\HSFlensburgMaster\Sommersemester2026\AdvancedDeepLearning\Projekt\Exoplanets\data\interim\spoc120_dataset_generation\samples\toi_5067_01.npz
1665,5068.01,366631954,KP,4.7369669,2460277.077587,2.58,1238.0,11.1704,5069.2,0.79,130.180046,10.982951,2022-01-06 23:39:35,2024-02-02 10:08:02,1,ok,True,5,3,train,1745,34,success,0,0,16878,0.0,0.0,0.0,c:\Users\user\Documents\HSFlensburgMaster\Sommersemester2026\AdvancedDeepLearning\Projekt\Exoplanets\data\interim\spoc120_dataset_generation\samples\toi_5068_01.npz
1666,5070.01,319968129,FP,6.216994,2460285.329551,2.759,2060.0,10.3879,6304.0,1.54,95.305914,20.878513,2022-01-06 23:39:36,2024-11-18 16:02:01,0,ok,True,2,6,train,1746,71,success,0,0,14897,0.0,0.0,0.0,c:\Users\user\Documents\HSFlensburgMaster\Sommersemester2026\AdvancedDeepLearning\Projekt\Exoplanets\data\interim\spoc120_dataset_generation\samples\toi_5070_01.npz
1667,5071.01,307733361,KP,1.6739029,2460284.308584,1.355,863.0,10.0121,6115.5,1.22,129.601086,20.106007,2022-01-06 23:39:37,2024-02-02 10:08:02,1,ok,True,4,2,train,1747,44,success,0,0,15275,0.0,0.0,0.0,c:\Users\user\Documents\HSFlensburgMaster\Sommersemester2026\AdvancedDeepLearning\Projekt\Exoplanets\data\interim\spoc120_dataset_generation\samples\toi_5071_01.npz
1668,5072.01,7059054,KP,5.185768,2460255.017005,2.356,13002.0,12.244,4664.8,0.65,126.936662,17.579327,2022-01-06 23:39:37,2024-01-17 10:08:02,1,ok,True,5,4,train,1748,44,success,0,0,15237,0.0,0.0,0.0,c:\Users\user\Documents\HSFlensburgMaster\Sommersemester2026\AdvancedDeepLearning\Projekt\Exoplanets\data\interim\spoc120_dataset_generation\samples\toi_5072_01.npz
1669,5074.01,6893917,KP,3.0801795,2459502.394945,3.4870958,8926.432346,9.02097,7511.0,1.70169,125.617407,13.735309,2022-01-06 23:39:38,2024-11-26 16:02:02,1,ok,True,5,19,test,1749,44,success,0,0,15235,0.0,0.0,0.0,c:\Users\user\Documents\HSFlensburgMaster\Sommersemester2026\AdvancedDeepLearning\Projekt\Exoplanets\data\interim\spoc120_dataset_generation\samples\toi_5074_01.npz
1670,5075.01,23113034,FP,1.7134571,2460256.342409,1.433,355.0,8.3482,8638.0,2.64,60.838304,25.343808,2022-01-06 23:39:39,2023-12-13 16:02:02,0,ok,True,2,9,train,1750,70,success,0,0,15263,0.0,0.0,0.0,c:\Users\user\Documents\HSFlensburgMaster\Sommersemester2026\AdvancedDeepLearning\Projekt\Exoplanets\data\interim\spoc120_dataset_generation\samples\toi_5075_01.npz
1671,5076.01,303432813,CP,23.4428912,2460250.881084,4.392,1623.0,9.9909,4794.4,0.85,50.510417,17.239209,2022-01-06 23:39:39,2024-09-18 10:08:02,1,ok,True,2,12,train,1751,70,success,19,17,15479,9.45273631840796,27.86885245901639,27.86885245901639,c:\Users\user\Documents\HSFlensburgMaster\Sommersemester2026\AdvancedDeepLearning\Projekt\Exoplanets\data\interim\spoc120_dataset_generation\samples\toi_5076_01.npz
1672,5319.01,246965431,CP,4.0785273,2459884.041681,1.561,4530.0,12.0828,3580.0,0.48,35.213556,23.520441,2022-02-28 23:27:40,2025-05-16 12:03:36,1,ok,True,3,10,train,1752,58,success,0,0,18795,0.0,0.0,0.0,c:\Users\user\Documents\HSFlensburgMaster\Sommersemester2026\AdvancedDeepLearning\Projekt\Exoplanets\data\interim\spoc120_dataset_generation\samples\toi_5319_01.npz
1673,532.01,144700903,CP,2.32664,2458470.580837,1.6497284,7844.7831198,12.6785,3946.0,0.623609,85.080054,11.562637,2019-03-28 00:07:14,2024-11-14 17:22:21,1,ok,True,4,16,validation,1753,6,success,0,0,14450,0.0,0.0,0.0,c:\Users\user\Documents\HSFlensburgMaster\Sommersemester2026\AdvancedDeepLearning\Projekt\Exoplanets\data\interim\spoc120_dataset_generation\samples\toi_532_01.npz
1674,5321.01,243153196,FP,10.1391591,2459478.895755,2.662,6450.0,10.7304,6584.3,2.04,15.685485,20.050424,2022-02-28 23:27:41,2024-08-27 12:02:45,0,ok,True,2,7,train,1754,57,success,0,0,17989,0.0,0.0,0.0,c:\Users\user\Documents\HSFlensburgMaster\Sommersemester2026\AdvancedDeepLearning\Projekt\Exoplanets\data\interim\spoc120_dataset_generation\samples\toi_5321_01.npz
1675,5562.01,17307715,KP,13.8532745,2459476.992391,3.1969542,1068.1330554,11.4529,3893.47,0.655766,65.469614,21.353263,2022-05-17 20:08:58,2024-11-25 16:02:01,1,ok,True,3,17,test,1755,43,success,35,0,15676,17.412935323383085,0.0,17.412935323383085,c:\Users\user\Documents\HSFlensburgMaster\Sommersemester2026\AdvancedDeepLearning\Projekt\Exoplanets\data\interim\spoc120_dataset_generation\samples\toi_5562_01.npz
1676,5573.01,459762279,CP,8.7960328,2459600.45002,2.48,23090.0,13.6281,3695.0,0.59,136.426,55.307131,2022-05-17 20:13:11,2025-05-15 12:03:18,1,ok,True,1,12,train,1756,74,success,0,0,12487,0.0,0.0,0.0,c:\Users\user\Documents\HSFlensburgMaster\Sommersemester2026\AdvancedDeepLearning\Projekt\Exoplanets\data\interim\spoc120_dataset_generation\samples\toi_5573_01.npz
1677,5574.01,268405086,FP,6.8242909,2459598.137675,2.787,700.0,11.6643,3999.0,0.87,278.550256,86.557356,2022-05-17 20:13:11,2025-07-22 12:04:25,0,ok,True,11,13,train,1757,18,success,0,0,14419,0.0,0.0,0.0,c:\Users\user\Documents\HSFlensburgMaster\Sommersemester2026\AdvancedDeepLearning\Projekt\Exoplanets\data\interim\spoc120_dataset_generation\samples\toi_5574_01.npz
1678,5576.01,137543637,FP,1.2833113,2459605.677896,1.353,4450.0,12.574,8055.0,1.32,136.221429,79.355104,2022-05-17 20:13:12,2024-08-22 10:08:01,0,ok,True,2,11,train,1758,73,success,0,0,12029,0.0,0.0,0.0,c:\Users\user\Documents\HSFlensburgMaster\Sommersemester2026\AdvancedDeepLearning\Projekt\Exoplanets\data\interim\spoc120_dataset_generation\samples\toi_5576_01.npz
1679,5791.01,110936761,FP,2.2906144,2459793.645262,1.949,1390.0,10.4519,5651.0,1.22,297.923094,2.519482,2022-09-22 22:56:09,2024-10-07 12:02:50,0,ok,True,1,5,train,1759,81,success,0,0,14379,0.0,0.0,0.0,c:\Users\user\Documents\HSFlensburgMaster\Sommersemester2026\AdvancedDeepLearning\Projekt\Exoplanets\data\interim\spoc120_dataset_generation\samples\toi_5791_01.npz
1680,5793.01,398895470,KP,2.6940348,2459771.189014,4.1073512,11715.9037129,10.5523,6479.0,1.65082,297.322652,4.672412,2022-09-22 22:57:13,2022-09-24 12:03:37,1,ok,True,2,17,test,1760,54,success,0,0,9113,0.0,0.0,0.0,c:\Users\user\Documents\HSFlensburgMaster\Sommersemester2026\AdvancedDeepLearning\Projekt\Exoplanets\data\interim\spoc120_dataset_generation\samples\toi_5793_01.npz
1681,5794.01,273874849,KP,1.4857148,2459825.552259,2.3275852,21303.5958289,13.6414,5781.0,1.01034,298.395244,47.814986,2022-09-22 22:57:13,2023-03-15 16:02:02,1,ok,True,9,16,validation,1761,41,success,0,0,18320,0.0,0.0,0.0,c:\Users\user\Documents\HSFlensburgMaster\Sommersemester2026\AdvancedDeepLearning\Projekt\Exoplanets\data\interim\spoc120_dataset_generation\samples\toi_5794_01.npz
1682,5795.01,151724385,CP,6.1406207,2459770.674699,3.3672245,2469.4322474,10.1872,5708.0,1.05042,304.868782,-7.54766,2022-09-22 22:57:14,2026-01-21 10:08:01,1,ok,True,3,2,train,1762,54,success,0,0,10751,0.0,0.0,0.0,c:\Users\user\Documents\HSFlensburgMaster\Sommersemester2026\AdvancedDeepLearning\Projekt\Exoplanets\data\interim\spoc120_dataset_generation\samples\toi_5795_01.npz
1683,5796.01,391958006,KP,1.7430143,2459771.551589,2.2872101,32205.6970804,11.6659,5529.0,0.937741,291.777046,1.383663,2022-09-22 22:57:14,2022-09-24 12:03:37,1,ok,True,2,0,train,1763,54,success,0,0,9399,0.0,0.0,0.0,c:\Users\user\Documents\HSFlensburgMaster\Sommersemester2026\AdvancedDeepLearning\Projekt\Exoplanets\data\interim\spoc120_dataset_generation\samples\toi_5796_01.npz
1684,5797.01,374530847,KP,2.152163,2459770.231395,1.7531966,16986.633013,10.9984,5147.0,0.85467,307.725559,6.429331,2022-09-22 22:57:15,2022-09-24 12:03:37,1,ok,True,2,17,test,1764,54,success,0,0,8847,0.0,0.0,0.0,c:\Users\user\Documents\HSFlensburgMaster\Sommersemester2026\AdvancedDeepLearning\Projekt\Exoplanets\data\interim\spoc120_dataset_generation\samples\toi_5797_01.npz
1685,5798.01,305243225,KP,1.2129139,2459770.519892,2.1862785,14617.2679583,11.734,5918.23,1.15176,306.123908,16.762146,2022-09-22 22:57:15,2023-03-15 16:02:02,1,ok,True,3,0,train,1765,54,success,0,0,17577,0.0,0.0,0.0,c:\Users\user\Documents\HSFlensburgMaster\Sommersemester2026\AdvancedDeepLearning\Projekt\Exoplanets\data\interim\spoc120_dataset_generation\samples\toi_5798_01.npz
1686,5799.01,328081248,CP,4.1645448,2459772.334479,1.5725422,2612.2397484,11.1798,3521.0,0.343358,301.630179,15.989142,2022-09-22 22:57:15,2025-04-21 12:03:49,1,ok,True,2,17,test,1766,54,success,0,0,17899,0.0,0.0,0.0,c:\Users\user\Documents\HSFlensburgMaster\Sommersemester2026\AdvancedDeepLearning\Projekt\Exoplanets\data\interim\spoc120_dataset_generation\samples\toi_5799_01.npz
1687,5800.01,151759246,CP,2.6282606,2459771.71321,1.2408211,731.2082684,8.6133,4821.0,0.817034,305.065546,-7.411924,2022-09-22 22:57:16,2025-05-16 12:03:36,1,ok,True,3,7,train,1767,54,success,0,0,10752,0.0,0.0,0.0,c:\Users\user\Documents\HSFlensburgMaster\Sommersemester2026\AdvancedDeepLearning\Projekt\Exoplanets\data\interim\spoc120_dataset_generation\samples\toi_5800_01.npz
1688,5801.01,243921117,KP,3.067816,2459770.026754,2.1103325,34536.7848173,10.3622,3965.0,0.636572,303.1668,-2.144437,2022-09-22 22:57:16,2022-09-24 12:03:37,1,ok,True,1,10,train,1768,54,success,0,0,10143,0.0,0.0,0.0,c:\Users\user\Documents\HSFlensburgMaster\Sommersemester2026\AdvancedDeepLearning\Projekt\Exoplanets\data\interim\spoc120_dataset_generation\samples\toi_5801_01.npz
1689,5802.01,399402994,KP,2.7161298,2459770.470612,3.5299033,14527.4470152,11.8886,5962.0,1.18678,304.207992,3.293949,2022-09-22 22:57:17,2022-09-24 12:03:37,1,ok,True,2,0,train,1769,54,success,0,0,8929,0.0,0.0,0.0,c:\Users\user\Documents\HSFlensburgMaster\Sommersemester2026\AdvancedDeepLearning\Projekt\Exoplanets\data\interim\spoc120_dataset_generation\samples\toi_5802_01.npz
1690,5803.01,466382581,CP,5.3829728,2460550.945001,1.382,1078.0,9.937,5134.0,0.76,327.24875,6.278178,2022-10-12 17:37:19,2024-11-05 12:03:04,1,ok,True,2,17,test,1770,55,success,0,0,13163,0.0,0.0,0.0,c:\Users\user\Documents\HSFlensburgMaster\Sommersemester2026\AdvancedDeepLearning\Projekt\Exoplanets\data\interim\spoc120_dataset_generation\samples\toi_5803_01.npz
1691,5804.01,303055194,FP,1.7615631,2459822.907614,1.171,1050.0,9.78095,6270.7,1.95,330.671188,11.991029,2022-10-12 17:37:19,2023-07-27 12:02:55,0,ok,True,1,12,train,1771,82,success,0,0,15564,0.0,0.0,0.0,c:\Users\user\Documents\HSFlensburgMaster\Sommersemester2026\AdvancedDeepLearning\Projekt\Exoplanets\data\interim\spoc120_dataset_generation\samples\toi_5804_01.npz
1692,5079.01,69672493,FP,1.4920726,2460257.096765,1.594,907.0,9.642901,5125.0,0.81,77.394839,24.324493,2022-01-06 23:39:40,2023-12-20 10:08:02,0,ok,True,1,5,train,1772,71,success,0,0,15059,0.0,0.0,0.0,c:\Users\user\Documents\HSFlensburgMaster\Sommersemester2026\AdvancedDeepLearning\Projekt\Exoplanets\data\interim\spoc120_dataset_generation\samples\toi_5079_01.npz
1693,508.01,425206121,KP,4.6117328,2459222.78972,4.065,11890.0,9.654,7346.0,1.67,111.509529,7.615776,2019-03-14 21:38:48,2021-10-29 12:59:15,1,ok,True,2,19,test,1773,7,success,0,0,15977,0.0,0.0,0.0,c:\Users\user\Documents\HSFlensburgMaster\Sommersemester2026\AdvancedDeepLearning\Projekt\Exoplanets\data\interim\spoc120_dataset_generation\samples\toi_508_01.npz
1694,5080.01,17409453,KP,9.72665,2460243.190501,4.584,2287.0,12.9285,5583.6,1.45,66.236364,18.827362,2022-01-06 23:39:41,2023-12-14 16:02:02,1,ok,True,4,7,train,1774,43,success,0,0,15576,0.0,0.0,0.0,c:\Users\user\Documents\HSFlensburgMaster\Sommersemester2026\AdvancedDeepLearning\Projekt\Exoplanets\data\interim\spoc120_dataset_generation\samples\toi_5080_01.npz
1695,5081.01,203214138,KP,5.1699026,2460280.381301,1.972,3110.0,10.5649,6283.4,1.48,134.69028,20.868979,2022-01-06 23:39:41,2024-02-01 16:02:02,1,ok,True,4,11,train,1775,44,success,0,0,15277,0.0,0.0,0.0,c:\Users\user\Documents\HSFlensburgMaster\Sommersemester2026\AdvancedDeepLearning\Projekt\Exoplanets\data\interim\spoc120_dataset_generation\samples\toi_5081_01.npz
1696,5082.01,437011608,CP,4.2403543,2460284.802643,2.353,842.0,7.6253,5670.0,0.93,106.569578,22.683148,2022-01-06 23:39:42,2025-04-21 12:03:49,1,ok,True,4,19,test,1776,44,success,0,0,15814,0.0,0.0,0.0,c:\Users\user\Documents\HSFlensburgMaster\Sommersemester2026\AdvancedDeepLearning\Projekt\Exoplanets\data\interim\spoc120_dataset_generation\samples\toi_5082_01.npz
1697,5083.01,5882269,KP,4.7948642,2460251.750696,2.245,2280.0,12.0394,4072.0,0.65,79.140797,20.254903,2022-01-06 23:39:42,2024-01-17 10:08:02,1,ok,True,4,19,test,1777,43,success,0,0,16256,0.0,0.0,0.0,c:\Users\user\Documents\HSFlensburgMaster\Sommersemester2026\AdvancedDeepLearning\Projekt\Exoplanets\data\interim\spoc120_dataset_generation\samples\toi_5083_01.npz
1698,5086.01,178217113,KP,2.9956366,2460256.812967,2.287,7778.0,11.0514,6135.5,1.4,127.578723,22.235919,2022-01-06 23:39:44,2024-01-17 10:08:02,1,ok,True,5,2,train,1778,44,success,0,0,15257,0.0,0.0,0.0,c:\Users\user\Documents\HSFlensburgMaster\Sommersemester2026\AdvancedDeepLearning\Projekt\Exoplanets\data\interim\spoc120_dataset_generation\samples\toi_5086_01.npz
1699,5087.01,18310799,KP,17.3070631,2460253.01276,3.646,1909.0,10.1192,4230.6,0.77,67.412861,22.882567,2022-01-06 23:39:44,2024-07-17 12:02:46,1,ok,True,3,0,train,1779,44,success,21,0,15882,10.44776119402985,0.0,10.44776119402985,c:\Users\user\Documents\HSFlensburgMaster\Sommersemester2026\AdvancedDeepLearning\Projekt\Exoplanets\data\interim\spoc120_dataset_generation\samples\toi_5087_01.npz
1700,5089.01,330687113,KP,5.113835,2459503.123608,2.4556787,1290.3750314,10.999,6315.7,1.50876,136.489426,16.325515,2022-01-06 23:46:11,2024-11-25 16:02:01,1,ok,True,4,16,validation,1780,44,success,0,0,15503,0.0,0.0,0.0,c:\Users\user\Documents\HSFlensburgMaster\Sommersemester2026\AdvancedDeepLearning\Projekt\Exoplanets\data\interim\spoc120_dataset_generation\samples\toi_5089_01.npz
1701,509.01,453211454,CP,9.0588209,2460269.974997,3.342,875.0,7.9259,5560.26,0.96,117.924642,9.385241,2019-03-15 15:42:21,2024-01-04 10:08:02,1,ok,True,5,10,train,1781,7,success,0,0,16331,0.0,0.0,0.0,c:\Users\user\Documents\HSFlensburgMaster\Sommersemester2026\AdvancedDeepLearning\Projekt\Exoplanets\data\interim\spoc120_dataset_generation\samples\toi_509_01.npz
1702,509.02,453211454,CP,21.4003129,2460259.048369,5.3847459,960.7539877,7.9259,5560.26,0.962324,117.924642,9.385241,2021-03-11 23:41:25,2024-01-04 10:08:02,1,ok,True,5,10,train,1782,34,recovered,14,0,16837,6.965174129353234,0.0,6.965174129353234,c:\Users\user\Documents\HSFlensburgMaster\Sommersemester2026\AdvancedDeepLearning\Projekt\Exoplanets\data\interim\spoc120_dataset_generation\samples\toi_509_02.npz
1703,5090.01,184892124,KP,1.9828041,2459500.669114,1.1139386,132105.0435175,16.0573,3213.0,0.293047,130.664165,19.41436,2022-01-06 23:46:12,2024-11-26 16:02:02,1,ok,True,4,2,train,1783,44,success,0,0,15277,0.0,0.0,0.0,c:\Users\user\Documents\HSFlensburgMaster\Sommersemester2026\AdvancedDeepLearning\Projekt\Exoplanets\data\interim\spoc120_dataset_generation\samples\toi_5090_01.npz
1704,534.01,281909674,KP,4.0350444,2458470.81672,2.8526163,11850.4722606,14.4266,5945.0,1.1370699,102.721143,-5.086456,2019-03-28 00:07:14,2021-12-09 10:10:02,1,ok,True,3,0,train,1784,6,success,0,0,14639,0.0,0.0,0.0,c:\Users\user\Documents\HSFlensburgMaster\Sommersemester2026\AdvancedDeepLearning\Projekt\Exoplanets\data\interim\spoc120_dataset_generation\samples\toi_534_01.npz
1705,5344.01,16005254,CP,3.7927572,2459522.82521,1.47,24440.0,13.2239,3575.0,0.58,63.266216,20.915157,2022-02-28 23:29:38,2025-04-21 12:03:49,1,ok,True,1,15,validation,1785,71,success,0,0,15323,0.0,0.0,0.0,c:\Users\user\Documents\HSFlensburgMaster\Sommersemester2026\AdvancedDeepLearning\Projekt\Exoplanets\data\interim\spoc120_dataset_generation\samples\toi_5344_01.npz
1706,5349.01,26054627,CP,3.3176675,2459521.813826,1.796,25010.0,13.8117,3640.0,0.59,52.71257,20.879628,2022-02-28 23:29:40,2025-09-25 12:04:21,1,ok,True,2,10,train,1786,70,success,0,0,15417,0.0,0.0,0.0,c:\Users\user\Documents\HSFlensburgMaster\Sommersemester2026\AdvancedDeepLearning\Projekt\Exoplanets\data\interim\spoc120_dataset_generation\samples\toi_5349_01.npz
1707,535.01,280210963,KP,2.8280391,2459203.486894,2.6215943,28860.8258278,14.7971,5675.0,1.0367399,100.765687,-1.296444,2019-03-28 00:07:14,2021-12-09 10:10:02,1,ok,True,3,0,train,1787,6,success,0,0,14653,0.0,0.0,0.0,c:\Users\user\Documents\HSFlensburgMaster\Sommersemester2026\AdvancedDeepLearning\Projekt\Exoplanets\data\interim\spoc120_dataset_generation\samples\toi_535_01.npz
1708,558.01,207110080,CP,14.5728985,2459133.407241,2.5623497,4464.4359891,10.9923,6025.8,1.76095,42.291509,-58.024683,2019-04-04 21:13:03,2024-09-07 10:08:02,1,ok,True,4,10,train,1788,29,success,49,0,14826,24.378109452736318,0.0,24.378109452736318,c:\Users\user\Documents\HSFlensburgMaster\Sommersemester2026\AdvancedDeepLearning\Projekt\Exoplanets\data\interim\spoc120_dataset_generation\samples\toi_558_01.npz
1709,559.01,209459275,CP,6.9839072,2459166.185995,5.076,10050.0,10.5704,5972.0,1.21,46.818616,-31.162995,2019-04-04 21:13:03,2024-04-01 10:08:02,1,ok,True,3,17,test,1789,31,success,0,0,16579,0.0,0.0,0.0,c:\Users\user\Documents\HSFlensburgMaster\Sommersemester2026\AdvancedDeepLearning\Projekt\Exoplanets\data\interim\spoc120_dataset_generation\samples\toi_559_01.npz
1710,4829.01,268439377,FP,0.9855374,2459279.259801,1.18,3290.0,13.1591,6198.4,1.76,116.835959,-49.122453,2021-12-21 22:31:44,2024-08-22 10:08:01,0,ok,True,2,2,train,1791,88,success,0,0,19097,0.0,0.0,0.0,c:\Users\user\Documents\HSFlensburgMaster\Sommersemester2026\AdvancedDeepLearning\Projekt\Exoplanets\data\interim\spoc120_dataset_generation\samples\toi_4829_01.npz
1711,483.01,393414358,KP,4.3780807,2458469.697072,5.3900978,7074.3931388,10.439,5570.0,1.79224,94.336356,-38.323383,2019-02-22 14:51:24,2024-09-07 10:08:02,1,ok,True,6,13,train,1792,6,success,0,0,14596,0.0,0.0,0.0,c:\Users\user\Documents\HSFlensburgMaster\Sommersemester2026\AdvancedDeepLearning\Projekt\Exoplanets\data\interim\spoc120_dataset_generation\samples\toi_483_01.npz
1712,4838.01,374200604,FP,0.760019,2459525.795452,0.638738,1865.5886518,11.869,5690.2,1.65999,158.073445,2.237845,2021-12-21 22:31:48,2026-02-25 16:00:02,0,ok,True,3,5,train,1793,45,success,0,0,15629,0.0,0.0,0.0,c:\Users\user\Documents\HSFlensburgMaster\Sommersemester2026\AdvancedDeepLearning\Projekt\Exoplanets\data\interim\spoc120_dataset_generation\samples\toi_4838_01.npz
1713,484.01,427348923,FP,4.728681,2459196.648037,4.533,9990.0,11.6888,4425.0,0.9,83.531883,-0.207762,2019-02-27 22:16:31,2021-10-29 12:59:15,0,ok,True,2,2,train,1794,6,success,0,0,14601,0.0,0.0,0.0,c:\Users\user\Documents\HSFlensburgMaster\Sommersemester2026\AdvancedDeepLearning\Projekt\Exoplanets\data\interim\spoc120_dataset_generation\samples\toi_484_01.npz
1714,5093.01,63189173,KP,2.2984058,2459501.001669,2.0873186,30832.0537335,12.8033,4221.54,0.794584,118.48315,23.938219,2022-01-06 23:46:13,2024-11-26 16:02:02,1,ok,True,4,0,train,1795,44,success,0,0,15207,0.0,0.0,0.0,c:\Users\user\Documents\HSFlensburgMaster\Sommersemester2026\AdvancedDeepLearning\Projekt\Exoplanets\data\interim\spoc120_dataset_generation\samples\toi_5093_01.npz
1715,5094.01,19028197,KP,3.3366511,2459500.53574,1.8580034,6765.8704326,10.2479,3552.0,0.499698,119.773502,15.391209,2022-01-06 23:46:14,2024-11-26 16:02:02,1,ok,True,5,18,test,1796,44,success,0,0,15198,0.0,0.0,0.0,c:\Users\user\Documents\HSFlensburgMaster\Sommersemester2026\AdvancedDeepLearning\Projekt\Exoplanets\data\interim\spoc120_dataset_generation\samples\toi_5094_01.npz
1716,5095.01,434226736,KP,3.4845543,2459501.775176,0.9158601,13705.5317992,13.0275,3204.0,0.290216,63.273935,15.247703,2022-01-06 23:46:14,2024-11-25 16:02:01,1,ok,True,3,6,train,1797,44,success,0,0,15661,0.0,0.0,0.0,c:\Users\user\Documents\HSFlensburgMaster\Sommersemester2026\AdvancedDeepLearning\Projekt\Exoplanets\data\interim\spoc120_dataset_generation\samples\toi_5095_01.npz
1717,5096.01,26826078,KP,2.8753183,2460285.252669,1.615,23676.0,10.2832,4604.0,0.68,111.91643,24.336119,2022-01-06 23:46:15,2024-01-17 10:08:02,1,ok,True,5,3,train,1798,44,success,0,0,15771,0.0,0.0,0.0,c:\Users\user\Documents\HSFlensburgMaster\Sommersemester2026\AdvancedDeepLearning\Projekt\Exoplanets\data\interim\spoc120_dataset_generation\samples\toi_5096_01.npz
1718,5097.01,203214081,KP,5.7459945,2460261.803357,1.185,3650.0,11.5219,3413.0,0.32,134.718851,21.074796,2022-01-06 23:46:15,2024-02-01 16:02:02,1,ok,True,4,12,train,1799,44,success,0,0,15276,0.0,0.0,0.0,c:\Users\user\Documents\HSFlensburgMaster\Sommersemester2026\AdvancedDeepLearning\Projekt\Exoplanets\data\interim\spoc120_dataset_generation\samples\toi_5097_01.npz
1719,5098.01,14770122,KP,3.5438732,2459500.382137,4.2332052,10892.9403038,11.8887,6466.0,1.74624,113.758253,17.830028,2022-01-06 23:46:16,2024-11-26 16:02:02,1,ok,True,5,17,test,1800,44,success,0,0,15808,0.0,0.0,0.0,c:\Users\user\Documents\HSFlensburgMaster\Sommersemester2026\AdvancedDeepLearning\Projekt\Exoplanets\data\interim\spoc120_dataset_generation\samples\toi_5098_01.npz
1720,5101.01,366410512,KP,10.1367283,2460247.820034,5.341,1059.0,11.6718,6283.0,1.51,126.488211,11.511093,2022-01-06 23:46:17,2024-01-17 10:08:02,1,ok,True,7,13,train,1801,7,success,0,0,16342,0.0,0.0,0.0,c:\Users\user\Documents\HSFlensburgMaster\Sommersemester2026\AdvancedDeepLearning\Projekt\Exoplanets\data\interim\spoc120_dataset_generation\samples\toi_5101_01.npz
1721,5107.01,97735297,FP,1.8354365,2459547.910111,1.633,310.0,9.4098,9758.0,3.27,92.674931,31.328397,2022-01-25 22:18:17,2024-02-05 12:02:59,0,ok,True,3,6,train,1802,71,success,0,0,14737,0.0,0.0,0.0,c:\Users\user\Documents\HSFlensburgMaster\Sommersemester2026\AdvancedDeepLearning\Projekt\Exoplanets\data\interim\spoc120_dataset_generation\samples\toi_5107_01.npz
1722,5353.01,113919944,FP,1.2297408,2459524.201966,1.234,4020.0,12.55,6186.6,1.45,54.165272,19.565919,2022-02-28 23:29:41,2024-08-22 10:08:01,0,ok,True,2,10,train,1803,70,success,0,0,15450,0.0,0.0,0.0,c:\Users\user\Documents\HSFlensburgMaster\Sommersemester2026\AdvancedDeepLearning\Projekt\Exoplanets\data\interim\spoc120_dataset_generation\samples\toi_5353_01.npz
1723,536.01,234825296,KP,9.2432303,2458473.382195,2.4045872,10879.9770333,13.8786,5880.0,1.2998101,97.720425,0.226893,2019-03-28 00:07:14,2021-12-08 16:02:02,1,ok,True,3,6,train,1804,6,success,0,0,14648,0.0,0.0,0.0,c:\Users\user\Documents\HSFlensburgMaster\Sommersemester2026\AdvancedDeepLearning\Projekt\Exoplanets\data\interim\spoc120_dataset_generation\samples\toi_536_01.npz
1724,5361.01,366602797,FP,1.3574339,2459523.395332,2.315,3380.0,13.0581,6332.0,1.4,76.575162,31.273775,2022-02-28 23:29:45,2024-08-22 10:08:01,0,ok,True,2,11,train,1805,71,success,0,0,15114,0.0,0.0,0.0,c:\Users\user\Documents\HSFlensburgMaster\Sommersemester2026\AdvancedDeepLearning\Projekt\Exoplanets\data\interim\spoc120_dataset_generation\samples\toi_5361_01.npz
1725,560.01,101011575,CP,6.3980642,2459982.845399,2.004,1656.0,8.5925,4695.0,0.63,129.688303,-13.256527,2019-04-05 20:18:16,2023-03-10 16:02:01,1,ok,True,4,15,validation,1806,8,success,0,0,12966,0.0,0.0,0.0,c:\Users\user\Documents\HSFlensburgMaster\Sommersemester2026\AdvancedDeepLearning\Projekt\Exoplanets\data\interim\spoc120_dataset_generation\samples\toi_560_01.npz
1726,560.02,101011575,CP,18.8792871,2459987.337647,3.262,1199.0,8.5925,4695.0,0.63,129.688303,-13.256527,2021-07-19 00:13:44,2023-04-06 12:03:40,1,ok,True,4,15,validation,1807,34,recovered,15,0,16882,7.462686567164178,0.0,7.462686567164178,c:\Users\user\Documents\HSFlensburgMaster\Sommersemester2026\AdvancedDeepLearning\Projekt\Exoplanets\data\interim\spoc120_dataset_generation\samples\toi_560_02.npz
1727,561.01,377064495,CP,10.778833,2460273.231624,3.416,1130.0,9.5273,5391.0,0.84,148.185152,6.216103,2019-04-13 04:39:13,2024-01-03 16:02:01,1,ok,True,5,3,train,1808,8,success,0,0,13035,0.0,0.0,0.0,c:\Users\user\Documents\HSFlensburgMaster\Sommersemester2026\AdvancedDeepLearning\Projekt\Exoplanets\data\interim\spoc120_dataset_generation\samples\toi_561_01.npz
1728,4840.01,80029842,FP,2.3992876,2459279.306422,2.545,1180.0,12.2896,6536.0,1.15,121.23238,-47.76813,2021-12-21 22:31:49,2024-08-22 10:08:01,0,ok,True,2,10,train,1809,88,success,0,0,16762,0.0,0.0,0.0,c:\Users\user\Documents\HSFlensburgMaster\Sommersemester2026\AdvancedDeepLearning\Projekt\Exoplanets\data\interim\spoc120_dataset_generation\samples\toi_4840_01.npz
1729,4846.01,418971787,FP,1.0638184,2459277.893321,3.191,3220.0,13.0246,4963.0,0.73,120.497337,-35.061315,2021-12-21 22:31:51,2024-08-22 10:08:01,0,ok,True,1,16,validation,1810,88,success,0,0,18287,0.0,0.0,0.0,c:\Users\user\Documents\HSFlensburgMaster\Sommersemester2026\AdvancedDeepLearning\Projekt\Exoplanets\data\interim\spoc120_dataset_generation\samples\toi_4846_01.npz
1730,4849.01,132534906,FP,3.0617364,2459277.978622,1.947,6620.0,12.5874,6783.0,0.98,119.771898,-37.900646,2021-12-21 22:31:53,2024-08-22 10:08:01,0,ok,True,1,13,train,1811,61,success,0,0,15715,0.0,0.0,0.0,c:\Users\user\Documents\HSFlensburgMaster\Sommersemester2026\AdvancedDeepLearning\Projekt\Exoplanets\data\interim\spoc120_dataset_generation\samples\toi_4849_01.npz
1731,485.01,427352241,FP,1.2667147,2459198.437811,1.712,1870.0,9.9955,6084.0,1.87,83.622986,-4.415044,2019-02-22 14:51:24,2021-10-29 12:59:15,0,ok,True,1,6,train,1812,6,success,0,0,14683,0.0,0.0,0.0,c:\Users\user\Documents\HSFlensburgMaster\Sommersemester2026\AdvancedDeepLearning\Projekt\Exoplanets\data\interim\spoc120_dataset_generation\samples\toi_485_01.npz
1732,4856.01,428685938,FP,14.4896397,2460022.855249,1.898,40070.0,14.379,3376.0,0.35,180.231429,-23.634554,2021-12-21 22:33:22,2024-08-22 10:08:01,0,ok,True,1,15,validation,1813,63,success,20,0,16061,9.950248756218906,0.0,9.950248756218906,c:\Users\user\Documents\HSFlensburgMaster\Sommersemester2026\AdvancedDeepLearning\Projekt\Exoplanets\data\interim\spoc120_dataset_generation\samples\toi_4856_01.npz
1733,5108.01,350348197,CP,6.7535728,2460285.356746,2.173,1740.0,9.18458,5880.0,1.32,166.269504,11.246407,2022-01-25 22:18:18,2025-04-21 12:03:49,1,ok,True,1,3,train,1814,72,success,0,0,14773,0.0,0.0,0.0,c:\Users\user\Documents\HSFlensburgMaster\Sommersemester2026\AdvancedDeepLearning\Projekt\Exoplanets\data\interim\spoc120_dataset_generation\samples\toi_5108_01.npz
1734,511.01,440777904,KP,3.3552444,2458491.695717,3.7362246,11199.9266299,11.3072,6373.0,1.41886,108.825117,14.262606,2019-03-22 22:54:00,2024-11-26 16:02:02,1,ok,True,8,5,train,1815,7,success,0,0,15997,0.0,0.0,0.0,c:\Users\user\Documents\HSFlensburgMaster\Sommersemester2026\AdvancedDeepLearning\Projekt\Exoplanets\data\interim\spoc120_dataset_generation\samples\toi_511_01.npz
1735,5111.01,203289099,KP,3.3557219,2460280.32405,1.599,1101.0,11.7538,3807.0,0.56,136.361492,21.668589,2022-01-25 22:18:19,2024-02-01 16:02:02,1,ok,True,4,16,validation,1817,44,success,0,0,15236,0.0,0.0,0.0,c:\Users\user\Documents\HSFlensburgMaster\Sommersemester2026\AdvancedDeepLearning\Projekt\Exoplanets\data\interim\spoc120_dataset_generation\samples\toi_5111_01.npz
1736,5119.01,75427473,FP,1.4713984,2460258.206104,3.028,236.0,8.96861,5110.7,2.66,85.222404,25.872525,2022-01-25 22:18:23,2023-12-18 16:02:01,0,ok,True,2,8,train,1818,71,success,0,0,15114,0.0,0.0,0.0,c:\Users\user\Documents\HSFlensburgMaster\Sommersemester2026\AdvancedDeepLearning\Projekt\Exoplanets\data\interim\spoc120_dataset_generation\samples\toi_5119_01.npz
1737,512.01,119292328,CP,7.1887332,2458471.218204,2.9505752,285.257999,8.9767,5581.0,0.882675,96.646702,-38.60721,2019-03-18 17:05:03,2025-02-21 12:03:22,1,ok,True,5,6,train,1819,6,success,0,0,14681,0.0,0.0,0.0,c:\Users\user\Documents\HSFlensburgMaster\Sommersemester2026\AdvancedDeepLearning\Projekt\Exoplanets\data\interim\spoc120_dataset_generation\samples\toi_512_01.npz
1738,5121.01,366568760,KP,8.4071591,2460269.511157,5.002,533.0,11.6522,4642.6,4.71,127.762837,10.847557,2022-01-25 22:18:24,2024-02-01 16:02:02,1,ok,True,7,8,train,1820,7,success,0,0,16343,0.0,0.0,0.0,c:\Users\user\Documents\HSFlensburgMaster\Sommersemester2026\AdvancedDeepLearning\Projekt\Exoplanets\data\interim\spoc120_dataset_generation\samples\toi_5121_01.npz
1739,537.01,234112540,KP,4.0379012,2459205.316448,2.9331124,15242.7058565,13.4831,6100.0,1.27299,101.27724,0.815216,2019-03-28 00:07:14,2021-12-03 16:02:01,1,ok,True,3,4,train,1821,6,success,0,0,14656,0.0,0.0,0.0,c:\Users\user\Documents\HSFlensburgMaster\Sommersemester2026\AdvancedDeepLearning\Projekt\Exoplanets\data\interim\spoc120_dataset_generation\samples\toi_537_01.npz
1740,5373.01,9155187,KP,4.1878375,2459582.167296,2.9905904,11415.1655183,11.4556,5521.95,1.10007,116.716387,39.094469,2022-03-01 00:00:34,2022-02-28 17:03:41,1,ok,True,2,19,test,1822,47,success,0,0,16570,0.0,0.0,0.0,c:\Users\user\Documents\HSFlensburgMaster\Sommersemester2026\AdvancedDeepLearning\Projekt\Exoplanets\data\interim\spoc120_dataset_generation\samples\toi_5373_01.npz
1741,5374.01,20096620,KP,2.9164004,2459580.063121,3.28681,7257.7025481,9.9596,5720.0,1.82744,129.882377,47.351908,2022-03-01 00:00:35,2022-02-28 17:03:41,1,ok,True,1,13,train,1823,47,success,0,0,16611,0.0,0.0,0.0,c:\Users\user\Documents\HSFlensburgMaster\Sommersemester2026\AdvancedDeepLearning\Projekt\Exoplanets\data\interim\spoc120_dataset_generation\samples\toi_5374_01.npz
1742,538.01,237751146,FP,1.669769,2459203.397714,2.0105348,10665.55057,14.1477,3411.0,0.433512,104.33198,4.028698,2019-03-28 00:07:14,2021-10-29 12:59:15,0,ok,True,2,5,train,1824,6,success,0,0,14653,0.0,0.0,0.0,c:\Users\user\Documents\HSFlensburgMaster\Sommersemester2026\AdvancedDeepLearning\Projekt\Exoplanets\data\interim\spoc120_dataset_generation\samples\toi_538_01.npz
1743,5381.01,241174783,FP,4.0802864,2459603.311382,1.4789165,516.622925,9.54224,6802.3,2.68185,116.368498,44.129824,2022-03-01 00:21:56,2024-11-19 12:03:01,0,ok,True,2,8,train,1825,47,success,0,0,16615,0.0,0.0,0.0,c:\Users\user\Documents\HSFlensburgMaster\Sommersemester2026\AdvancedDeepLearning\Projekt\Exoplanets\data\interim\spoc120_dataset_generation\samples\toi_5381_01.npz
1744,561.02,377064495,CP,0.4465713,2460285.469459,1.077,294.0,9.5273,5391.0,0.84,148.185152,6.216103,2019-04-13 04:39:13,2024-01-03 16:02:01,1,ok,True,5,3,train,1826,8,success,0,0,13035,0.0,0.0,0.0,c:\Users\user\Documents\HSFlensburgMaster\Sommersemester2026\AdvancedDeepLearning\Projekt\Exoplanets\data\interim\spoc120_dataset_generation\samples\toi_561_02.npz
1745,561.03,377064495,CP,25.7122157,2458521.899814,5.9710228,1151.454738,9.5273,5391.0,0.840576,148.185152,6.216103,2019-04-13 04:39:13,2024-05-02 10:08:02,1,ok,True,5,3,train,1827,8,success,56,0,13035,27.860696517412936,0.0,27.860696517412936,c:\Users\user\Documents\HSFlensburgMaster\Sommersemester2026\AdvancedDeepLearning\Projekt\Exoplanets\data\interim\spoc120_dataset_generation\samples\toi_561_03.npz
1746,5616.01,154220877,CP,2.002703,2460341.539242,1.5778338,25076.5147415,14.6877,3927.0,0.65,184.901638,48.68329,2022-05-17 20:14:53,2026-03-03 16:00:01,1,ok,True,2,3,train,1828,75,success,0,0,11063,0.0,0.0,0.0,c:\Users\user\Documents\HSFlensburgMaster\Sommersemester2026\AdvancedDeepLearning\Projekt\Exoplanets\data\interim\spoc120_dataset_generation\samples\toi_5616_01.npz
1747,562.01,413248763,CP,3.9306027,2460011.629018,1.196,1048.0,8.74094,3505.0,0.36,144.007464,-21.665063,2019-04-13 04:39:13,2023-04-12 16:02:02,1,ok,True,5,17,test,1829,8,success,0,0,13044,0.0,0.0,0.0,c:\Users\user\Documents\HSFlensburgMaster\Sommersemester2026\AdvancedDeepLearning\Projekt\Exoplanets\data\interim\spoc120_dataset_generation\samples\toi_562_01.npz
1748,4858.01,262499797,FP,1.7509117,2459963.283806,1.4130673,70067.1013669,14.8083,3333.0,0.443812,109.880143,-55.728421,2021-12-21 22:33:23,2025-02-06 12:03:34,0,ok,True,11,8,train,1831,61,success,0,0,15274,0.0,0.0,0.0,c:\Users\user\Documents\HSFlensburgMaster\Sommersemester2026\AdvancedDeepLearning\Projekt\Exoplanets\data\interim\spoc120_dataset_generation\samples\toi_4858_01.npz
1749,486.01,260708537,CP,1.7446984,2460985.903551,1.0880845,160.4642656,9.36854,3445.0,0.426676,98.454881,-58.525032,2019-05-07 17:42:40,2026-04-17 10:08:01,1,ok,True,44,9,train,1832,1,success,0,0,18278,0.0,0.0,0.0,c:\Users\user\Documents\HSFlensburgMaster\Sommersemester2026\AdvancedDeepLearning\Projekt\Exoplanets\data\interim\spoc120_dataset_generation\samples\toi_486_01.npz
1750,4860.01,335590096,CP,1.5229985,2459304.245613,1.196,58060.0,13.7726,3237.0,0.35,183.563961,-13.174841,2021-12-21 22:33:24,2024-08-22 10:08:01,1,ok,True,3,4,train,1833,63,success,0,0,17160,0.0,0.0,0.0,c:\Users\user\Documents\HSFlensburgMaster\Sommersemester2026\AdvancedDeepLearning\Projekt\Exoplanets\data\interim\spoc120_dataset_generation\samples\toi_4860_01.npz
1751,4863.01,143032776,FP,12.4856615,2459289.281849,2.538,67270.0,14.667,3473.0,0.45,167.255241,-10.188311,2021-12-21 22:33:25,2026-04-05 12:03:53,0,ok,True,2,14,validation,1834,63,success,2,0,17143,0.9950248756218906,0.0,0.9950248756218906,c:\Users\user\Documents\HSFlensburgMaster\Sommersemester2026\AdvancedDeepLearning\Projekt\Exoplanets\data\interim\spoc120_dataset_generation\samples\toi_4863_01.npz
1752,5123.01,332022997,KP,3.2810299,2459501.145179,1.9734854,1163.6040257,11.1983,4783.6,0.735345,132.16988,20.455016,2022-02-08 22:06:13,2024-11-25 16:02:01,1,ok,True,4,14,validation,1835,44,success,0,0,15279,0.0,0.0,0.0,c:\Users\user\Documents\HSFlensburgMaster\Sommersemester2026\AdvancedDeepLearning\Projekt\Exoplanets\data\interim\spoc120_dataset_generation\samples\toi_5123_01.npz
1753,5123.02,332022997,KP,8.4388997,2459572.871765,2.5274041,1269.2030732,11.1983,4783.6,0.735345,132.16988,20.455016,2022-01-25 22:18:25,2024-11-25 16:02:01,1,ok,True,4,14,validation,1836,44,success,0,0,15279,0.0,0.0,0.0,c:\Users\user\Documents\HSFlensburgMaster\Sommersemester2026\AdvancedDeepLearning\Projekt\Exoplanets\data\interim\spoc120_dataset_generation\samples\toi_5123_02.npz
1754,5124.01,306902029,FP,1.0754572,2459549.901817,1.832,690.0,10.4406,6290.0,3.29,98.039425,17.38055,2022-01-25 22:18:25,2022-02-15 12:02:10,0,ok,True,2,13,train,1837,71,success,0,0,14988,0.0,0.0,0.0,c:\Users\user\Documents\HSFlensburgMaster\Sommersemester2026\AdvancedDeepLearning\Projekt\Exoplanets\data\interim\spoc120_dataset_generation\samples\toi_5124_01.npz
1755,5126.01,27064468,CP,5.4589863,2460282.114507,3.39,1230.0,9.56225,6223.0,1.24,151.659783,18.634063,2022-01-25 22:18:26,2024-02-12 12:02:58,1,ok,True,4,7,train,1838,45,success,0,0,16507,0.0,0.0,0.0,c:\Users\user\Documents\HSFlensburgMaster\Sommersemester2026\AdvancedDeepLearning\Projekt\Exoplanets\data\interim\spoc120_dataset_generation\samples\toi_5126_01.npz
1756,5126.02,27064468,CP,17.9051919,2460258.338552,4.555,771.0,9.56225,6223.0,1.24,151.659783,18.634063,2022-02-08 22:12:14,2024-02-02 10:08:02,1,ok,True,4,7,train,1839,45,success,15,0,16507,7.462686567164178,0.0,7.462686567164178,c:\Users\user\Documents\HSFlensburgMaster\Sommersemester2026\AdvancedDeepLearning\Projekt\Exoplanets\data\interim\spoc120_dataset_generation\samples\toi_5126_02.npz
1757,513.01,431999925,FP,1.445433,2458492.93007,3.684343,16635.28994,14.7095,3266.0,0.269,120.789948,-20.010091,2019-03-22 22:54:00,2025-08-15 16:00:02,0,ok,True,2,8,train,1840,7,success,0,0,16307,0.0,0.0,0.0,c:\Users\user\Documents\HSFlensburgMaster\Sommersemester2026\AdvancedDeepLearning\Projekt\Exoplanets\data\interim\spoc120_dataset_generation\samples\toi_513_01.npz
1758,5133.01,312221462,FP,30.4408598,2459507.390544,4.586,1500.0,10.3703,8158.9,1.58,88.396157,33.232368,2022-01-25 22:18:29,2024-09-18 10:08:02,0,ok,True,6,16,validation,1841,43,success,53,0,15973,26.368159203980102,0.0,26.368159203980102,c:\Users\user\Documents\HSFlensburgMaster\Sommersemester2026\AdvancedDeepLearning\Projekt\Exoplanets\data\interim\spoc120_dataset_generation\samples\toi_5133_01.npz
1759,5134.01,95010343,FP,6.880459,2460272.398924,2.037,445.0,9.16636,6474.0,1.31,114.312857,24.515713,2022-01-25 22:18:30,2024-01-17 16:02:04,0,ok,True,2,11,train,1842,71,success,0,0,14579,0.0,0.0,0.0,c:\Users\user\Documents\HSFlensburgMaster\Sommersemester2026\AdvancedDeepLearning\Projekt\Exoplanets\data\interim\spoc120_dataset_generation\samples\toi_5134_01.npz
1760,5135.01,172110606,FP,2.0197299,2460310.708798,2.563,426.0,8.96147,5810.0,1.77,97.83249,32.39678,2022-01-25 22:18:30,2024-01-30 16:02:02,0,ok,True,5,11,train,1843,20,success,0,0,16550,0.0,0.0,0.0,c:\Users\user\Documents\HSFlensburgMaster\Sommersemester2026\AdvancedDeepLearning\Projekt\Exoplanets\data\interim\spoc120_dataset_generation\samples\toi_5135_01.npz
1761,5136.01,175236511,KP,7.8092052,2459550.096564,3.393,480.0,12.0789,5906.9,1.22,129.813701,23.357437,2022-01-25 22:18:31,2022-01-25 16:02:02,1,ok,True,5,14,validation,1844,44,success,0,0,15269,0.0,0.0,0.0,c:\Users\user\Documents\HSFlensburgMaster\Sommersemester2026\AdvancedDeepLearning\Projekt\Exoplanets\data\interim\spoc120_dataset_generation\samples\toi_5136_01.npz
1762,5384.01,165297570,KP,2.9895092,2459610.390465,3.3503883,12117.7788754,9.6022,6317.0,1.61396,157.06262,25.573137,2022-03-24 21:34:47,2022-03-24 16:02:01,1,ok,True,1,19,test,1845,48,success,0,0,15567,0.0,0.0,0.0,c:\Users\user\Documents\HSFlensburgMaster\Sommersemester2026\AdvancedDeepLearning\Projekt\Exoplanets\data\interim\spoc120_dataset_generation\samples\toi_5384_01.npz
1763,5388.01,407591297,CP,2.594675,2459630.895748,0.313,1070.0,10.5737,3495.0,0.31,152.176517,35.547557,2022-03-24 21:34:48,2025-04-21 12:03:49,1,ok,True,2,18,test,1846,21,success,0,0,17270,0.0,0.0,0.0,c:\Users\user\Documents\HSFlensburgMaster\Sommersemester2026\AdvancedDeepLearning\Projekt\Exoplanets\data\interim\spoc120_dataset_generation\samples\toi_5388_01.npz
1764,5624.02,53498154,CP,3.3903593,2460361.102632,2.168,877.0,10.0326,5342.0,0.83,180.844348,49.251226,2024-04-25 22:39:36,2026-04-17 12:03:59,1,ok,True,3,11,train,1849,22,success,0,0,15448,0.0,0.0,0.0,c:\Users\user\Documents\HSFlensburgMaster\Sommersemester2026\AdvancedDeepLearning\Projekt\Exoplanets\data\interim\spoc120_dataset_generation\samples\toi_5624_02.npz
1765,5624.03,53498154,CP,7.8854383,2460344.837553,3.083,796.0,10.0326,5342.0,0.83,180.844348,49.251226,2024-04-25 22:39:36,2026-04-17 12:03:59,1,ok,True,3,11,train,1850,22,success,0,0,15448,0.0,0.0,0.0,c:\Users\user\Documents\HSFlensburgMaster\Sommersemester2026\AdvancedDeepLearning\Projekt\Exoplanets\data\interim\spoc120_dataset_generation\samples\toi_5624_03.npz
1766,5624.04,53498154,CP,21.4904723,2460364.819364,3.802,985.0,10.0326,5342.0,0.83,180.844348,49.251226,2024-04-25 22:39:36,2026-04-17 12:03:59,1,ok,True,3,11,train,1851,22,success,35,0,15448,17.412935323383085,0.0,17.412935323383085,c:\Users\user\Documents\HSFlensburgMaster\Sommersemester2026\AdvancedDeepLearning\Projekt\Exoplanets\data\interim\spoc120_dataset_generation\samples\toi_5624_04.npz
1767,5628.01,135100529,CP,4.3415097,2459640.620156,1.7793909,103523.691837,14.4733,3427.0,,185.727955,18.836705,2022-06-02 21:01:29,2026-07-14 12:03:55,1,ok,True,1,7,train,1852,49,success,0,0,13405,0.0,0.0,0.0,c:\Users\user\Documents\HSFlensburgMaster\Sommersemester2026\AdvancedDeepLearning\Projekt\Exoplanets\data\interim\spoc120_dataset_generation\samples\toi_5628_01.npz
1768,5631.01,347430350,KP,2.2438471,2459689.309412,2.574,10310.0,9.32423,6458.0,1.33,218.276625,21.894688,2022-06-02 21:02:06,2022-06-02 16:02:01,1,ok,True,1,16,validation,1853,50,success,0,0,10657,0.0,0.0,0.0,c:\Users\user\Documents\HSFlensburgMaster\Sommersemester2026\AdvancedDeepLearning\Projekt\Exoplanets\data\interim\spoc120_dataset_generation\samples\toi_5631_01.npz
1769,5632.01,420779000,KP,4.2342153,2459666.190171,2.5166257,6137.4069869,10.9016,5061.9,0.859778,213.156551,4.059417,2022-06-02 21:08:18,2022-06-02 16:02:01,1,ok,True,1,6,train,1854,50,success,0,0,10870,0.0,0.0,0.0,c:\Users\user\Documents\HSFlensburgMaster\Sommersemester2026\AdvancedDeepLearning\Projekt\Exoplanets\data\interim\spoc120_dataset_generation\samples\toi_5632_01.npz
1770,4879.01,45465399,FP,5.3763108,2459325.008186,2.339,4040.0,13.3342,6543.0,1.53,130.643983,-59.619955,2021-12-21 22:36:43,2026-05-16 12:04:04,0,ok,True,5,11,train,1855,62,success,0,0,15972,0.0,0.0,0.0,c:\Users\user\Documents\HSFlensburgMaster\Sommersemester2026\AdvancedDeepLearning\Projekt\Exoplanets\data\interim\spoc120_dataset_generation\samples\toi_4879_01.npz
1771,488.01,452866790,CP,1.1979996,2458492.205829,0.9682003,1150.3177297,11.1972,3332.0,0.354529,120.593607,3.337163,2019-03-14 21:38:48,2024-02-15 10:08:02,1,ok,True,4,18,test,1856,7,success,0,0,16341,0.0,0.0,0.0,c:\Users\user\Documents\HSFlensburgMaster\Sommersemester2026\AdvancedDeepLearning\Projekt\Exoplanets\data\interim\spoc120_dataset_generation\samples\toi_488_01.npz
1772,4886.01,457743020,FP,3.251249,2459327.581873,2.123,12040.0,12.9004,6951.0,1.66,158.261633,-57.281506,2021-12-21 22:36:46,2025-04-30 12:03:16,0,ok,True,3,13,train,1857,63,success,0,0,18358,0.0,0.0,0.0,c:\Users\user\Documents\HSFlensburgMaster\Sommersemester2026\AdvancedDeepLearning\Projekt\Exoplanets\data\interim\spoc120_dataset_generation\samples\toi_4886_01.npz
1773,489.01,455096220,KP,3.6466612,2459250.846246,3.9225178,8994.5736642,11.8997,6096.0,1.35672,123.250703,4.787029,2019-03-14 21:38:48,2021-12-01 16:02:01,1,ok,True,4,18,test,1858,7,success,0,0,16343,0.0,0.0,0.0,c:\Users\user\Documents\HSFlensburgMaster\Sommersemester2026\AdvancedDeepLearning\Projekt\Exoplanets\data\interim\spoc120_dataset_generation\samples\toi_489_01.npz
1774,5138.01,38087018,KP,1.7292681,2459526.191553,1.8278099,23043.2055193,14.6026,4377.0,0.766495,169.632755,-1.774058,2022-01-25 22:30:56,2024-11-26 16:02:02,1,ok,True,3,17,test,1859,45,success,0,0,16200,0.0,0.0,0.0,c:\Users\user\Documents\HSFlensburgMaster\Sommersemester2026\AdvancedDeepLearning\Projekt\Exoplanets\data\interim\spoc120_dataset_generation\samples\toi_5138_01.npz
1775,514.01,366576758,KP,11.3909685,2458495.842899,3.8062467,16337.7657792,13.6674,5027.0,0.875936,127.882912,11.922255,2019-03-22 22:54:00,2024-11-26 16:02:02,1,ok,True,5,10,train,1860,7,success,0,0,16343,0.0,0.0,0.0,c:\Users\user\Documents\HSFlensburgMaster\Sommersemester2026\AdvancedDeepLearning\Projekt\Exoplanets\data\interim\spoc120_dataset_generation\samples\toi_514_01.npz
1776,5141.01,350020859,KP,11.8141726,2459556.003033,5.5649352,1504.894167,8.74761,5609.0,1.78598,154.671098,10.128846,2022-01-25 22:30:58,2022-07-15 16:02:01,1,ok,True,2,18,test,1861,45,success,0,0,15918,0.0,0.0,0.0,c:\Users\user\Documents\HSFlensburgMaster\Sommersemester2026\AdvancedDeepLearning\Projekt\Exoplanets\data\interim\spoc120_dataset_generation\samples\toi_5141_01.npz
1777,5142.01,393495970,KP,1.7554285,2459576.373848,1.7729986,14716.5922677,11.0658,5306.0,0.965222,160.602369,7.435077,2022-01-25 22:30:58,2022-07-15 16:02:01,1,ok,True,2,16,validation,1862,45,success,0,0,15903,0.0,0.0,0.0,c:\Users\user\Documents\HSFlensburgMaster\Sommersemester2026\AdvancedDeepLearning\Projekt\Exoplanets\data\interim\spoc120_dataset_generation\samples\toi_5142_01.npz
1778,5144.01,380619414,KP,2.6556753,2460262.66986,2.6111014,20259.2262626,10.15,5817.3,,175.908033,6.563784,2022-01-25 22:30:59,2024-02-02 10:08:02,1,ok,True,3,3,train,1863,45,success,0,0,16232,0.0,0.0,0.0,c:\Users\user\Documents\HSFlensburgMaster\Sommersemester2026\AdvancedDeepLearning\Projekt\Exoplanets\data\interim\spoc120_dataset_generation\samples\toi_5144_01.npz
1779,5145.01,281885301,KP,7.9177855,2459554.042178,3.150639,6150.3984312,12.3049,5322.0,0.840476,174.960254,0.603596,2022-01-25 22:31:00,2024-02-02 10:08:02,1,ok,True,3,3,train,1864,45,success,0,0,16203,0.0,0.0,0.0,c:\Users\user\Documents\HSFlensburgMaster\Sommersemester2026\AdvancedDeepLearning\Projekt\Exoplanets\data\interim\spoc120_dataset_generation\samples\toi_5145_01.npz
1780,5146.01,173103335,KP,10.0546003,2459528.179119,2.640621,1321.020031,10.5459,3920.0,0.550856,172.335371,-1.455136,2022-01-25 22:31:00,2024-11-26 16:02:02,1,ok,True,3,10,train,1865,45,success,0,0,16204,0.0,0.0,0.0,c:\Users\user\Documents\HSFlensburgMaster\Sommersemester2026\AdvancedDeepLearning\Projekt\Exoplanets\data\interim\spoc120_dataset_generation\samples\toi_5146_01.npz
1781,515.01,366622912,CP,3.1148931,2458493.283904,2.3721346,25980.7010915,13.7988,4973.0,0.74956,128.067093,11.63071,2019-03-22 22:54:00,2024-11-15 16:02:02,1,ok,True,6,19,test,1866,7,success,0,0,16342,0.0,0.0,0.0,c:\Users\user\Documents\HSFlensburgMaster\Sommersemester2026\AdvancedDeepLearning\Projekt\Exoplanets\data\interim\spoc120_dataset_generation\samples\toi_515_01.npz
1782,5150.01,40954422,FP,1.7578288,2460336.483913,3.218,2116.0,10.0768,6640.0,2.59,301.393952,39.588455,2022-02-08 19:43:11,2024-03-04 10:08:01,0,ok,True,4,13,train,1867,74,success,0,0,18788,0.0,0.0,0.0,c:\Users\user\Documents\HSFlensburgMaster\Sommersemester2026\AdvancedDeepLearning\Projekt\Exoplanets\data\interim\spoc120_dataset_generation\samples\toi_5150_01.npz
1783,5398.01,8260536,CP,10.590923,2459616.492055,4.105,10290.0,9.58055,6017.1,1.05,161.879557,36.329434,2022-03-24 21:38:40,2024-10-04 10:08:02,1,ok,True,1,8,train,1868,48,success,0,0,15507,0.0,0.0,0.0,c:\Users\user\Documents\HSFlensburgMaster\Sommersemester2026\AdvancedDeepLearning\Projekt\Exoplanets\data\interim\spoc120_dataset_generation\samples\toi_5398_01.npz
1784,5398.02,8260536,CP,4.7728997,2459628.618083,2.906,920.0,9.58055,6017.1,1.05,161.879557,36.329434,2022-03-24 21:38:39,2024-10-04 10:08:02,1,ok,True,1,8,train,1869,48,success,0,0,15507,0.0,0.0,0.0,c:\Users\user\Documents\HSFlensburgMaster\Sommersemester2026\AdvancedDeepLearning\Projekt\Exoplanets\data\interim\spoc120_dataset_generation\samples\toi_5398_02.npz
1785,540.01,200322593,CP,1.2391534,2459175.141647,0.4887749,2318.6594409,11.5045,3042.0,0.197117,76.309695,-47.937539,2019-05-07 17:42:38,2024-09-10 10:08:02,1,ok,True,6,9,train,1870,4,success,0,0,14566,0.0,0.0,0.0,c:\Users\user\Documents\HSFlensburgMaster\Sommersemester2026\AdvancedDeepLearning\Projekt\Exoplanets\data\interim\spoc120_dataset_generation\samples\toi_540_01.npz
1786,564.01,1003831,CP,1.6511456,2458518.203428,0.9495247,3205.5671437,10.6701,5752.0,1.12196,130.295154,-16.036327,2019-04-05 20:18:16,2024-02-15 10:08:02,1,ok,True,5,18,test,1871,8,success,0,0,12907,0.0,0.0,0.0,c:\Users\user\Documents\HSFlensburgMaster\Sommersemester2026\AdvancedDeepLearning\Projekt\Exoplanets\data\interim\spoc120_dataset_generation\samples\toi_564_01.npz
1787,490.01,455135327,KP,2.8106013,2458491.915477,2.2499254,10912.6752583,9.93908,6304.0,1.34004,123.949843,5.836867,2019-03-14 21:38:48,2024-10-10 10:08:04,1,ok,True,4,3,train,1872,7,success,0,0,16256,0.0,0.0,0.0,c:\Users\user\Documents\HSFlensburgMaster\Sommersemester2026\AdvancedDeepLearning\Projekt\Exoplanets\data\interim\spoc120_dataset_generation\samples\toi_490_01.npz
1788,4902.01,358072664,FP,4.1934945,2459327.06697,1.873,2710.0,12.8989,5541.0,1.63,138.943337,-60.291854,2021-12-21 22:36:52,2024-08-22 10:08:01,0,ok,True,1,8,train,1873,89,success,0,0,20257,0.0,0.0,0.0,c:\Users\user\Documents\HSFlensburgMaster\Sommersemester2026\AdvancedDeepLearning\Projekt\Exoplanets\data\interim\spoc120_dataset_generation\samples\toi_4902_01.npz
1789,5153.01,124029677,CP,20.9108406,2459197.092933,4.478,5936.0,11.215,6408.0,1.38,91.54032,-19.953444,2022-02-08 20:16:35,2022-07-11 12:03:01,1,ok,True,2,17,test,1875,33,success,14,0,17458,6.965174129353234,0.0,6.965174129353234,c:\Users\user\Documents\HSFlensburgMaster\Sommersemester2026\AdvancedDeepLearning\Projekt\Exoplanets\data\interim\spoc120_dataset_generation\samples\toi_5153_01.npz
1790,5155.01,388811663,KP,9.7956535,2459456.729746,2.7073092,1633.7953711,11.7603,4147.0,0.706632,18.424101,3.097073,2022-02-08 21:10:13,2024-11-26 16:02:02,1,ok,True,3,15,validation,1876,42,success,0,0,13027,0.0,0.0,0.0,c:\Users\user\Documents\HSFlensburgMaster\Sommersemester2026\AdvancedDeepLearning\Projekt\Exoplanets\data\interim\spoc120_dataset_generation\samples\toi_5155_01.npz
1791,5162.01,60286662,KP,8.5623289,2459504.354978,3.0961685,4321.4694896,13.2027,5545.3,1.0230401,125.223914,16.090796,2022-02-08 22:12:13,2024-11-26 16:02:02,1,ok,True,5,19,test,1877,44,success,0,0,15233,0.0,0.0,0.0,c:\Users\user\Documents\HSFlensburgMaster\Sommersemester2026\AdvancedDeepLearning\Projekt\Exoplanets\data\interim\spoc120_dataset_generation\samples\toi_5162_01.npz
1792,5164.01,6892385,KP,8.2669589,2460256.367181,3.328,1316.0,11.2089,5411.1,0.92,125.420299,13.497512,2022-02-08 22:12:14,2024-01-17 10:08:02,1,ok,True,5,13,train,1879,44,success,0,0,15203,0.0,0.0,0.0,c:\Users\user\Documents\HSFlensburgMaster\Sommersemester2026\AdvancedDeepLearning\Projekt\Exoplanets\data\interim\spoc120_dataset_generation\samples\toi_5164_01.npz
1793,5418.01,115564354,FP,1.6421819,2459550.466346,2.459,1100.0,11.6985,5627.0,0.79,84.006338,32.316823,2022-04-20 18:22:38,2024-08-22 10:08:01,0,ok,True,4,0,train,1880,59,success,0,0,16734,0.0,0.0,0.0,c:\Users\user\Documents\HSFlensburgMaster\Sommersemester2026\AdvancedDeepLearning\Projekt\Exoplanets\data\interim\spoc120_dataset_generation\samples\toi_5418_01.npz
1794,5424.01,436099179,FP,0.8999342,2459548.984631,1.606,1720.0,12.5284,6211.0,1.64,83.837234,12.115939,2022-04-20 18:22:41,2024-08-22 10:08:01,0,ok,True,2,17,test,1881,71,success,0,0,14737,0.0,0.0,0.0,c:\Users\user\Documents\HSFlensburgMaster\Sommersemester2026\AdvancedDeepLearning\Projekt\Exoplanets\data\interim\spoc120_dataset_generation\samples\toi_5424_01.npz
1795,566.01,1133072,FP,0.846542,2458517.531592,2.408837,2524.567663,12.625,3380.0,0.325,131.086145,-28.07677,2019-04-13 04:58:29,2021-12-08 10:10:01,0,ok,True,3,8,train,1882,8,success,0,0,12952,0.0,0.0,0.0,c:\Users\user\Documents\HSFlensburgMaster\Sommersemester2026\AdvancedDeepLearning\Projekt\Exoplanets\data\interim\spoc120_dataset_generation\samples\toi_566_01.npz
1796,567.01,13349647,KP,1.5373643,2458518.50543,1.7528779,17828.6194882,12.212,5959.0,0.959588,131.58039,-8.026985,2019-04-05 20:18:16,2024-09-07 10:08:02,1,ok,True,5,1,train,1883,8,success,0,0,12880,0.0,0.0,0.0,c:\Users\user\Documents\HSFlensburgMaster\Sommersemester2026\AdvancedDeepLearning\Projekt\Exoplanets\data\interim\spoc120_dataset_generation\samples\toi_567_01.npz
1797,491.01,468987719,KP,3.3326812,2460279.866473,3.125,17008.0,12.7656,5645.0,1.11,128.925689,10.206587,2019-03-14 21:38:48,2024-02-01 16:02:02,1,ok,True,8,11,train,1884,7,success,0,0,16343,0.0,0.0,0.0,c:\Users\user\Documents\HSFlensburgMaster\Sommersemester2026\AdvancedDeepLearning\Projekt\Exoplanets\data\interim\spoc120_dataset_generation\samples\toi_491_01.npz
1798,4914.01,49254857,CP,10.5988743,2459317.272697,1.638,12920.0,11.6629,5809.9,1.04,204.542672,-28.142921,2021-12-21 22:36:58,2025-04-21 12:03:49,1,ok,True,1,17,test,1885,64,success,0,0,17343,0.0,0.0,0.0,c:\Users\user\Documents\HSFlensburgMaster\Sommersemester2026\AdvancedDeepLearning\Projekt\Exoplanets\data\interim\spoc120_dataset_generation\samples\toi_4914_01.npz
1799,4916.01,454069765,KP,4.1197036,2459326.617962,4.547,2690.0,12.1137,5848.8,1.79,176.240233,-38.139716,2021-12-21 22:36:58,2024-08-22 10:08:01,1,ok,True,4,11,train,1886,63,success,0,0,17889,0.0,0.0,0.0,c:\Users\user\Documents\HSFlensburgMaster\Sommersemester2026\AdvancedDeepLearning\Projekt\Exoplanets\data\interim\spoc120_dataset_generation\samples\toi_4916_01.npz
1800,492.01,17746821,KP,3.1220166,2458493.164634,3.5718864,6304.9170255,11.3155,6280.0,1.72958,118.063438,12.139347,2019-03-14 21:38:48,2024-11-25 16:02:01,1,ok,True,8,3,train,1887,7,success,0,0,16334,0.0,0.0,0.0,c:\Users\user\Documents\HSFlensburgMaster\Sommersemester2026\AdvancedDeepLearning\Projekt\Exoplanets\data\interim\spoc120_dataset_generation\samples\toi_492_01.npz
1801,5168.01,363548415,KP,6.7713411,2459528.161777,2.836,2930.0,11.9186,5231.0,0.89,171.515187,1.230624,2022-02-08 22:12:16,2024-11-22 10:08:02,1,ok,True,3,19,test,1888,45,success,0,0,16201,0.0,0.0,0.0,c:\Users\user\Documents\HSFlensburgMaster\Sommersemester2026\AdvancedDeepLearning\Projekt\Exoplanets\data\interim\spoc120_dataset_generation\samples\toi_5168_01.npz
1802,517.01,308307606,FP,9.8850244,2458412.729453,2.4234353,9891.3681761,13.2361,5522.0,0.819196,120.199911,-60.865633,2019-03-18 17:05:11,2023-11-01 10:08:02,0,ok,True,9,13,train,1889,4,success,0,0,14454,0.0,0.0,0.0,c:\Users\user\Documents\HSFlensburgMaster\Sommersemester2026\AdvancedDeepLearning\Projekt\Exoplanets\data\interim\spoc120_dataset_generation\samples\toi_517_01.npz
1803,5170.01,330690135,KP,14.7565015,2459558.616394,4.9375033,2238.4830035,11.5559,5790.7,1.20174,136.789275,15.205677,2022-02-08 22:13:08,2024-02-02 10:08:02,1,ok,True,4,3,train,1890,44,success,32,18,15509,15.92039800995025,29.508196721311474,29.508196721311474,c:\Users\user\Documents\HSFlensburgMaster\Sommersemester2026\AdvancedDeepLearning\Projekt\Exoplanets\data\interim\spoc120_dataset_generation\samples\toi_5170_01.npz
1804,5173.01,98669309,KP,4.0035773,2459552.707286,2.0958153,14273.8513137,14.1768,5318.0,1.08492,186.085306,-6.378954,2022-02-08 22:13:09,2022-02-10 12:02:57,1,ok,True,2,9,train,1891,46,success,0,0,15987,0.0,0.0,0.0,c:\Users\user\Documents\HSFlensburgMaster\Sommersemester2026\AdvancedDeepLearning\Projekt\Exoplanets\data\interim\spoc120_dataset_generation\samples\toi_5173_01.npz
1805,5174.01,49428710,CP,12.2193392,2459527.296517,4.8876935,1670.1310625,10.6309,5643.77,1.09457,174.109497,-2.023351,2022-02-08 22:13:10,2024-06-06 10:08:02,1,ok,True,3,5,train,1892,45,success,4,0,16204,1.9900497512437811,0.0,1.9900497512437811,c:\Users\user\Documents\HSFlensburgMaster\Sommersemester2026\AdvancedDeepLearning\Projekt\Exoplanets\data\interim\spoc120_dataset_generation\samples\toi_5174_01.npz
1806,5178.01,149969625,KP,14.0666014,2459560.41257,2.7078373,1450.8250307,10.7875,5141.67,0.837606,184.900488,0.968327,2022-02-08 22:13:12,2022-02-10 12:02:57,1,ok,True,2,6,train,1893,46,success,37,0,16137,18.407960199004975,0.0,18.407960199004975,c:\Users\user\Documents\HSFlensburgMaster\Sommersemester2026\AdvancedDeepLearning\Projekt\Exoplanets\data\interim\spoc120_dataset_generation\samples\toi_5178_01.npz
1807,643.01,432008938,FP,9.653456,2458522.349321,4.00937,43088.5649,13.7006,3359.0,0.315,120.69393,-23.696727,2019-04-11 19:30:45,2026-04-15 10:08:02,0,ok,True,2,18,test,1894,7,success,0,0,16311,0.0,0.0,0.0,c:\Users\user\Documents\HSFlensburgMaster\Sommersemester2026\AdvancedDeepLearning\Projekt\Exoplanets\data\interim\spoc120_dataset_generation\samples\toi_643_01.npz
1808,6681.01,425817867,KP,3.7783401,2460129.98959,2.82963,24582.4117134,12.0491,5443.0,0.863922,305.872437,-44.0587,2023-09-21 21:35:30,2023-09-24 12:03:22,1,ok,True,2,12,train,1895,67,success,0,0,13045,0.0,0.0,0.0,c:\Users\user\Documents\HSFlensburgMaster\Sommersemester2026\AdvancedDeepLearning\Projekt\Exoplanets\data\interim\spoc120_dataset_generation\samples\toi_6681_01.npz
1809,6686.01,269217040,KP,4.1661265,2460128.917227,3.7000327,15441.3606576,10.2748,5883.0,1.15599,284.548382,-47.003307,2023-09-21 21:35:31,2023-09-24 12:03:22,1,ok,True,3,10,train,1896,67,success,0,0,13936,0.0,0.0,0.0,c:\Users\user\Documents\HSFlensburgMaster\Sommersemester2026\AdvancedDeepLearning\Projekt\Exoplanets\data\interim\spoc120_dataset_generation\samples\toi_6686_01.npz
1810,5924.01,289125016,FP,6.2043746,2459822.527363,5.957,4380.0,11.429,6122.0,2.49,314.494487,19.27883,2022-11-08 19:58:22,2024-08-27 12:02:45,0,ok,True,1,4,train,1897,82,success,0,0,18137,0.0,0.0,0.0,c:\Users\user\Documents\HSFlensburgMaster\Sommersemester2026\AdvancedDeepLearning\Projekt\Exoplanets\data\interim\spoc120_dataset_generation\samples\toi_5924_01.npz
1811,593.01,128463355,FP,13.9086,2458493.08509,2.987,4760.0,10.1078,6333.0,2.29,118.059584,-29.714072,2019-04-01 16:52:02,2021-10-29 12:59:15,0,ok,True,1,1,train,1898,34,success,21,0,16846,10.44776119402985,0.0,10.44776119402985,c:\Users\user\Documents\HSFlensburgMaster\Sommersemester2026\AdvancedDeepLearning\Projekt\Exoplanets\data\interim\spoc120_dataset_generation\samples\toi_593_01.npz
1812,617.01,141227133,FP,2.42232,2458518.70004,2.873,5696.52,10.251,2838.0,,129.315369,-47.38349,2019-04-13 05:20:07,2021-10-29 12:59:15,0,ok,True,2,19,test,1899,35,success,0,0,13823,0.0,0.0,0.0,c:\Users\user\Documents\HSFlensburgMaster\Sommersemester2026\AdvancedDeepLearning\Projekt\Exoplanets\data\interim\spoc120_dataset_generation\samples\toi_617_01.npz
1813,6170.01,51637609,CP,2.709631,2459849.075692,3.282,10819.0,12.1088,5838.0,1.47,336.464302,15.856639,2023-03-30 21:13:42,2024-08-22 10:08:01,1,ok,True,1,18,test,1900,83,success,0,0,17329,0.0,0.0,0.0,c:\Users\user\Documents\HSFlensburgMaster\Sommersemester2026\AdvancedDeepLearning\Projekt\Exoplanets\data\interim\spoc120_dataset_generation\samples\toi_6170_01.npz
1814,6172.01,26583436,FP,6.1429164,2459851.702422,4.475,3871.0,13.0091,6291.9,1.38,292.031505,49.388635,2023-03-30 21:13:42,2024-08-22 10:08:01,0,ok,True,4,6,train,1901,74,success,0,0,17198,0.0,0.0,0.0,c:\Users\user\Documents\HSFlensburgMaster\Sommersemester2026\AdvancedDeepLearning\Projekt\Exoplanets\data\interim\spoc120_dataset_generation\samples\toi_6172_01.npz
1815,6181.01,199162630,FP,2.7649802,2459847.834654,1.659,3575.0,11.8563,7776.0,1.78,333.847555,46.302271,2023-03-30 21:13:43,2024-08-22 10:08:01,0,ok,True,3,14,validation,1902,76,success,0,0,19025,0.0,0.0,0.0,c:\Users\user\Documents\HSFlensburgMaster\Sommersemester2026\AdvancedDeepLearning\Projekt\Exoplanets\data\interim\spoc120_dataset_generation\samples\toi_6181_01.npz
1816,644.01,63303499,FP,1.9271328,2459202.295987,4.5530077,585.8978628,10.194,5952.0,1.25,104.922683,-24.883877,2019-05-06 17:51:17,2024-09-08 10:08:02,0,ok,True,2,11,train,1903,33,success,0,0,17456,0.0,0.0,0.0,c:\Users\user\Documents\HSFlensburgMaster\Sommersemester2026\AdvancedDeepLearning\Projekt\Exoplanets\data\interim\spoc120_dataset_generation\samples\toi_644_01.npz
1817,6442.01,97921547,CP,2.8279716,2459986.409366,2.237,14846.0,11.1007,6707.0,1.48,107.833335,-35.850518,2023-05-03 22:26:19,2025-04-21 12:03:49,1,ok,True,2,8,train,1904,87,success,0,0,15706,0.0,0.0,0.0,c:\Users\user\Documents\HSFlensburgMaster\Sommersemester2026\AdvancedDeepLearning\Projekt\Exoplanets\data\interim\spoc120_dataset_generation\samples\toi_6442_01.npz
1818,6447.01,347442932,FP,0.6646521,2459986.820098,1.272,7197.0,13.346,6256.0,0.97,133.25514,-13.050699,2023-05-03 22:26:20,2025-03-05 12:03:45,0,ok,True,1,18,test,1905,88,success,0,0,16150,0.0,0.0,0.0,c:\Users\user\Documents\HSFlensburgMaster\Sommersemester2026\AdvancedDeepLearning\Projekt\Exoplanets\data\interim\spoc120_dataset_generation\samples\toi_6447_01.npz
1819,6448.01,320411045,CP,14.8442674,2459971.671935,2.748,7245.0,12.3239,5920.0,0.96,110.170411,-33.922329,2023-05-03 22:26:20,2025-11-17 12:03:38,1,ok,True,1,11,train,1906,87,success,25,0,16144,12.437810945273633,0.0,12.437810945273633,c:\Users\user\Documents\HSFlensburgMaster\Sommersemester2026\AdvancedDeepLearning\Projekt\Exoplanets\data\interim\spoc120_dataset_generation\samples\toi_6448_01.npz
1820,669.01,124573851,CP,3.9451359,2460013.733784,2.424,841.0,10.1755,5581.9,0.99,158.900701,-5.181374,2019-05-06 19:17:04,2025-04-21 12:03:49,1,ok,True,4,18,test,1907,9,success,0,0,15223,0.0,0.0,0.0,c:\Users\user\Documents\HSFlensburgMaster\Sommersemester2026\AdvancedDeepLearning\Projekt\Exoplanets\data\interim\spoc120_dataset_generation\samples\toi_669_01.npz
1821,6693.01,35377903,FP,2.9937587,2459797.57471,4.6961883,3142.6522925,10.3313,6106.0,1.9654,315.423021,-10.408225,2023-10-05 21:54:49,2025-10-16 16:00:01,0,ok,True,2,3,train,1908,55,success,0,0,14118,0.0,0.0,0.0,c:\Users\user\Documents\HSFlensburgMaster\Sommersemester2026\AdvancedDeepLearning\Projekt\Exoplanets\data\interim\spoc120_dataset_generation\samples\toi_6693_01.npz
1822,6696.01,104195270,FP,3.6859958,2459883.679951,5.1972226,12982.7214564,10.9988,6731.3,1.99719,44.114507,48.008994,2023-10-05 21:54:49,2023-12-15 12:02:56,0,ok,True,1,19,test,1909,58,success,0,0,19233,0.0,0.0,0.0,c:\Users\user\Documents\HSFlensburgMaster\Sommersemester2026\AdvancedDeepLearning\Projekt\Exoplanets\data\interim\spoc120_dataset_generation\samples\toi_6696_01.npz
1823,670.01,147660201,FP,0.579398,2458543.348205,1.64214,1324.07712,11.1557,5688.0,0.950534,163.9091,-42.84928,2019-05-07 15:39:33,2026-05-07 10:08:02,0,ok,True,3,10,train,1910,9,success,0,0,15658,0.0,0.0,0.0,c:\Users\user\Documents\HSFlensburgMaster\Sommersemester2026\AdvancedDeepLearning\Projekt\Exoplanets\data\interim\spoc120_dataset_generation\samples\toi_670_01.npz
1824,5940.01,296898634,FP,2.8534013,2459849.326267,5.176,15830.0,14.1736,3662.0,0.52,312.075178,47.930643,2022-11-08 19:58:30,2024-08-22 10:08:01,0,ok,True,4,11,train,1911,75,success,0,0,19474,0.0,0.0,0.0,c:\Users\user\Documents\HSFlensburgMaster\Sommersemester2026\AdvancedDeepLearning\Projekt\Exoplanets\data\interim\spoc120_dataset_generation\samples\toi_5940_01.npz
1825,5942.01,166190643,FP,1.6540803,2459822.98395,2.008,3460.0,11.7528,6453.0,2.51,317.541024,38.239559,2022-11-08 19:58:31,2024-08-22 10:08:01,0,ok,True,4,5,train,1912,75,success,0,0,19474,0.0,0.0,0.0,c:\Users\user\Documents\HSFlensburgMaster\Sommersemester2026\AdvancedDeepLearning\Projekt\Exoplanets\data\interim\spoc120_dataset_generation\samples\toi_5942_01.npz
1826,595.01,287329267,FP,7.6434423,2460976.583516,3.1776881,559.389608,9.9959,6258.1,2.94,109.783542,-59.302042,2019-04-01 16:51:56,2026-04-18 10:08:02,0,ok,True,29,3,train,1913,27,success,0,0,13443,0.0,0.0,0.0,c:\Users\user\Documents\HSFlensburgMaster\Sommersemester2026\AdvancedDeepLearning\Projekt\Exoplanets\data\interim\spoc120_dataset_generation\samples\toi_595_01.npz
1827,5954.01,297153209,FP,10.7004569,2460361.734742,1.281,2409.0,9.41809,6906.0,2.44,312.029841,43.938698,2022-11-16 01:02:47,2025-08-01 12:03:46,0,ok,True,4,2,train,1914,75,success,0,0,19474,0.0,0.0,0.0,c:\Users\user\Documents\HSFlensburgMaster\Sommersemester2026\AdvancedDeepLearning\Projekt\Exoplanets\data\interim\spoc120_dataset_generation\samples\toi_5954_01.npz
1828,6186.01,345333936,FP,1.4252334,2459880.953725,1.673,6901.0,12.4033,6033.0,1.35,355.780987,56.810046,2023-04-03 20:51:18,2024-08-22 10:08:01,0,ok,True,2,4,train,1915,77,success,0,0,12874,0.0,0.0,0.0,c:\Users\user\Documents\HSFlensburgMaster\Sommersemester2026\AdvancedDeepLearning\Projekt\Exoplanets\data\interim\spoc120_dataset_generation\samples\toi_6186_01.npz
1829,619.01,267527924,FP,1.8080364,2460011.60482,2.892,1264.0,10.1853,5354.5,,114.050732,-48.063487,2019-04-13 05:20:07,2023-04-12 16:02:02,0,ok,True,2,13,train,1916,34,success,0,0,16908,0.0,0.0,0.0,c:\Users\user\Documents\HSFlensburgMaster\Sommersemester2026\AdvancedDeepLearning\Projekt\Exoplanets\data\interim\spoc120_dataset_generation\samples\toi_619_01.npz
1830,6196.01,330944099,FP,3.6119975,2459876.327103,4.013,11983.0,13.4836,5979.0,1.03,334.179666,58.213671,2023-04-03 20:51:20,2026-07-13 12:03:58,0,ok,True,3,18,test,1917,76,success,0,0,19025,0.0,0.0,0.0,c:\Users\user\Documents\HSFlensburgMaster\Sommersemester2026\AdvancedDeepLearning\Projekt\Exoplanets\data\interim\spoc120_dataset_generation\samples\toi_6196_01.npz
1831,620.01,296739893,CP,5.0988038,2458518.004514,1.0252822,2925.8222433,10.2139,3633.0,0.547453,142.173446,-12.167165,2019-04-13 14:19:49,2024-10-10 10:08:04,1,ok,True,5,19,test,1918,8,success,0,0,12993,0.0,0.0,0.0,c:\Users\user\Documents\HSFlensburgMaster\Sommersemester2026\AdvancedDeepLearning\Projekt\Exoplanets\data\interim\spoc120_dataset_generation\samples\toi_620_01.npz
1832,645.01,157568289,FP,1.8361503,2459250.993237,4.12,2470.0,10.4091,5710.5,2.43,106.767434,-36.770799,2019-05-06 17:51:17,2025-05-21 16:00:01,0,ok,True,2,3,train,1919,33,success,0,0,17458,0.0,0.0,0.0,c:\Users\user\Documents\HSFlensburgMaster\Sommersemester2026\AdvancedDeepLearning\Projekt\Exoplanets\data\interim\spoc120_dataset_generation\samples\toi_645_01.npz
1833,646.01,238197709,FP,13.7252522,2459184.759271,3.1694157,4945.7679342,10.3001,6104.0,1.86397,57.265805,-72.947299,2019-08-15 15:39:14,2021-10-29 12:59:15,0,ok,True,29,16,validation,1920,12,success,28,0,15834,13.930348258706468,0.0,13.930348258706468,c:\Users\user\Documents\HSFlensburgMaster\Sommersemester2026\AdvancedDeepLearning\Projekt\Exoplanets\data\interim\spoc120_dataset_generation\samples\toi_646_01.npz
1834,6711.01,303364023,FP,10.3469945,2458543.252411,2.5934713,1601.254739,13.0055,3278.0,0.256167,138.38301,-69.304692,2023-10-05 21:59:28,2024-02-23 12:03:12,0,ok,True,9,12,train,1921,9,success,0,0,16059,0.0,0.0,0.0,c:\Users\user\Documents\HSFlensburgMaster\Sommersemester2026\AdvancedDeepLearning\Projekt\Exoplanets\data\interim\spoc120_dataset_generation\samples\toi_6711_01.npz
1835,5959.01,199671901,KP,4.4571444,2459855.872666,6.1089711,7175.6801891,10.9726,6074.0,2.09465,335.51292,45.457342,2022-11-16 01:06:38,2023-02-03 10:10:01,1,ok,True,6,17,test,1922,56,success,0,0,17067,0.0,0.0,0.0,c:\Users\user\Documents\HSFlensburgMaster\Sommersemester2026\AdvancedDeepLearning\Projekt\Exoplanets\data\interim\spoc120_dataset_generation\samples\toi_5959_01.npz
1836,596.01,144956678,FP,1.5136003,2459228.947101,2.4400695,745.1393405,9.9071,6017.0,2.93328,122.068635,-35.559433,2019-04-13 05:20:07,2021-10-29 12:59:15,0,ok,True,2,9,train,1923,34,success,0,0,16960,0.0,0.0,0.0,c:\Users\user\Documents\HSFlensburgMaster\Sommersemester2026\AdvancedDeepLearning\Projekt\Exoplanets\data\interim\spoc120_dataset_generation\samples\toi_596_01.npz
1837,5960.01,188876052,KP,3.076329,2459827.429945,3.9016058,9490.8396842,9.7758,6401.79,1.4311,343.041493,35.447178,2022-11-16 01:06:38,2022-11-18 12:02:43,1,ok,True,2,0,train,1924,56,success,0,0,19609,0.0,0.0,0.0,c:\Users\user\Documents\HSFlensburgMaster\Sommersemester2026\AdvancedDeepLearning\Projekt\Exoplanets\data\interim\spoc120_dataset_generation\samples\toi_5960_01.npz
1838,5962.01,239541449,FP,1.9261183,2459826.817794,1.068842,3853.8831363,10.9417,5383.13,0.678984,341.769762,29.851994,2022-11-16 01:06:39,2025-12-03 12:04:45,0,ok,True,2,12,train,1925,56,success,0,0,19612,0.0,0.0,0.0,c:\Users\user\Documents\HSFlensburgMaster\Sommersemester2026\AdvancedDeepLearning\Projekt\Exoplanets\data\interim\spoc120_dataset_generation\samples\toi_5962_01.npz
1839,5963.01,436478932,KP,4.3226229,2459826.311145,3.3699025,11939.7472843,10.9644,5924.0,1.3475699,347.492802,18.39616,2022-11-16 01:06:40,2022-11-18 12:02:43,1,ok,True,2,10,train,1926,56,success,0,0,16664,0.0,0.0,0.0,c:\Users\user\Documents\HSFlensburgMaster\Sommersemester2026\AdvancedDeepLearning\Projekt\Exoplanets\data\interim\spoc120_dataset_generation\samples\toi_5963_01.npz
1840,5966.01,404610583,FP,3.5381039,2459826.813152,2.441937,11844.6534836,10.5332,6084.0,1.0424401,336.147609,16.878856,2022-11-16 01:06:41,2024-09-02 12:03:01,0,ok,True,2,3,train,1927,56,success,0,0,18617,0.0,0.0,0.0,c:\Users\user\Documents\HSFlensburgMaster\Sommersemester2026\AdvancedDeepLearning\Projekt\Exoplanets\data\interim\spoc120_dataset_generation\samples\toi_5966_01.npz
1841,5969.01,91051152,KP,7.9192605,2459830.349006,2.5053873,21472.3061237,11.5549,4302.0,0.758608,349.622955,24.889277,2022-11-16 01:06:43,2022-11-18 12:02:43,1,ok,True,2,0,train,1928,56,success,0,0,16069,0.0,0.0,0.0,c:\Users\user\Documents\HSFlensburgMaster\Sommersemester2026\AdvancedDeepLearning\Projekt\Exoplanets\data\interim\spoc120_dataset_generation\samples\toi_5969_01.npz
1842,6719.01,92449173,KP,2.1764875,2460155.27651,3.4403723,8114.6829556,12.2247,5646.0,1.56233,314.575438,-35.796622,2023-10-18 20:59:29,2023-10-27 12:02:48,1,ok,True,2,7,train,1929,68,success,0,0,15126,0.0,0.0,0.0,c:\Users\user\Documents\HSFlensburgMaster\Sommersemester2026\AdvancedDeepLearning\Projekt\Exoplanets\data\interim\spoc120_dataset_generation\samples\toi_6719_01.npz
1843,672.01,151825527,CP,3.6335834,2458546.478904,1.8069693,8668.4420489,11.6739,3765.0,0.544068,167.990863,-39.328115,2019-05-07 15:39:33,2025-07-09 10:08:02,1,ok,True,7,9,train,1930,9,success,0,0,15771,0.0,0.0,0.0,c:\Users\user\Documents\HSFlensburgMaster\Sommersemester2026\AdvancedDeepLearning\Projekt\Exoplanets\data\interim\spoc120_dataset_generation\samples\toi_672_01.npz
1844,6720.01,281541545,KP,4.1470359,2460158.117981,2.3197694,12886.987991,13.7813,4247.0,0.775548,6.613593,-56.34428,2023-10-18 20:59:29,2023-10-27 12:02:48,1,ok,True,8,5,train,1931,68,success,0,0,14230,0.0,0.0,0.0,c:\Users\user\Documents\HSFlensburgMaster\Sommersemester2026\AdvancedDeepLearning\Projekt\Exoplanets\data\interim\spoc120_dataset_generation\samples\toi_6720_01.npz
1845,6726.01,121490076,KP,14.2456603,2460160.495921,3.403,1084.0,8.9988,4760.0,0.76,343.572379,-43.010229,2023-10-18 20:59:46,2023-10-27 12:02:48,1,ok,True,3,18,test,1932,28,success,42,0,14509,20.8955223880597,0.0,20.8955223880597,c:\Users\user\Documents\HSFlensburgMaster\Sommersemester2026\AdvancedDeepLearning\Projekt\Exoplanets\data\interim\spoc120_dataset_generation\samples\toi_6726_01.npz
1846,5970.01,431701493,KP,3.0927432,2460561.869567,2.2215324,28695.1012159,11.5189,4713.98,0.750341,348.993046,31.462751,2022-11-16 01:06:43,2025-08-29 16:00:02,1,ok,True,2,8,train,1933,56,success,0,0,19612,0.0,0.0,0.0,c:\Users\user\Documents\HSFlensburgMaster\Sommersemester2026\AdvancedDeepLearning\Projekt\Exoplanets\data\interim\spoc120_dataset_generation\samples\toi_5970_01.npz
1847,5972.01,420814525,KP,3.5247546,2460552.87974,2.958,17803.0,7.1274,6052.0,1.19,330.795022,18.884242,2022-11-16 01:06:44,2024-11-05 10:08:02,1,ok,True,2,19,test,1934,56,success,0,0,18791,0.0,0.0,0.0,c:\Users\user\Documents\HSFlensburgMaster\Sommersemester2026\AdvancedDeepLearning\Projekt\Exoplanets\data\interim\spoc120_dataset_generation\samples\toi_5972_01.npz
1848,5976.01,348054109,FP,0.4378024,2459010.512186,1.5315811,1462.5517623,12.0575,3256.0,0.365717,281.676903,21.828321,2022-12-01 22:59:54,2023-02-25 12:03:16,0,ok,True,5,5,train,1935,26,success,0,0,16941,0.0,0.0,0.0,c:\Users\user\Documents\HSFlensburgMaster\Sommersemester2026\AdvancedDeepLearning\Projekt\Exoplanets\data\interim\spoc120_dataset_generation\samples\toi_5976_01.npz
1849,5979.01,137151335,KP,4.7267257,2460332.777222,3.014,283.0,9.4087,5655.0,0.92,291.418127,38.672312,2022-12-01 22:59:55,2024-03-29 10:08:02,1,ok,True,7,13,train,1936,14,success,0,0,11616,0.0,0.0,0.0,c:\Users\user\Documents\HSFlensburgMaster\Sommersemester2026\AdvancedDeepLearning\Projekt\Exoplanets\data\interim\spoc120_dataset_generation\samples\toi_5979_01.npz
1850,598.01,81429971,FP,3.0432421,2459986.020072,3.192,1622.0,10.1356,8000.0,3.59,123.178216,-42.93501,2019-04-13 05:20:07,2024-09-09 10:08:01,0,ok,True,2,19,test,1937,34,success,0,0,16971,0.0,0.0,0.0,c:\Users\user\Documents\HSFlensburgMaster\Sommersemester2026\AdvancedDeepLearning\Projekt\Exoplanets\data\interim\spoc120_dataset_generation\samples\toi_598_01.npz
1851,622.01,83092282,CP,6.4025295,2460006.078147,3.9233956,3814.9508945,8.5615,7056.0,1.4072,125.305054,-46.484296,2019-04-10 17:25:16,2024-02-15 10:08:02,1,ok,True,8,0,train,1940,8,success,0,0,13177,0.0,0.0,0.0,c:\Users\user\Documents\HSFlensburgMaster\Sommersemester2026\AdvancedDeepLearning\Projekt\Exoplanets\data\interim\spoc120_dataset_generation\samples\toi_622_01.npz
1852,6223.01,288144647,CP,3.8553342,2459879.618086,1.895,6624.0,12.6758,3909.0,0.6,355.950598,33.067236,2023-04-03 20:51:27,2025-07-22 12:04:25,1,ok,True,1,2,train,1941,84,success,0,0,16517,0.0,0.0,0.0,c:\Users\user\Documents\HSFlensburgMaster\Sommersemester2026\AdvancedDeepLearning\Projekt\Exoplanets\data\interim\spoc120_dataset_generation\samples\toi_6223_01.npz
1853,623.01,101395259,FP,7.574675,2458523.943374,3.0847866,6208.0649305,10.1913,6422.0,1.4885499,148.720293,-23.332118,2019-04-10 17:25:16,2024-09-09 10:08:01,0,ok,True,6,19,test,1942,8,success,0,0,12991,0.0,0.0,0.0,c:\Users\user\Documents\HSFlensburgMaster\Sommersemester2026\AdvancedDeepLearning\Projekt\Exoplanets\data\interim\spoc120_dataset_generation\samples\toi_623_01.npz
1854,6486.01,46772529,FP,10.6332248,2460011.847824,3.436,36558.0,12.8397,4678.0,0.81,141.722816,-7.579251,2023-06-15 21:37:43,2025-05-19 12:03:23,0,ok,True,1,16,validation,1943,89,success,0,0,19202,0.0,0.0,0.0,c:\Users\user\Documents\HSFlensburgMaster\Sommersemester2026\AdvancedDeepLearning\Projekt\Exoplanets\data\interim\spoc120_dataset_generation\samples\toi_6486_01.npz
1855,673.01,151959065,FP,10.5426254,2458551.634917,6.2145259,16789.8076116,11.955,6114.0,1.65817,168.998428,-36.459406,2019-05-06 19:17:04,2023-10-25 16:02:02,0,ok,True,5,14,validation,1944,9,success,0,0,15662,0.0,0.0,0.0,c:\Users\user\Documents\HSFlensburgMaster\Sommersemester2026\AdvancedDeepLearning\Projekt\Exoplanets\data\interim\spoc120_dataset_generation\samples\toi_673_01.npz
1856,674.01,158588995,CP,1.9771658,2459301.778142,1.1104153,13877.3059698,11.8764,3467.0,0.421944,164.586559,-36.858109,2019-05-07 15:39:33,2024-02-15 10:08:02,1,ok,True,7,8,train,1945,9,success,0,0,15492,0.0,0.0,0.0,c:\Users\user\Documents\HSFlensburgMaster\Sommersemester2026\AdvancedDeepLearning\Projekt\Exoplanets\data\interim\spoc120_dataset_generation\samples\toi_674_01.npz
1857,6741.01,263203229,FP,5.0061978,2460117.886705,3.521,6438.0,12.792,6713.0,1.55,230.412408,-67.206546,2023-11-02 22:49:04,2025-04-30 10:08:02,0,ok,True,1,17,test,1946,93,success,0,0,15988,0.0,0.0,0.0,c:\Users\user\Documents\HSFlensburgMaster\Sommersemester2026\AdvancedDeepLearning\Projekt\Exoplanets\data\interim\spoc120_dataset_generation\samples\toi_6741_01.npz
1858,5984.01,120692092,KP,3.4130781,2459392.151066,2.5787928,4017.8298399,14.0672,5410.0,0.865985,285.930736,39.09812,2022-12-01 23:00:54,2022-12-10 12:03:03,1,ok,True,6,11,train,1947,40,success,0,0,19610,0.0,0.0,0.0,c:\Users\user\Documents\HSFlensburgMaster\Sommersemester2026\AdvancedDeepLearning\Projekt\Exoplanets\data\interim\spoc120_dataset_generation\samples\toi_5984_01.npz
1859,5986.01,158657354,KP,38.5835889,2459406.492987,11.0403765,1501.2063653,11.7942,6373.72,1.74231,288.153973,44.068815,2022-12-01 23:00:54,2022-12-10 12:03:03,1,ok,True,9,8,train,1948,40,success,57,0,19611,28.35820895522388,0.0,28.35820895522388,c:\Users\user\Documents\HSFlensburgMaster\Sommersemester2026\AdvancedDeepLearning\Projekt\Exoplanets\data\interim\spoc120_dataset_generation\samples\toi_5986_01.npz
1860,5988.01,377780790,KP,0.8374997,2458683.867901,1.9640812,248.9571168,10.4767,5706.0,1.08974,285.679298,50.241484,2022-12-01 23:00:55,2022-12-10 12:03:03,1,ok,True,11,8,train,1949,14,success,0,0,17722,0.0,0.0,0.0,c:\Users\user\Documents\HSFlensburgMaster\Sommersemester2026\AdvancedDeepLearning\Projekt\Exoplanets\data\interim\spoc120_dataset_generation\samples\toi_5988_01.npz
1861,599.01,145982812,FP,0.82967,2458518.4693,1.755,4744.55,10.4708,6991.1,2.65,133.145204,-50.008798,2019-04-13 05:20:07,2021-10-29 12:59:15,0,ok,True,2,11,train,1950,35,success,0,0,13829,0.0,0.0,0.0,c:\Users\user\Documents\HSFlensburgMaster\Sommersemester2026\AdvancedDeepLearning\Projekt\Exoplanets\data\interim\spoc120_dataset_generation\samples\toi_599_01.npz
1862,5992.01,159054620,KP,8.0276821,2459391.6426,2.9574257,11271.5765812,15.0277,5368.0,1.12772,289.603838,46.31491,2022-12-01 23:00:56,2022-12-10 12:03:03,1,ok,True,9,16,validation,1951,40,success,0,0,16758,0.0,0.0,0.0,c:\Users\user\Documents\HSFlensburgMaster\Sommersemester2026\AdvancedDeepLearning\Projekt\Exoplanets\data\interim\spoc120_dataset_generation\samples\toi_5992_01.npz
1863,5993.01,27534138,KP,28.5410557,2459419.054916,10.6581231,1280.5898265,11.2877,6197.21,1.64162,295.486582,51.013524,2022-12-01 23:00:56,2022-12-10 12:03:03,1,ok,True,10,8,train,1952,40,success,7,11,19357,3.482587064676617,18.0327868852459,18.0327868852459,c:\Users\user\Documents\HSFlensburgMaster\Sommersemester2026\AdvancedDeepLearning\Projekt\Exoplanets\data\interim\spoc120_dataset_generation\samples\toi_5993_01.npz
1864,5994.01,63283780,KP,7.9726644,2459397.430362,2.5395549,3581.1493923,13.0702,4564.61,0.637495,292.50342,43.083219,2022-12-01 23:00:56,2022-12-10 12:03:03,1,ok,True,8,11,train,1953,40,success,0,0,19610,0.0,0.0,0.0,c:\Users\user\Documents\HSFlensburgMaster\Sommersemester2026\AdvancedDeepLearning\Projekt\Exoplanets\data\interim\spoc120_dataset_generation\samples\toi_5994_01.npz
1865,5995.01,352011875,KP,6.2468813,2458686.187589,9.0400019,516.1273113,11.7971,4643.39,6.3787198,285.672903,44.116751,2022-12-01 23:00:56,2022-12-10 12:03:03,1,ok,True,11,19,test,1954,14,success,0,0,18266,0.0,0.0,0.0,c:\Users\user\Documents\HSFlensburgMaster\Sommersemester2026\AdvancedDeepLearning\Projekt\Exoplanets\data\interim\spoc120_dataset_generation\samples\toi_5995_01.npz
1866,624.01,399870368,CP,2.7443216,2459197.007544,3.42,10071.0,9.3371,8730.0,1.97,74.552333,9.997979,2019-04-23 16:01:54,2024-01-03 10:08:03,1,ok,True,2,6,train,1955,32,success,0,0,17277,0.0,0.0,0.0,c:\Users\user\Documents\HSFlensburgMaster\Sommersemester2026\AdvancedDeepLearning\Projekt\Exoplanets\data\interim\spoc120_dataset_generation\samples\toi_624_01.npz
1867,6242.01,437740083,FP,5.6020298,2459879.464465,1.893,6146.0,11.0999,5750.6,1.44,2.950371,27.442815,2023-04-03 20:51:30,2024-08-22 10:08:01,0,ok,True,1,9,train,1956,84,success,0,0,13868,0.0,0.0,0.0,c:\Users\user\Documents\HSFlensburgMaster\Sommersemester2026\AdvancedDeepLearning\Projekt\Exoplanets\data\interim\spoc120_dataset_generation\samples\toi_6242_01.npz
1868,625.01,379929661,CP,4.786958,2459979.75103,4.936,8390.0,9.6129,7668.6,1.91,130.505638,3.710566,2019-04-23 16:01:54,2023-03-28 16:02:02,1,ok,True,3,15,validation,1957,34,success,0,0,16849,0.0,0.0,0.0,c:\Users\user\Documents\HSFlensburgMaster\Sommersemester2026\AdvancedDeepLearning\Projekt\Exoplanets\data\interim\spoc120_dataset_generation\samples\toi_625_01.npz
1869,650.01,349373192,FP,0.76983,2458326.31528,2.774,160.192,9.7839,8658.0,,110.261044,-60.155475,2019-03-21 15:42:33,2023-08-07 10:10:02,0,ok,True,3,0,train,1958,11,success,0,0,14855,0.0,0.0,0.0,c:\Users\user\Documents\HSFlensburgMaster\Sommersemester2026\AdvancedDeepLearning\Projekt\Exoplanets\data\interim\spoc120_dataset_generation\samples\toi_650_01.npz
1870,6508.01,142277868,CP,18.9926881,2460038.984559,1.506,223710.0,14.3088,3003.0,0.21,180.764269,-33.6655,2023-06-15 21:44:31,2025-03-08 12:04:34,1,ok,True,3,5,train,1959,100,recovered,20,0,15957,9.950248756218906,0.0,9.950248756218906,c:\Users\user\Documents\HSFlensburgMaster\Sommersemester2026\AdvancedDeepLearning\Projekt\Exoplanets\data\interim\spoc120_dataset_generation\samples\toi_6508_01.npz
1871,675.01,169226822,KP,4.1780637,2458543.942051,4.3176109,11478.1087015,9.62959,5620.0,1.34736,160.558765,-3.834999,2019-05-06 19:17:05,2024-11-26 16:02:02,1,ok,True,6,17,test,1960,9,success,0,0,15783,0.0,0.0,0.0,c:\Users\user\Documents\HSFlensburgMaster\Sommersemester2026\AdvancedDeepLearning\Projekt\Exoplanets\data\interim\spoc120_dataset_generation\samples\toi_675_01.npz
1872,6750.01,299876474,FP,2.5950111,2460122.219768,2.524,28870.0,14.4757,3875.0,0.64,244.02137,-60.038009,2023-11-02 22:49:05,2025-03-21 12:04:32,0,ok,True,1,11,train,1961,93,success,0,0,15725,0.0,0.0,0.0,c:\Users\user\Documents\HSFlensburgMaster\Sommersemester2026\AdvancedDeepLearning\Projekt\Exoplanets\data\interim\spoc120_dataset_generation\samples\toi_6750_01.npz
1873,5999.01,120317234,KP,6.8834027,2460326.535519,1.92,771.0,10.4081,6133.77,1.23,284.635189,40.71983,2022-12-01 23:00:58,2024-04-02 10:08:02,1,ok,True,7,11,train,1962,40,success,0,0,19611,0.0,0.0,0.0,c:\Users\user\Documents\HSFlensburgMaster\Sommersemester2026\AdvancedDeepLearning\Projekt\Exoplanets\data\interim\spoc120_dataset_generation\samples\toi_5999_01.npz
1874,600.01,134396419,FP,4.3652608,2459984.851254,1.976,1362.0,10.2681,9156.5,,122.272933,-37.06186,2019-04-13 05:20:07,2024-09-19 10:08:01,0,ok,True,2,15,validation,1963,34,success,0,0,16985,0.0,0.0,0.0,c:\Users\user\Documents\HSFlensburgMaster\Sommersemester2026\AdvancedDeepLearning\Projekt\Exoplanets\data\interim\spoc120_dataset_generation\samples\toi_600_01.npz
1875,6000.01,259233660,CP,0.4489589,2458683.576042,0.7637477,674.8277016,13.1638,3419.0,0.377509,292.606298,68.154592,2022-12-01 23:00:58,2025-08-09 12:03:57,1,ok,True,33,12,train,1964,14,success,0,0,18421,0.0,0.0,0.0,c:\Users\user\Documents\HSFlensburgMaster\Sommersemester2026\AdvancedDeepLearning\Projekt\Exoplanets\data\interim\spoc120_dataset_generation\samples\toi_6000_01.npz
1876,6001.01,139104940,KP,3.003901,2459422.453454,3.8750477,10093.1737819,14.5855,6052.0,1.50633,295.307525,38.881572,2022-12-01 23:00:58,2022-12-10 12:03:03,1,ok,True,7,19,test,1965,41,success,0,0,18322,0.0,0.0,0.0,c:\Users\user\Documents\HSFlensburgMaster\Sommersemester2026\AdvancedDeepLearning\Projekt\Exoplanets\data\interim\spoc120_dataset_generation\samples\toi_6001_01.npz
1877,6002.01,102734241,CP,10.9048392,2458692.759945,1.5530648,4030.7760993,12.6396,3272.0,0.242121,299.614252,32.28717,2022-12-01 23:00:59,2025-04-21 12:03:49,1,ok,True,8,18,test,1966,14,success,0,0,13792,0.0,0.0,0.0,c:\Users\user\Documents\HSFlensburgMaster\Sommersemester2026\AdvancedDeepLearning\Projekt\Exoplanets\data\interim\spoc120_dataset_generation\samples\toi_6002_01.npz
1878,6003.01,121731834,KP,5.8599392,2458686.103572,4.0842391,289.4487735,10.593,6149.0,1.5092,288.688722,41.151108,2022-12-01 23:00:59,2022-12-10 12:03:03,1,ok,True,10,1,train,1967,14,success,0,0,18423,0.0,0.0,0.0,c:\Users\user\Documents\HSFlensburgMaster\Sommersemester2026\AdvancedDeepLearning\Projekt\Exoplanets\data\interim\spoc120_dataset_generation\samples\toi_6003_01.npz
1879,6004.01,48353358,KP,9.8786838,2458685.778397,1.8852042,1728.7453821,12.1042,3759.27,0.460619,283.62826,48.390808,2022-12-01 23:00:59,2022-12-10 12:03:03,1,ok,True,12,1,train,1968,14,success,0,0,17730,0.0,0.0,0.0,c:\Users\user\Documents\HSFlensburgMaster\Sommersemester2026\AdvancedDeepLearning\Projekt\Exoplanets\data\interim\spoc120_dataset_generation\samples\toi_6004_01.npz
1880,6006.01,123309556,KP,2.5080815,2459392.21042,1.1724398,1292.7152523,12.1773,4715.0,0.739515,281.194732,47.497261,2022-12-01 23:01:00,2022-12-10 12:03:03,1,ok,True,10,17,test,1970,40,success,0,0,19609,0.0,0.0,0.0,c:\Users\user\Documents\HSFlensburgMaster\Sommersemester2026\AdvancedDeepLearning\Projekt\Exoplanets\data\interim\spoc120_dataset_generation\samples\toi_6006_01.npz
1881,6008.01,286201103,CP,0.8573727,2458711.372904,0.5478598,2045.7091221,12.2936,3098.0,0.235048,310.448734,49.646899,2022-12-01 23:01:01,2025-04-21 12:03:49,1,ok,True,9,3,train,1971,15,success,0,0,15076,0.0,0.0,0.0,c:\Users\user\Documents\HSFlensburgMaster\Sommersemester2026\AdvancedDeepLearning\Projekt\Exoplanets\data\interim\spoc120_dataset_generation\samples\toi_6008_01.npz
1882,6251.01,52005579,CP,12.7614706,2459458.900535,1.0497761,1215.2495801,10.1769,3376.0,0.269427,3.957914,13.557617,2023-04-03 20:52:58,2024-09-18 10:08:02,1,ok,True,5,4,train,1972,43,recovered,20,0,13752,9.950248756218906,0.0,9.950248756218906,c:\Users\user\Documents\HSFlensburgMaster\Sommersemester2026\AdvancedDeepLearning\Projekt\Exoplanets\data\interim\spoc120_dataset_generation\samples\toi_6251_01.npz
1883,6255.01,261135533,CP,0.2381823,2458738.712374,0.4763536,493.9763957,10.4458,3423.0,0.369077,331.503161,39.298828,2023-04-06 19:33:06,2025-04-21 12:03:49,1,ok,True,3,14,validation,1973,16,success,0,0,13777,0.0,0.0,0.0,c:\Users\user\Documents\HSFlensburgMaster\Sommersemester2026\AdvancedDeepLearning\Projekt\Exoplanets\data\interim\spoc120_dataset_generation\samples\toi_6255_01.npz
1884,626.01,65412605,CP,4.4010465,2459980.873931,4.757,6903.0,9.50712,8489.0,2.32,108.123114,-24.95356,2019-04-23 16:01:54,2023-03-28 16:02:02,1,ok,True,5,9,train,1974,33,success,0,0,17457,0.0,0.0,0.0,c:\Users\user\Documents\HSFlensburgMaster\Sommersemester2026\AdvancedDeepLearning\Projekt\Exoplanets\data\interim\spoc120_dataset_generation\samples\toi_626_01.npz
1885,652.01,22221375,CP,3.9846589,2460013.591733,2.146,445.0,7.3635,5903.0,1.03,149.123515,-24.099186,2019-05-07 15:39:33,2023-04-12 16:02:02,1,ok,True,6,2,train,1975,9,success,0,0,15991,0.0,0.0,0.0,c:\Users\user\Documents\HSFlensburgMaster\Sommersemester2026\AdvancedDeepLearning\Projekt\Exoplanets\data\interim\spoc120_dataset_generation\samples\toi_652_01.npz
1886,653.01,33153766,FP,0.68831,2458544.60377,1.365,3983.64,8.5234,6054.0,3.13,144.77363,-45.426185,2019-05-07 15:39:33,2021-12-08 10:10:01,0,ok,True,4,0,train,1976,9,success,0,0,16411,0.0,0.0,0.0,c:\Users\user\Documents\HSFlensburgMaster\Sommersemester2026\AdvancedDeepLearning\Projekt\Exoplanets\data\interim\spoc120_dataset_generation\samples\toi_653_01.npz
1887,682.01,429304876,CP,6.8392388,2460037.259934,4.176,1213.0,9.2231,5085.0,1.08,167.88543,-22.07278,2019-05-06 19:17:06,2023-05-11 10:10:01,1,ok,True,5,5,train,1977,9,success,0,0,16019,0.0,0.0,0.0,c:\Users\user\Documents\HSFlensburgMaster\Sommersemester2026\AdvancedDeepLearning\Projekt\Exoplanets\data\interim\spoc120_dataset_generation\samples\toi_682_01.npz
1888,6821.01,197643976,KP,3.535713,2460179.094875,2.148,3116.0,12.5638,5222.0,0.86,328.51748,-38.377419,2023-11-02 22:52:17,2025-09-03 16:00:01,1,ok,True,2,14,validation,1978,95,success,0,0,15108,0.0,0.0,0.0,c:\Users\user\Documents\HSFlensburgMaster\Sommersemester2026\AdvancedDeepLearning\Projekt\Exoplanets\data\interim\spoc120_dataset_generation\samples\toi_6821_01.npz
1889,683.01,437248515,KP,3.4058895,2459303.595258,2.6582989,15490.0795356,11.4553,6302.0,1.26867,169.43886,-19.054778,2019-05-07 15:39:33,2024-09-19 10:08:01,1,ok,True,5,5,train,1979,9,success,0,0,15738,0.0,0.0,0.0,c:\Users\user\Documents\HSFlensburgMaster\Sommersemester2026\AdvancedDeepLearning\Projekt\Exoplanets\data\interim\spoc120_dataset_generation\samples\toi_683_01.npz
1890,6013.01,53728859,KP,3.2573898,2459853.92256,3.1400826,13770.1931364,12.3396,5698.38,1.0461299,13.000916,34.728402,2022-12-15 22:35:22,2022-12-17 12:02:41,1,ok,True,2,13,train,1980,57,success,0,0,17990,0.0,0.0,0.0,c:\Users\user\Documents\HSFlensburgMaster\Sommersemester2026\AdvancedDeepLearning\Projekt\Exoplanets\data\interim\spoc120_dataset_generation\samples\toi_6013_01.npz
1891,6014.01,57984377,KP,2.5199146,2459854.549103,3.7121363,12429.3724559,11.1355,6116.0,1.56419,5.166954,31.989973,2022-12-15 22:35:22,2022-12-17 12:02:41,1,ok,True,2,14,validation,1981,57,success,0,0,17991,0.0,0.0,0.0,c:\Users\user\Documents\HSFlensburgMaster\Sommersemester2026\AdvancedDeepLearning\Projekt\Exoplanets\data\interim\spoc120_dataset_generation\samples\toi_6014_01.npz
1892,6015.01,288246496,KP,4.304829,2459854.005471,3.5311266,7531.4221197,11.5639,6001.0,1.51284,356.666714,31.155911,2022-12-15 22:35:23,2022-12-17 12:02:41,1,ok,True,2,1,train,1982,57,success,0,0,17991,0.0,0.0,0.0,c:\Users\user\Documents\HSFlensburgMaster\Sommersemester2026\AdvancedDeepLearning\Projekt\Exoplanets\data\interim\spoc120_dataset_generation\samples\toi_6015_01.npz
1893,6016.01,327369524,CP,4.0236805,2459877.793195,3.71,8925.0,11.3864,5807.0,1.57,4.52396,59.766198,2022-12-15 22:35:23,2025-04-21 12:03:49,1,ok,True,6,7,train,1983,57,success,0,0,17990,0.0,0.0,0.0,c:\Users\user\Documents\HSFlensburgMaster\Sommersemester2026\AdvancedDeepLearning\Projekt\Exoplanets\data\interim\spoc120_dataset_generation\samples\toi_6016_01.npz
1894,6017.01,291751373,KP,2.5079177,2459855.494899,3.0652269,6997.4591212,12.355,6207.39,1.72725,359.151972,36.212956,2022-12-15 22:35:23,2022-12-17 12:02:41,1,ok,True,2,15,validation,1984,57,success,0,0,17991,0.0,0.0,0.0,c:\Users\user\Documents\HSFlensburgMaster\Sommersemester2026\AdvancedDeepLearning\Projekt\Exoplanets\data\interim\spoc120_dataset_generation\samples\toi_6017_01.npz
1895,6019.01,125520907,CP,14.5478626,2460589.743637,5.4881637,3222.8170072,10.0651,5559.5,1.9794101,355.09135,35.94084,2022-12-15 22:35:24,2026-06-22 12:03:45,1,ok,True,2,5,train,1985,57,success,0,0,17991,0.0,0.0,0.0,c:\Users\user\Documents\HSFlensburgMaster\Sommersemester2026\AdvancedDeepLearning\Projekt\Exoplanets\data\interim\spoc120_dataset_generation\samples\toi_6019_01.npz
1896,6020.01,334597566,FP,9.1099373,2459872.940531,9.51,8817.0,12.0471,6511.0,1.48,331.313408,64.098143,2022-12-15 22:35:25,2024-10-19 12:02:58,0,ok,True,5,7,train,1986,57,success,0,0,17991,0.0,0.0,0.0,c:\Users\user\Documents\HSFlensburgMaster\Sommersemester2026\AdvancedDeepLearning\Projekt\Exoplanets\data\interim\spoc120_dataset_generation\samples\toi_6020_01.npz
1897,6021.01,291685334,KP,2.0319883,2459853.85413,3.4937463,12273.0056923,12.489,6161.0,1.56523,358.515134,37.021824,2022-12-15 22:35:25,2022-12-17 12:02:41,1,ok,True,2,9,train,1987,57,success,0,0,17990,0.0,0.0,0.0,c:\Users\user\Documents\HSFlensburgMaster\Sommersemester2026\AdvancedDeepLearning\Projekt\Exoplanets\data\interim\spoc120_dataset_generation\samples\toi_6021_01.npz
1898,6023.01,341444900,FP,9.0330414,2460419.861806,5.965,227.0,8.629,7527.0,5.64,325.228645,55.06675,2022-12-15 22:39:43,2024-07-26 10:08:01,0,ok,True,3,7,train,1988,76,success,0,0,19021,0.0,0.0,0.0,c:\Users\user\Documents\HSFlensburgMaster\Sommersemester2026\AdvancedDeepLearning\Projekt\Exoplanets\data\interim\spoc120_dataset_generation\samples\toi_6023_01.npz
1899,6024.01,56231866,FP,2.7218347,2460605.495796,1.663,560.0,9.3185,4758.0,5.53,356.038387,26.42567,2022-12-15 22:39:43,2024-12-04 16:02:02,0,ok,True,2,15,validation,1989,83,success,0,0,17330,0.0,0.0,0.0,c:\Users\user\Documents\HSFlensburgMaster\Sommersemester2026\AdvancedDeepLearning\Projekt\Exoplanets\data\interim\spoc120_dataset_generation\samples\toi_6024_01.npz
1900,6269.01,168281028,KP,4.3744614,2459991.434964,3.0484494,3270.9828556,11.8134,5677.0,1.11563,154.271062,-25.276298,2023-04-13 19:49:20,2023-04-18 12:03:33,1,ok,True,4,5,train,1990,62,success,0,0,15921,0.0,0.0,0.0,c:\Users\user\Documents\HSFlensburgMaster\Sommersemester2026\AdvancedDeepLearning\Projekt\Exoplanets\data\interim\spoc120_dataset_generation\samples\toi_6269_01.npz
1901,627.01,365781372,FP,1.13889,2458469.22408,2.154,5368.19,10.0267,7852.8,2.79,81.92358,7.918525,2019-04-23 16:24:11,2021-10-29 12:59:15,0,ok,True,1,7,train,1991,32,success,0,0,17214,0.0,0.0,0.0,c:\Users\user\Documents\HSFlensburgMaster\Sommersemester2026\AdvancedDeepLearning\Projekt\Exoplanets\data\interim\spoc120_dataset_generation\samples\toi_627_01.npz
1902,6273.01,142211778,KP,3.052057,2460016.846502,3.4817792,9403.0926011,13.9069,5726.0,1.38708,180.546219,-35.548609,2023-04-27 20:49:01,2023-04-27 16:02:02,1,ok,True,4,8,train,1992,63,success,0,0,18257,0.0,0.0,0.0,c:\Users\user\Documents\HSFlensburgMaster\Sommersemester2026\AdvancedDeepLearning\Projekt\Exoplanets\data\interim\spoc120_dataset_generation\samples\toi_6273_01.npz
1903,6275.01,49043968,CP,6.2462252,2460017.858526,4.2508361,13270.5292659,11.6337,6132.0,1.1417201,164.34914,-29.997123,2023-04-27 20:49:01,2024-05-16 10:08:02,1,ok,True,4,17,test,1993,63,success,0,0,18284,0.0,0.0,0.0,c:\Users\user\Documents\HSFlensburgMaster\Sommersemester2026\AdvancedDeepLearning\Projekt\Exoplanets\data\interim\spoc120_dataset_generation\samples\toi_6275_01.npz
1904,6276.01,397362481,CP,6.2031608,2460017.117135,1.5987379,210.8404349,6.7213,4633.87,0.630715,175.256304,-44.404149,2023-04-27 20:49:01,2025-07-09 16:00:02,1,ok,True,5,19,test,1994,63,success,0,0,18253,0.0,0.0,0.0,c:\Users\user\Documents\HSFlensburgMaster\Sommersemester2026\AdvancedDeepLearning\Projekt\Exoplanets\data\interim\spoc120_dataset_generation\samples\toi_6276_01.npz
1905,6276.02,397362481,CP,4.466068,2460014.847216,1.6847832,210.7032691,6.7213,4633.87,0.630715,175.256304,-44.404149,2023-04-27 20:49:01,2025-07-09 16:00:02,1,ok,True,5,19,test,1995,63,success,0,0,18253,0.0,0.0,0.0,c:\Users\user\Documents\HSFlensburgMaster\Sommersemester2026\AdvancedDeepLearning\Projekt\Exoplanets\data\interim\spoc120_dataset_generation\samples\toi_6276_02.npz
1906,654.01,35009898,CP,1.5275639,2458543.433731,1.3727055,2892.4227936,12.2255,3433.0,0.427953,164.724551,-5.547545,2019-05-07 15:39:33,2025-04-21 12:03:49,1,ok,True,7,19,test,1996,9,success,0,0,15627,0.0,0.0,0.0,c:\Users\user\Documents\HSFlensburgMaster\Sommersemester2026\AdvancedDeepLearning\Projekt\Exoplanets\data\interim\spoc120_dataset_generation\samples\toi_654_01.npz
1907,6546.01,9385460,KP,3.3779614,2460044.202478,4.2709189,7198.7471125,12.5329,6113.0,1.6616499,191.702821,-24.42739,2023-06-29 17:44:39,2023-07-08 12:03:10,1,ok,True,2,16,validation,1997,64,success,0,0,17368,0.0,0.0,0.0,c:\Users\user\Documents\HSFlensburgMaster\Sommersemester2026\AdvancedDeepLearning\Projekt\Exoplanets\data\interim\spoc120_dataset_generation\samples\toi_6546_01.npz
1908,6547.01,915110182,KP,1.4328255,2460042.540561,2.0718518,51089.4348604,14.7028,4588.0,0.817544,163.101036,-61.446859,2023-06-29 17:44:39,2023-07-08 12:03:10,1,ok,True,4,13,train,1998,63,success,0,0,18358,0.0,0.0,0.0,c:\Users\user\Documents\HSFlensburgMaster\Sommersemester2026\AdvancedDeepLearning\Projekt\Exoplanets\data\interim\spoc120_dataset_generation\samples\toi_6547_01.npz
1909,655.01,35516889,KP,0.7888389,2459304.062715,1.6416539,22614.8958863,11.6044,5568.0,1.0280499,148.416767,-45.659108,2019-05-07 15:39:33,2024-09-19 10:08:01,1,ok,True,7,11,train,1999,9,success,0,0,15846,0.0,0.0,0.0,c:\Users\user\Documents\HSFlensburgMaster\Sommersemester2026\AdvancedDeepLearning\Projekt\Exoplanets\data\interim\spoc120_dataset_generation\samples\toi_655_01.npz
1910,679.01,308050066,FP,11.1755425,2460004.893282,5.482,7873.0,9.99028,6655.0,1.91,155.436002,-17.224364,2019-05-06 19:17:05,2025-02-26 12:03:25,0,ok,True,5,0,train,2000,9,success,0,0,15505,0.0,0.0,0.0,c:\Users\user\Documents\HSFlensburgMaster\Sommersemester2026\AdvancedDeepLearning\Projekt\Exoplanets\data\interim\spoc120_dataset_generation\samples\toi_679_01.npz
1911,6028.01,250707118,KP,5.7238582,2459885.016838,3.8545141,8682.2466029,11.2791,6086.0,1.23052,33.131092,51.778775,2023-01-20 00:26:40,2023-01-19 16:52:49,1,ok,True,2,9,train,2001,58,success,0,0,18949,0.0,0.0,0.0,c:\Users\user\Documents\HSFlensburgMaster\Sommersemester2026\AdvancedDeepLearning\Projekt\Exoplanets\data\interim\spoc120_dataset_generation\samples\toi_6028_01.npz
1912,6029.01,419523962,CP,5.7998626,2459904.818632,5.684,2387.0,11.6593,5852.0,2.55,8.386256,61.860766,2023-01-20 00:26:40,2025-04-21 12:03:49,1,ok,True,3,12,train,2002,58,success,0,0,18563,0.0,0.0,0.0,c:\Users\user\Documents\HSFlensburgMaster\Sommersemester2026\AdvancedDeepLearning\Projekt\Exoplanets\data\interim\spoc120_dataset_generation\samples\toi_6029_01.npz
1913,603.01,262746281,CP,16.1798603,2460271.218286,6.495,2249.0,9.74179,5900.8,1.63,141.107854,5.766056,2019-04-13 05:20:07,2024-02-13 12:03:01,1,ok,True,5,15,validation,2003,45,recovered,19,0,16230,9.45273631840796,0.0,9.45273631840796,c:\Users\user\Documents\HSFlensburgMaster\Sommersemester2026\AdvancedDeepLearning\Projekt\Exoplanets\data\interim\spoc120_dataset_generation\samples\toi_603_01.npz
1914,6030.01,245392284,KP,1.7442831,2459883.279834,2.1928372,7445.2479047,11.9004,8039.0,1.6008,38.369165,56.025708,2023-01-20 00:26:40,2023-01-19 16:52:49,1,ok,True,2,12,train,2004,58,success,0,0,19475,0.0,0.0,0.0,c:\Users\user\Documents\HSFlensburgMaster\Sommersemester2026\AdvancedDeepLearning\Projekt\Exoplanets\data\interim\spoc120_dataset_generation\samples\toi_6030_01.npz
1915,6031.01,292152376,KP,2.1499907,2459883.617765,3.1026968,25640.8126075,10.7696,6340.0,1.2630399,31.042761,46.687851,2023-01-20 00:26:41,2023-01-19 16:52:49,1,ok,True,1,17,test,2005,58,success,0,0,19238,0.0,0.0,0.0,c:\Users\user\Documents\HSFlensburgMaster\Sommersemester2026\AdvancedDeepLearning\Projekt\Exoplanets\data\interim\spoc120_dataset_generation\samples\toi_6031_01.npz
1916,6034.01,388076422,CP,2.5761796,2459883.905467,1.5879379,49904.2528728,13.2297,3628.0,0.497905,317.900139,68.402076,2023-01-20 00:26:42,2025-04-21 12:03:49,1,ok,True,10,7,train,2006,56,success,0,0,19600,0.0,0.0,0.0,c:\Users\user\Documents\HSFlensburgMaster\Sommersemester2026\AdvancedDeepLearning\Projekt\Exoplanets\data\interim\spoc120_dataset_generation\samples\toi_6034_01.npz
1917,6037.01,352924930,FP,4.0158188,2460472.582214,6.257,560.0,10.3755,6950.0,2.64,21.805455,67.966855,2023-01-20 00:27:44,2025-07-23 16:00:01,0,ok,True,3,0,train,2007,52,success,0,0,13890,0.0,0.0,0.0,c:\Users\user\Documents\HSFlensburgMaster\Sommersemester2026\AdvancedDeepLearning\Projekt\Exoplanets\data\interim\spoc120_dataset_generation\samples\toi_6037_01.npz
1918,6038.01,194736418,CP,5.826731,2460658.012037,4.571,1068.0,9.3229,6305.0,1.62,51.657269,40.81727,2023-01-20 00:27:45,2025-09-05 10:08:01,1,ok,True,2,13,train,2008,18,success,0,0,14399,0.0,0.0,0.0,c:\Users\user\Documents\HSFlensburgMaster\Sommersemester2026\AdvancedDeepLearning\Projekt\Exoplanets\data\interim\spoc120_dataset_generation\samples\toi_6038_01.npz
1919,6039.01,272050287,FP,8.503614,2459908.575411,1.203,1590.0,10.244,6255.0,2.31,355.433763,63.018844,2023-01-20 00:27:45,2023-03-23 14:58:12,0,ok,True,6,0,train,2009,57,success,0,0,17991,0.0,0.0,0.0,c:\Users\user\Documents\HSFlensburgMaster\Sommersemester2026\AdvancedDeepLearning\Projekt\Exoplanets\data\interim\spoc120_dataset_generation\samples\toi_6039_01.npz
1920,604.01,145027461,FP,1.07242,2458492.72655,1.996,632.189,10.4029,5001.6,7.97,122.257466,-30.787939,2019-04-01 16:52:04,2026-05-18 10:08:02,0,ok,True,1,18,test,2010,34,success,0,0,16885,0.0,0.0,0.0,c:\Users\user\Documents\HSFlensburgMaster\Sommersemester2026\AdvancedDeepLearning\Projekt\Exoplanets\data\interim\spoc120_dataset_generation\samples\toi_604_01.npz
1921,6278.01,157230659,KP,7.5337657,2460019.14123,5.5843836,4697.1753086,11.6634,5869.0,1.52905,176.249942,-35.640563,2023-04-27 20:49:02,2023-04-27 16:02:02,1,ok,True,4,1,train,2011,63,success,0,0,18226,0.0,0.0,0.0,c:\Users\user\Documents\HSFlensburgMaster\Sommersemester2026\AdvancedDeepLearning\Projekt\Exoplanets\data\interim\spoc120_dataset_generation\samples\toi_6278_01.npz
1922,628.01,281408474,CP,3.4076,2458469.2352,3.69,7500.0,9.65646,6174.0,1.38,99.263061,1.76755,2019-04-23 16:24:11,2022-01-12 12:02:22,1,ok,True,1,6,train,2012,87,success,0,0,15377,0.0,0.0,0.0,c:\Users\user\Documents\HSFlensburgMaster\Sommersemester2026\AdvancedDeepLearning\Projekt\Exoplanets\data\interim\spoc120_dataset_generation\samples\toi_628_01.npz
1923,6280.01,370877263,FP,15.9865412,2460087.169174,1.636,1451.0,9.927,6429.0,1.28,145.174365,-66.65449,2023-04-27 20:49:14,2025-07-09 16:00:02,0,ok,True,1,3,train,2013,90,success,9,0,19273,4.477611940298507,0.0,4.477611940298507,c:\Users\user\Documents\HSFlensburgMaster\Sommersemester2026\AdvancedDeepLearning\Projekt\Exoplanets\data\interim\spoc120_dataset_generation\samples\toi_6280_01.npz
1924,6286.01,354285962,FP,5.6289226,2459907.595404,9.272,1850.0,12.4721,6683.0,2.72,346.44125,72.410554,2023-05-03 22:21:16,2024-08-22 10:08:01,0,ok,True,2,14,validation,2014,77,success,0,0,12874,0.0,0.0,0.0,c:\Users\user\Documents\HSFlensburgMaster\Sommersemester2026\AdvancedDeepLearning\Projekt\Exoplanets\data\interim\spoc120_dataset_generation\samples\toi_6286_01.npz
1925,629.01,293853437,CP,8.7179665,2459221.689296,6.143,2420.0,8.69437,9165.0,2.38,95.827908,0.883347,2019-04-23 16:24:11,2024-09-10 10:08:02,1,ok,True,2,18,test,2015,33,success,0,0,17455,0.0,0.0,0.0,c:\Users\user\Documents\HSFlensburgMaster\Sommersemester2026\AdvancedDeepLearning\Projekt\Exoplanets\data\interim\spoc120_dataset_generation\samples\toi_629_01.npz
1926,6551.01,166527623,KP,6.9593972,2460044.634922,4.8553269,4826.8656037,9.1871,5854.0,1.33729,207.526001,-40.835896,2023-07-20 23:27:26,2024-07-17 12:02:46,1,ok,True,5,0,train,2016,11,success,0,0,13389,0.0,0.0,0.0,c:\Users\user\Documents\HSFlensburgMaster\Sommersemester2026\AdvancedDeepLearning\Projekt\Exoplanets\data\interim\spoc120_dataset_generation\samples\toi_6551_01.npz
1927,656.01,36734222,KP,0.8134733,2458543.604633,1.262964,25866.83474,11.1184,4400.0,0.757649,154.908187,-9.806443,2019-05-07 15:39:33,2024-09-19 10:08:01,1,ok,True,5,8,train,2017,9,success,0,0,15274,0.0,0.0,0.0,c:\Users\user\Documents\HSFlensburgMaster\Sommersemester2026\AdvancedDeepLearning\Projekt\Exoplanets\data\interim\spoc120_dataset_generation\samples\toi_656_01.npz
1928,6768.01,365952328,FP,4.8741147,2460120.784046,2.049,4613.0,12.4154,6085.0,2.11,276.191236,-60.784523,2023-11-02 22:49:07,2025-07-22 12:04:25,0,ok,True,4,14,validation,2018,93,success,0,0,15556,0.0,0.0,0.0,c:\Users\user\Documents\HSFlensburgMaster\Sommersemester2026\AdvancedDeepLearning\Projekt\Exoplanets\data\interim\spoc120_dataset_generation\samples\toi_6768_01.npz
1929,6043.01,453064665,KP,2.6452121,2459911.851307,3.0559836,10456.8418233,11.8889,5596.0,1.2406,74.504382,48.300855,2023-02-08 21:13:33,2023-02-10 12:02:45,1,ok,True,3,9,train,2019,59,success,0,0,16653,0.0,0.0,0.0,c:\Users\user\Documents\HSFlensburgMaster\Sommersemester2026\AdvancedDeepLearning\Projekt\Exoplanets\data\interim\spoc120_dataset_generation\samples\toi_6043_01.npz
1930,6049.01,353459965,KP,10.8614911,2459918.20065,5.5511467,11069.1320347,11.0878,5663.55,0.895095,66.248142,39.460602,2023-02-08 21:13:36,2023-02-10 12:02:45,1,ok,True,2,14,validation,2020,59,success,0,0,15095,0.0,0.0,0.0,c:\Users\user\Documents\HSFlensburgMaster\Sommersemester2026\AdvancedDeepLearning\Projekt\Exoplanets\data\interim\spoc120_dataset_generation\samples\toi_6049_01.npz
1931,6052.01,9443323,KP,4.01357,2459913.801096,4.1381202,8561.4394866,12.1957,5679.0,1.53012,68.846509,56.868269,2023-02-08 21:13:37,2023-02-10 12:02:45,1,ok,True,3,3,train,2021,59,success,0,0,16065,0.0,0.0,0.0,c:\Users\user\Documents\HSFlensburgMaster\Sommersemester2026\AdvancedDeepLearning\Projekt\Exoplanets\data\interim\spoc120_dataset_generation\samples\toi_6052_01.npz
1932,6054.01,392681545,CP,7.4903271,2459913.121951,5.800713,225.5988767,7.4961,6111.67,1.61211,56.337007,60.350917,2023-02-08 21:13:40,2025-01-17 12:03:04,1,ok,True,2,3,train,2022,59,success,0,0,16253,0.0,0.0,0.0,c:\Users\user\Documents\HSFlensburgMaster\Sommersemester2026\AdvancedDeepLearning\Projekt\Exoplanets\data\interim\spoc120_dataset_generation\samples\toi_6054_01.npz
1933,6054.02,392681545,CP,12.5759948,2459919.916627,6.529918,284.6855263,7.4961,6111.67,1.61211,56.337007,60.350917,2023-02-08 21:13:38,2025-01-17 12:03:04,1,ok,True,2,3,train,2023,59,success,3,0,16253,1.4925373134328357,0.0,1.4925373134328357,c:\Users\user\Documents\HSFlensburgMaster\Sommersemester2026\AdvancedDeepLearning\Projekt\Exoplanets\data\interim\spoc120_dataset_generation\samples\toi_6054_02.npz
1934,6298.01,285233023,FP,2.8577028,2459904.85743,2.264,2695.0,12.4487,6240.0,1.45,12.471055,60.946038,2023-05-03 22:21:17,2024-08-22 10:08:01,0,ok,True,1,15,validation,2024,78,success,0,0,12675,0.0,0.0,0.0,c:\Users\user\Documents\HSFlensburgMaster\Sommersemester2026\AdvancedDeepLearning\Projekt\Exoplanets\data\interim\spoc120_dataset_generation\samples\toi_6298_01.npz
1935,631.01,97158538,FP,2.5950747,2459229.708439,0.7921274,665.2502774,8.783341,6852.0,2.24201,105.945472,-30.726357,2019-04-23 16:24:11,2021-10-29 12:59:15,0,ok,True,2,7,train,2025,33,success,0,0,17458,0.0,0.0,0.0,c:\Users\user\Documents\HSFlensburgMaster\Sommersemester2026\AdvancedDeepLearning\Projekt\Exoplanets\data\interim\spoc120_dataset_generation\samples\toi_631_01.npz
1936,657.01,48103627,CP,4.5696698,2459283.031579,3.9536171,9861.079392,12.4399,6122.0,1.28306,147.4067,-33.218503,2019-05-07 15:39:33,2024-09-10 10:08:02,1,ok,True,4,6,train,2026,9,success,0,0,15128,0.0,0.0,0.0,c:\Users\user\Documents\HSFlensburgMaster\Sommersemester2026\AdvancedDeepLearning\Projekt\Exoplanets\data\interim\spoc120_dataset_generation\samples\toi_657_01.npz
1937,658.01,48476907,FP,4.7192734,2460030.273032,1.301,1557.0,9.5359,6521.0,1.6,150.152654,-34.681865,2019-05-07 15:39:33,2025-07-22 12:04:25,0,ok,True,5,15,validation,2027,9,success,0,0,15622,0.0,0.0,0.0,c:\Users\user\Documents\HSFlensburgMaster\Sommersemester2026\AdvancedDeepLearning\Projekt\Exoplanets\data\interim\spoc120_dataset_generation\samples\toi_658_01.npz
1938,677.01,280206394,CP,11.2365977,2460030.705344,2.292,9414.0,9.271401,6446.0,1.29,144.119359,-50.463093,2019-05-06 19:17:05,2023-05-11 16:02:02,1,ok,True,8,12,train,2028,9,success,0,0,16524,0.0,0.0,0.0,c:\Users\user\Documents\HSFlensburgMaster\Sommersemester2026\AdvancedDeepLearning\Projekt\Exoplanets\data\interim\spoc120_dataset_generation\samples\toi_677_01.npz
1939,6783.01,291013124,FP,6.0368213,2460143.626198,1.984,108361.0,14.5979,3445.0,0.41,309.345795,-38.723632,2023-11-02 22:50:45,2026-07-22 12:04:49,0,ok,True,2,11,train,2029,94,success,0,0,15167,0.0,0.0,0.0,c:\Users\user\Documents\HSFlensburgMaster\Sommersemester2026\AdvancedDeepLearning\Projekt\Exoplanets\data\interim\spoc120_dataset_generation\samples\toi_6783_01.npz
1940,6069.01,259099556,FA,1.6290926,2459937.955167,4.6315189,411.7525108,8.92071,5658.0,1.5037,291.148444,67.527964,2023-02-23 20:51:10,2024-02-14 12:02:56,0,ok,True,37,1,train,2030,14,success,0,0,18423,0.0,0.0,0.0,c:\Users\user\Documents\HSFlensburgMaster\Sommersemester2026\AdvancedDeepLearning\Projekt\Exoplanets\data\interim\spoc120_dataset_generation\samples\toi_6069_01.npz
1941,607.01,153651591,FP,2.1456324,2459230.769216,2.1680096,1438.6746953,10.5259,9389.0,2.80165,121.009264,-26.165676,2019-04-13 05:20:07,2024-09-19 10:08:01,0,ok,True,1,9,train,2031,34,success,0,0,16917,0.0,0.0,0.0,c:\Users\user\Documents\HSFlensburgMaster\Sommersemester2026\AdvancedDeepLearning\Projekt\Exoplanets\data\interim\spoc120_dataset_generation\samples\toi_607_01.npz
1942,632.01,349790953,FP,1.5521101,2459387.579573,2.699,5430.0,10.3357,4997.1,12.23,113.454773,-61.292453,2019-04-11 19:30:41,2021-10-29 12:59:15,0,ok,True,25,8,train,2032,1,success,0,0,18275,0.0,0.0,0.0,c:\Users\user\Documents\HSFlensburgMaster\Sommersemester2026\AdvancedDeepLearning\Projekt\Exoplanets\data\interim\spoc120_dataset_generation\samples\toi_632_01.npz
1943,6324.01,372207328,CP,0.2792211,2459909.915493,0.409,779.0,10.97,3358.0,0.3,330.844543,67.498677,2023-05-03 22:21:21,2025-08-09 12:03:57,1,ok,True,8,3,train,2033,16,success,0,0,14375,0.0,0.0,0.0,c:\Users\user\Documents\HSFlensburgMaster\Sommersemester2026\AdvancedDeepLearning\Projekt\Exoplanets\data\interim\spoc120_dataset_generation\samples\toi_6324_01.npz
1944,6585.01,162729620,FP,13.4364908,2460051.304076,5.375,4735.0,12.3613,6229.0,1.31,170.889648,-45.647015,2023-07-20 23:31:17,2025-04-05 12:03:07,0,ok,True,1,17,test,2034,90,success,5,0,18252,2.4875621890547266,0.0,2.4875621890547266,c:\Users\user\Documents\HSFlensburgMaster\Sommersemester2026\AdvancedDeepLearning\Projekt\Exoplanets\data\interim\spoc120_dataset_generation\samples\toi_6585_01.npz
1945,5820.01,459730973,KP,3.9156848,2459799.366946,3.584776,6668.8007799,11.07,6228.0,1.83823,315.531949,7.056279,2022-10-12 18:12:35,2022-10-16 12:02:28,1,ok,True,2,11,train,2035,55,success,0,0,13103,0.0,0.0,0.0,c:\Users\user\Documents\HSFlensburgMaster\Sommersemester2026\AdvancedDeepLearning\Projekt\Exoplanets\data\interim\spoc120_dataset_generation\samples\toi_5820_01.npz
1946,5821.01,354619337,KP,2.1425095,2460556.771408,5.163,7961.0,8.08821,7893.0,2.02,317.551526,10.738897,2022-10-12 18:12:35,2024-11-14 10:08:02,1,ok,True,2,13,train,2036,55,success,0,0,13390,0.0,0.0,0.0,c:\Users\user\Documents\HSFlensburgMaster\Sommersemester2026\AdvancedDeepLearning\Projekt\Exoplanets\data\interim\spoc120_dataset_generation\samples\toi_5821_01.npz
1947,5822.01,466390120,KP,1.5487245,2459797.810597,2.8258531,9869.0318921,12.0671,5887.35,1.41021,327.665695,10.462939,2022-10-12 18:12:36,2022-10-16 12:02:28,1,ok,True,2,7,train,2037,55,success,0,0,11708,0.0,0.0,0.0,c:\Users\user\Documents\HSFlensburgMaster\Sommersemester2026\AdvancedDeepLearning\Projekt\Exoplanets\data\interim\spoc120_dataset_generation\samples\toi_5822_01.npz
1948,5823.01,248853232,KP,3.8681492,2459798.775459,2.1610195,17259.9935362,8.8628,4746.0,0.877591,315.025966,-5.094857,2022-10-12 18:12:36,2022-10-16 12:02:28,1,ok,True,3,10,train,2038,55,success,0,0,14148,0.0,0.0,0.0,c:\Users\user\Documents\HSFlensburgMaster\Sommersemester2026\AdvancedDeepLearning\Projekt\Exoplanets\data\interim\spoc120_dataset_generation\samples\toi_5823_01.npz
1949,5824.01,272366748,KP,3.8555897,2459800.057422,3.2379644,16813.9237374,14.8018,5741.0,1.05268,296.393195,45.568533,2022-10-12 18:12:37,2023-03-15 16:02:02,1,ok,True,6,7,train,2039,41,success,0,0,18322,0.0,0.0,0.0,c:\Users\user\Documents\HSFlensburgMaster\Sommersemester2026\AdvancedDeepLearning\Projekt\Exoplanets\data\interim\spoc120_dataset_generation\samples\toi_5824_01.npz
1950,5830.01,224418572,FP,2.8465928,2459791.235591,2.664,2110.0,11.8512,5308.0,1.94,282.101495,15.49419,2022-11-02 17:59:17,2024-09-21 12:02:59,0,ok,True,1,8,train,2040,80,success,0,0,11610,0.0,0.0,0.0,c:\Users\user\Documents\HSFlensburgMaster\Sommersemester2026\AdvancedDeepLearning\Projekt\Exoplanets\data\interim\spoc120_dataset_generation\samples\toi_5830_01.npz
1951,6072.01,147797743,KP,3.691559,2459940.374302,2.720758,16316.0231993,10.7447,5720.0,1.0878299,110.735331,67.252657,2023-02-23 20:51:11,2023-02-23 16:02:01,1,ok,True,4,10,train,2041,47,success,0,0,15981,0.0,0.0,0.0,c:\Users\user\Documents\HSFlensburgMaster\Sommersemester2026\AdvancedDeepLearning\Projekt\Exoplanets\data\interim\spoc120_dataset_generation\samples\toi_6072_01.npz
1952,6073.01,271424111,KP,3.2687063,2459393.028617,3.6398573,9692.5415934,14.3999,6007.22,1.40537,295.025662,46.955954,2023-02-23 20:52:26,2023-02-23 16:02:01,1,ok,True,8,7,train,2042,40,success,0,0,19611,0.0,0.0,0.0,c:\Users\user\Documents\HSFlensburgMaster\Sommersemester2026\AdvancedDeepLearning\Projekt\Exoplanets\data\interim\spoc120_dataset_generation\samples\toi_6073_01.npz
1953,6081.01,271431851,KP,7.8864218,2459397.093442,4.9429378,6241.5672443,14.4952,5597.0,1.56051,295.094957,43.537565,2023-03-02 20:05:25,2023-03-02 13:33:57,1,ok,True,8,6,train,2043,40,success,0,0,19611,0.0,0.0,0.0,c:\Users\user\Documents\HSFlensburgMaster\Sommersemester2026\AdvancedDeepLearning\Projekt\Exoplanets\data\interim\spoc120_dataset_generation\samples\toi_6081_01.npz
1954,6084.01,294283951,FP,4.3724063,2459422.141727,1.4148388,1642.1950326,11.7056,8096.0,1.67777,301.752501,50.34803,2023-03-02 20:05:25,2023-04-19 12:02:52,0,ok,True,7,6,train,2044,41,success,0,0,18322,0.0,0.0,0.0,c:\Users\user\Documents\HSFlensburgMaster\Sommersemester2026\AdvancedDeepLearning\Projekt\Exoplanets\data\interim\spoc120_dataset_generation\samples\toi_6084_01.npz
1955,633.01,348755723,FP,4.503645,2458517.809802,1.973292,12525.725237,13.9036,3267.0,1.0,134.088088,-12.934871,2019-04-23 16:40:29,2021-10-29 12:59:15,0,ok,True,2,15,validation,2045,8,success,0,0,12961,0.0,0.0,0.0,c:\Users\user\Documents\HSFlensburgMaster\Sommersemester2026\AdvancedDeepLearning\Projekt\Exoplanets\data\interim\spoc120_dataset_generation\samples\toi_633_01.npz
1956,634.01,344926234,FA,0.49359,2458517.428167,1.545897,246.702105,9.1299,5872.0,1.02918,151.55755,3.946493,2019-04-23 16:40:29,2021-10-29 12:59:15,0,ok,True,5,3,train,2046,8,success,0,0,13033,0.0,0.0,0.0,c:\Users\user\Documents\HSFlensburgMaster\Sommersemester2026\AdvancedDeepLearning\Projekt\Exoplanets\data\interim\spoc120_dataset_generation\samples\toi_634_01.npz
1957,6343.01,256349966,FP,14.5877856,2459906.003673,3.517,3374.0,12.0913,6544.0,1.66,322.717404,68.495293,2023-05-03 22:21:23,2024-08-22 10:08:01,0,ok,True,5,11,train,2047,77,success,16,0,12874,7.960199004975125,0.0,7.960199004975125,c:\Users\user\Documents\HSFlensburgMaster\Sommersemester2026\AdvancedDeepLearning\Projekt\Exoplanets\data\interim\spoc120_dataset_generation\samples\toi_6343_01.npz
1958,660.01,53189332,KP,9.2897006,2458544.650778,5.3589155,6241.2619064,10.99,6055.0,1.41549,166.429628,-5.079485,2019-05-07 15:39:33,2024-09-19 10:08:01,1,ok,True,7,11,train,2048,9,success,0,0,15783,0.0,0.0,0.0,c:\Users\user\Documents\HSFlensburgMaster\Sommersemester2026\AdvancedDeepLearning\Projekt\Exoplanets\data\interim\spoc120_dataset_generation\samples\toi_660_01.npz
1959,661.01,53735810,KP,4.0860495,2458544.170492,4.5420607,7083.7091188,11.248,6580.0,1.47741,158.22503,-34.989907,2019-05-07 15:39:33,2024-09-19 10:08:01,1,ok,True,6,2,train,2049,9,success,0,0,15785,0.0,0.0,0.0,c:\Users\user\Documents\HSFlensburgMaster\Sommersemester2026\AdvancedDeepLearning\Projekt\Exoplanets\data\interim\spoc120_dataset_generation\samples\toi_661_01.npz
1960,5839.01,355732304,FP,2.5411063,2459794.235051,3.491,8720.0,12.3367,6657.0,1.78,286.031721,17.003203,2022-11-02 17:59:22,2024-08-27 12:02:45,0,ok,True,2,17,test,2050,80,success,0,0,10799,0.0,0.0,0.0,c:\Users\user\Documents\HSFlensburgMaster\Sommersemester2026\AdvancedDeepLearning\Projekt\Exoplanets\data\interim\spoc120_dataset_generation\samples\toi_5839_01.npz
1961,584.01,74482749,FP,1.2622658,2460744.737404,1.7829162,3711.7152579,9.1103,9255.0,2.9098899,137.518351,-43.924957,2019-04-13 05:20:07,2025-09-25 16:00:01,0,ok,True,2,3,train,2051,35,success,0,0,13829,0.0,0.0,0.0,c:\Users\user\Documents\HSFlensburgMaster\Sommersemester2026\AdvancedDeepLearning\Projekt\Exoplanets\data\interim\spoc120_dataset_generation\samples\toi_584_01.npz
1962,5850.01,151728428,FP,3.9997367,2459786.271014,0.384,7460.0,10.9951,3827.0,0.64,304.882706,-8.298523,2022-11-02 17:59:27,2024-08-22 10:08:01,0,ok,True,1,15,validation,2052,92,success,0,0,15522,0.0,0.0,0.0,c:\Users\user\Documents\HSFlensburgMaster\Sommersemester2026\AdvancedDeepLearning\Projekt\Exoplanets\data\interim\spoc120_dataset_generation\samples\toi_5850_01.npz
1963,6086.01,18318288,CP,1.3888584,2458984.759725,0.8267002,1372.5136834,12.4106,3300.0,0.256456,265.370424,30.303776,2023-03-02 20:05:26,2025-04-21 12:03:49,1,ok,True,6,11,train,2053,25,success,0,0,14003,0.0,0.0,0.0,c:\Users\user\Documents\HSFlensburgMaster\Sommersemester2026\AdvancedDeepLearning\Projekt\Exoplanets\data\interim\spoc120_dataset_generation\samples\toi_6086_01.npz
1964,6088.01,122375047,KP,9.2866733,2459398.896348,3.2593808,713.8494352,11.3992,5511.0,0.911823,290.420969,37.851656,2023-03-02 20:05:26,2023-03-02 13:33:57,1,ok,True,6,7,train,2054,40,success,0,0,19611,0.0,0.0,0.0,c:\Users\user\Documents\HSFlensburgMaster\Sommersemester2026\AdvancedDeepLearning\Projekt\Exoplanets\data\interim\spoc120_dataset_generation\samples\toi_6088_01.npz
1965,6089.01,350814622,KP,3.2135636,2459391.482922,4.3141611,654.7322821,11.7266,5772.0,1.59521,285.615449,50.135771,2023-03-02 20:05:26,2023-03-02 13:33:57,1,ok,True,9,14,validation,2055,40,success,0,0,19610,0.0,0.0,0.0,c:\Users\user\Documents\HSFlensburgMaster\Sommersemester2026\AdvancedDeepLearning\Projekt\Exoplanets\data\interim\spoc120_dataset_generation\samples\toi_6089_01.npz
1966,6090.01,268159158,KP,4.7082414,2459420.863418,3.7013817,10708.303583,14.5892,5490.0,1.14715,298.635648,44.170939,2023-03-02 20:05:26,2025-09-03 16:00:01,1,ok,True,7,3,train,2056,41,success,0,0,18322,0.0,0.0,0.0,c:\Users\user\Documents\HSFlensburgMaster\Sommersemester2026\AdvancedDeepLearning\Projekt\Exoplanets\data\interim\spoc120_dataset_generation\samples\toi_6090_01.npz
1967,6096.01,262781201,FP,1.3154261,2460283.55214,2.121,285.0,9.34567,6613.8,1.42,141.403549,3.661936,2023-03-23 19:51:58,2023-12-21 10:08:02,0,ok,True,2,2,train,2057,8,success,0,0,12960,0.0,0.0,0.0,c:\Users\user\Documents\HSFlensburgMaster\Sommersemester2026\AdvancedDeepLearning\Projekt\Exoplanets\data\interim\spoc120_dataset_generation\samples\toi_6096_01.npz
1968,610.01,80275202,FP,3.6649528,2459983.317258,3.245,3865.0,10.4989,7889.0,1.61,121.526219,-44.375085,2019-04-13 05:20:07,2023-03-08 10:10:02,0,ok,True,2,4,train,2058,34,success,0,0,16912,0.0,0.0,0.0,c:\Users\user\Documents\HSFlensburgMaster\Sommersemester2026\AdvancedDeepLearning\Projekt\Exoplanets\data\interim\spoc120_dataset_generation\samples\toi_610_01.npz
1969,635.01,286132427,FA,0.493379,2458517.43594,1.5,194.341058,8.1075,5914.0,1.00635,146.72453,-4.29824,2019-04-23 16:40:29,2025-09-03 16:00:01,0,ok,True,4,7,train,2059,8,success,0,0,12992,0.0,0.0,0.0,c:\Users\user\Documents\HSFlensburgMaster\Sommersemester2026\AdvancedDeepLearning\Projekt\Exoplanets\data\interim\spoc120_dataset_generation\samples\toi_635_01.npz
1970,6355.01,98613492,FP,1.0617107,2459934.888565,1.067,2369.0,11.8275,5589.0,1.06,79.724105,47.54723,2023-05-03 22:24:16,2024-12-04 12:02:50,0,ok,True,2,14,validation,2060,73,success,0,0,12506,0.0,0.0,0.0,c:\Users\user\Documents\HSFlensburgMaster\Sommersemester2026\AdvancedDeepLearning\Projekt\Exoplanets\data\interim\spoc120_dataset_generation\samples\toi_6355_01.npz
1971,636.01,146463781,FP,0.417921,2458517.476816,1.843947,41644.893112,14.7034,3278.0,0.275,123.885413,-31.556521,2019-04-11 19:30:28,2021-10-29 12:59:15,0,ok,True,2,16,validation,2061,7,success,0,0,16340,0.0,0.0,0.0,c:\Users\user\Documents\HSFlensburgMaster\Sommersemester2026\AdvancedDeepLearning\Projekt\Exoplanets\data\interim\spoc120_dataset_generation\samples\toi_636_01.npz
1972,662.01,54085154,FP,1.0014437,2460037.452461,1.28,416.0,8.2046,6380.0,1.18,160.180141,-31.927233,2019-05-07 15:39:33,2024-09-19 10:08:01,0,ok,True,2,8,train,2062,9,success,0,0,16086,0.0,0.0,0.0,c:\Users\user\Documents\HSFlensburgMaster\Sommersemester2026\AdvancedDeepLearning\Projekt\Exoplanets\data\interim\spoc120_dataset_generation\samples\toi_662_01.npz
1973,663.01,54962195,CP,2.5989031,2458544.387711,1.6635706,1953.2615465,11.7602,3719.0,0.512361,160.065852,-8.511083,2019-05-07 15:39:33,2025-04-21 12:03:49,1,ok,True,5,3,train,2063,9,success,0,0,14736,0.0,0.0,0.0,c:\Users\user\Documents\HSFlensburgMaster\Sommersemester2026\AdvancedDeepLearning\Projekt\Exoplanets\data\interim\spoc120_dataset_generation\samples\toi_663_01.npz
1974,663.02,54962195,CP,4.6955986,2458543.405068,2.1638721,1969.101717,11.7602,3719.0,0.512361,160.065852,-8.511083,2019-05-07 15:39:33,2025-07-10 10:08:01,1,ok,True,5,3,train,2064,9,success,0,0,14736,0.0,0.0,0.0,c:\Users\user\Documents\HSFlensburgMaster\Sommersemester2026\AdvancedDeepLearning\Projekt\Exoplanets\data\interim\spoc120_dataset_generation\samples\toi_663_02.npz
1975,5855.01,41422753,FP,2.4710528,2459792.210191,3.033,5420.0,12.3924,6114.0,0.97,294.008142,32.214606,2022-11-02 17:59:29,2024-08-22 10:08:01,0,ok,True,3,4,train,2065,74,success,0,0,13303,0.0,0.0,0.0,c:\Users\user\Documents\HSFlensburgMaster\Sommersemester2026\AdvancedDeepLearning\Projekt\Exoplanets\data\interim\spoc120_dataset_generation\samples\toi_5855_01.npz
1976,586.01,131979339,FP,22.6384642,2459986.476263,4.988,4982.0,8.2268,9511.0,2.42,118.913661,-37.857713,2019-04-13 05:20:07,2023-05-23 16:02:02,0,ok,True,4,7,train,2066,34,success,12,0,16979,5.970149253731343,0.0,5.970149253731343,c:\Users\user\Documents\HSFlensburgMaster\Sommersemester2026\AdvancedDeepLearning\Projekt\Exoplanets\data\interim\spoc120_dataset_generation\samples\toi_586_01.npz
1977,5862.01,20988926,FP,5.3194765,2459791.246452,4.653,3640.0,12.0997,6987.0,2.66,285.062239,34.258278,2022-11-02 17:59:32,2024-08-27 12:02:45,0,ok,True,3,4,train,2067,74,success,0,0,15410,0.0,0.0,0.0,c:\Users\user\Documents\HSFlensburgMaster\Sommersemester2026\AdvancedDeepLearning\Projekt\Exoplanets\data\interim\spoc120_dataset_generation\samples\toi_5862_01.npz
1978,5866.01,341297143,FP,3.8421028,2459813.907629,1.184,8920.0,11.1838,6247.0,1.32,311.306229,12.167609,2022-11-08 19:57:56,2024-08-22 10:08:01,0,ok,True,2,8,train,2068,81,success,0,0,13495,0.0,0.0,0.0,c:\Users\user\Documents\HSFlensburgMaster\Sommersemester2026\AdvancedDeepLearning\Projekt\Exoplanets\data\interim\spoc120_dataset_generation\samples\toi_5866_01.npz
1979,5867.01,380517859,FP,1.109435,2459823.570109,2.723,27240.0,14.9156,3613.0,0.49,303.667055,30.776057,2022-11-08 19:57:56,2025-08-01 12:03:46,0,ok,True,3,9,train,2069,75,success,0,0,18961,0.0,0.0,0.0,c:\Users\user\Documents\HSFlensburgMaster\Sommersemester2026\AdvancedDeepLearning\Projekt\Exoplanets\data\interim\spoc120_dataset_generation\samples\toi_5867_01.npz
1980,587.01,294090620,FP,8.044239,2459968.122746,5.3289306,4937.505363,7.81307,9333.0,2.0411401,130.395919,-22.194298,2019-04-13 05:20:07,2024-12-14 12:02:56,0,ok,True,4,7,train,2070,34,success,0,0,16893,0.0,0.0,0.0,c:\Users\user\Documents\HSFlensburgMaster\Sommersemester2026\AdvancedDeepLearning\Projekt\Exoplanets\data\interim\spoc120_dataset_generation\samples\toi_587_01.npz
1981,6101.01,19342878,CP,1.3328252,2459963.429938,2.0496174,19240.1766706,10.8042,5595.4,1.0670201,124.073681,-8.686581,2023-03-23 19:52:44,2023-03-27 12:03:12,1,ok,True,3,6,train,2071,61,success,0,0,15582,0.0,0.0,0.0,c:\Users\user\Documents\HSFlensburgMaster\Sommersemester2026\AdvancedDeepLearning\Projekt\Exoplanets\data\interim\spoc120_dataset_generation\samples\toi_6101_01.npz
1982,6109.01,384984325,CP,8.5386633,2459908.090635,2.337,1730.0,10.3622,5416.1,0.95,50.131921,42.606956,2023-03-23 20:01:21,2026-03-31 12:08:36,1,ok,True,3,13,train,2072,18,success,0,0,14354,0.0,0.0,0.0,c:\Users\user\Documents\HSFlensburgMaster\Sommersemester2026\AdvancedDeepLearning\Projekt\Exoplanets\data\interim\spoc120_dataset_generation\samples\toi_6109_01.npz
1983,6109.02,384984325,CP,5.6952223,2459900.819501,1.107,1470.0,10.3622,5416.1,0.95,50.131921,42.606956,2023-07-20 23:26:55,2026-03-31 12:08:36,1,ok,True,3,13,train,2073,18,success,0,0,14354,0.0,0.0,0.0,c:\Users\user\Documents\HSFlensburgMaster\Sommersemester2026\AdvancedDeepLearning\Projekt\Exoplanets\data\interim\spoc120_dataset_generation\samples\toi_6109_02.npz
1984,611.01,154459165,FP,3.1471655,2459983.664716,3.402,1440.0,10.4259,4869.0,0.79,122.034347,-28.066189,2019-04-01 16:51:58,2025-12-11 10:08:01,0,ok,True,3,0,train,2074,34,success,0,0,16916,0.0,0.0,0.0,c:\Users\user\Documents\HSFlensburgMaster\Sommersemester2026\AdvancedDeepLearning\Projekt\Exoplanets\data\interim\spoc120_dataset_generation\samples\toi_611_01.npz
1985,6377.01,187532854,FP,1.6513066,2459934.8744,0.82,1751.0,12.2059,5887.6,1.47,77.869302,37.923226,2023-05-03 22:24:20,2024-08-22 10:08:01,0,ok,True,1,11,train,2075,73,success,0,0,11419,0.0,0.0,0.0,c:\Users\user\Documents\HSFlensburgMaster\Sommersemester2026\AdvancedDeepLearning\Projekt\Exoplanets\data\interim\spoc120_dataset_generation\samples\toi_6377_01.npz
1986,638.01,78154865,FA,0.493826,2458517.42793,1.162615,310.570859,8.9225,6030.0,1.08524,147.86736,-4.123323,2019-04-23 16:40:29,2025-09-03 16:00:01,0,ok,True,2,14,validation,2076,8,success,0,0,13031,0.0,0.0,0.0,c:\Users\user\Documents\HSFlensburgMaster\Sommersemester2026\AdvancedDeepLearning\Projekt\Exoplanets\data\interim\spoc120_dataset_generation\samples\toi_638_01.npz
1987,663.03,54962195,CP,7.1024749,2458547.138797,2.7542652,1317.715762,11.7602,3719.0,0.512361,160.065852,-8.511083,2021-07-08 23:15:54,2024-02-16 10:08:02,1,ok,True,5,3,train,2077,9,success,0,0,14736,0.0,0.0,0.0,c:\Users\user\Documents\HSFlensburgMaster\Sommersemester2026\AdvancedDeepLearning\Projekt\Exoplanets\data\interim\spoc120_dataset_generation\samples\toi_663_03.npz
1988,664.01,55092869,KP,4.7359232,2459988.88442,7.0819612,2338.8745559,7.3212,5370.0,2.7871499,161.706905,-9.399365,2019-05-07 15:39:33,2023-04-13 10:10:01,1,ok,True,4,18,test,2078,9,success,0,0,15771,0.0,0.0,0.0,c:\Users\user\Documents\HSFlensburgMaster\Sommersemester2026\AdvancedDeepLearning\Projekt\Exoplanets\data\interim\spoc120_dataset_generation\samples\toi_664_01.npz
1989,6645.01,15827263,FP,3.9525732,2460505.209665,2.378,857.0,10.4263,4536.1,,280.505862,17.310927,2023-09-21 21:25:03,2024-08-30 10:08:01,0,ok,True,1,1,train,2079,80,success,0,0,11422,0.0,0.0,0.0,c:\Users\user\Documents\HSFlensburgMaster\Sommersemester2026\AdvancedDeepLearning\Projekt\Exoplanets\data\interim\spoc120_dataset_generation\samples\toi_6645_01.npz
1990,5876.01,106114491,FP,9.7216312,2459813.860054,3.272,1830.0,10.6372,6702.0,1.7,301.080672,32.50162,2022-11-08 19:58:01,2024-08-22 10:08:01,0,ok,True,4,4,train,2080,74,success,0,0,18788,0.0,0.0,0.0,c:\Users\user\Documents\HSFlensburgMaster\Sommersemester2026\AdvancedDeepLearning\Projekt\Exoplanets\data\interim\spoc120_dataset_generation\samples\toi_5876_01.npz
1991,5882.01,232941965,CP,7.1487697,2459818.905315,6.864,1900.0,10.6338,5706.0,2.35,311.888638,34.737492,2022-11-08 19:58:03,2025-01-20 12:03:29,1,ok,True,1,16,validation,2081,75,success,0,0,18702,0.0,0.0,0.0,c:\Users\user\Documents\HSFlensburgMaster\Sommersemester2026\AdvancedDeepLearning\Projekt\Exoplanets\data\interim\spoc120_dataset_generation\samples\toi_5882_01.npz
1992,5886.01,15682927,FP,0.9655766,2459823.159717,1.224,3140.0,12.3886,7542.0,1.92,306.988834,37.146334,2022-11-08 19:58:05,2024-09-24 12:02:46,0,ok,True,2,19,test,2082,75,success,0,0,14349,0.0,0.0,0.0,c:\Users\user\Documents\HSFlensburgMaster\Sommersemester2026\AdvancedDeepLearning\Projekt\Exoplanets\data\interim\spoc120_dataset_generation\samples\toi_5886_01.npz
1993,5887.01,277987172,FP,6.3989216,2459824.052187,2.781,3830.0,12.4276,6243.0,1.59,302.761752,19.706749,2022-11-08 19:58:05,2024-09-06 10:08:02,0,ok,True,1,9,train,2083,81,success,0,0,15080,0.0,0.0,0.0,c:\Users\user\Documents\HSFlensburgMaster\Sommersemester2026\AdvancedDeepLearning\Projekt\Exoplanets\data\interim\spoc120_dataset_generation\samples\toi_5887_01.npz
1994,6116.01,364408162,FP,3.1256662,2459848.690225,2.903,4065.0,11.785,4940.2,,310.577995,51.186495,2023-03-30 21:13:35,2024-08-22 10:08:01,0,ok,True,4,1,train,2084,75,success,0,0,19474,0.0,0.0,0.0,c:\Users\user\Documents\HSFlensburgMaster\Sommersemester2026\AdvancedDeepLearning\Projekt\Exoplanets\data\interim\spoc120_dataset_generation\samples\toi_6116_01.npz
1995,6128.01,100769500,FP,4.5016419,2459852.594597,1.897,2992.0,12.2652,5713.2,1.89,341.709295,31.561025,2023-03-30 21:13:36,2026-07-23 12:03:45,0,ok,True,1,5,train,2085,83,success,0,0,17330,0.0,0.0,0.0,c:\Users\user\Documents\HSFlensburgMaster\Sommersemester2026\AdvancedDeepLearning\Projekt\Exoplanets\data\interim\spoc120_dataset_generation\samples\toi_6128_01.npz
1996,6130.01,210083929,CP,2.3927114,2459849.639834,1.806,13405.0,10.5581,5967.0,1.17,339.205083,16.827194,2023-03-30 21:13:37,2025-04-21 12:03:49,1,ok,True,1,19,test,2086,83,success,0,0,17330,0.0,0.0,0.0,c:\Users\user\Documents\HSFlensburgMaster\Sommersemester2026\AdvancedDeepLearning\Projekt\Exoplanets\data\interim\spoc120_dataset_generation\samples\toi_6130_01.npz
1997,6383.01,328513434,CP,1.7904917,2459933.595246,1.223,47315.0,14.4506,3425.0,0.46,60.424695,60.891368,2023-05-03 22:24:21,2024-09-27 12:02:45,1,ok,True,1,15,validation,2087,73,success,0,0,12056,0.0,0.0,0.0,c:\Users\user\Documents\HSFlensburgMaster\Sommersemester2026\AdvancedDeepLearning\Projekt\Exoplanets\data\interim\spoc120_dataset_generation\samples\toi_6383_01.npz
1998,639.01,82362447,FP,2.819817,2458517.560677,6.611278,183631.033642,15.2474,3601.0,0.441,124.250133,-47.651954,2019-04-23 16:40:29,2021-10-29 12:59:15,0,ok,True,4,16,validation,2088,8,success,0,0,13065,0.0,0.0,0.0,c:\Users\user\Documents\HSFlensburgMaster\Sommersemester2026\AdvancedDeepLearning\Projekt\Exoplanets\data\interim\spoc120_dataset_generation\samples\toi_639_01.npz
1999,6396.01,73244652,FP,8.2100724,2459600.062651,1.37,4190.0,11.8431,6427.0,1.96,122.519401,63.826237,2023-05-03 22:25:19,2023-05-16 12:02:50,0,ok,True,2,2,train,2089,60,success,0,0,12733,0.0,0.0,0.0,c:\Users\user\Documents\HSFlensburgMaster\Sommersemester2026\AdvancedDeepLearning\Projekt\Exoplanets\data\interim\spoc120_dataset_generation\samples\toi_6396_01.npz
2000,665.01,73723286,FP,14.066109,2458547.302488,3.4744355,16514.0482965,9.1116,6157.0,1.47641,155.637125,-40.516347,2019-05-06 19:17:04,2023-10-25 16:02:02,0,ok,True,5,15,validation,2090,9,success,28,0,15865,13.930348258706468,0.0,13.930348258706468,c:\Users\user\Documents\HSFlensburgMaster\Sommersemester2026\AdvancedDeepLearning\Projekt\Exoplanets\data\interim\spoc120_dataset_generation\samples\toi_665_01.npz
2001,6650.03,64837857,FP,8.9965133,2460599.086821,2.842,988.0,10.0252,6500.6,1.37,338.805332,54.773557,2025-01-09 23:38:23,2026-07-31 16:00:02,0,ok,True,4,11,train,2091,57,success,0,0,17990,0.0,0.0,0.0,c:\Users\user\Documents\HSFlensburgMaster\Sommersemester2026\AdvancedDeepLearning\Projekt\Exoplanets\data\interim\spoc120_dataset_generation\samples\toi_6650_03.npz
2002,6651.01,174328045,CP,5.0569708,2460601.085824,3.401,795.0,9.60892,5818.9,1.8,15.78859,35.389041,2023-09-21 21:30:24,2025-05-02 16:23:22,1,ok,True,1,11,train,2092,84,success,0,0,14810,0.0,0.0,0.0,c:\Users\user\Documents\HSFlensburgMaster\Sommersemester2026\AdvancedDeepLearning\Projekt\Exoplanets\data\interim\spoc120_dataset_generation\samples\toi_6651_01.npz
2003,6654.01,278726770,FP,9.5160032,2460973.585036,2.274422,527.949401,10.1032,4481.6,8.18,99.411971,-57.087293,2023-09-21 21:31:26,2026-02-02 10:08:01,0,ok,True,10,9,train,2093,87,success,0,0,14550,0.0,0.0,0.0,c:\Users\user\Documents\HSFlensburgMaster\Sommersemester2026\AdvancedDeepLearning\Projekt\Exoplanets\data\interim\spoc120_dataset_generation\samples\toi_6654_01.npz
2004,589.01,412961700,FP,2.5183846,2459230.346492,2.1596206,616.0227482,6.725,10817.0,5.7888398,127.222618,-20.950461,2019-04-13 05:20:07,2023-11-13 10:08:02,0,ok,True,3,19,test,2094,34,success,0,0,16889,0.0,0.0,0.0,c:\Users\user\Documents\HSFlensburgMaster\Sommersemester2026\AdvancedDeepLearning\Projekt\Exoplanets\data\interim\spoc120_dataset_generation\samples\toi_589_01.npz
2005,5892.01,375199523,FP,1.9447712,2459822.064534,1.345,2880.0,11.6866,5369.0,2.32,309.343258,6.152848,2022-11-08 19:58:08,2024-08-22 10:08:01,0,ok,True,1,11,train,2095,81,success,0,0,12915,0.0,0.0,0.0,c:\Users\user\Documents\HSFlensburgMaster\Sommersemester2026\AdvancedDeepLearning\Projekt\Exoplanets\data\interim\spoc120_dataset_generation\samples\toi_5892_01.npz
2006,590.01,270841724,FP,18.90372,2458522.02359,9.067,24270.0,10.441,,,132.068717,-47.114757,2019-04-13 05:20:07,2021-10-29 12:59:15,0,ok,True,2,14,validation,2096,35,success,53,0,13829,26.368159203980102,0.0,26.368159203980102,c:\Users\user\Documents\HSFlensburgMaster\Sommersemester2026\AdvancedDeepLearning\Projekt\Exoplanets\data\interim\spoc120_dataset_generation\samples\toi_590_01.npz
2007,5901.01,294173437,FP,5.555905,2459820.580689,3.459,3750.0,12.5454,5867.0,1.95,300.768857,50.507747,2022-11-08 19:58:12,2024-08-22 10:08:01,0,ok,True,4,11,train,2097,75,success,0,0,15874,0.0,0.0,0.0,c:\Users\user\Documents\HSFlensburgMaster\Sommersemester2026\AdvancedDeepLearning\Projekt\Exoplanets\data\interim\spoc120_dataset_generation\samples\toi_5901_01.npz
2008,6133.01,129107501,FP,3.6534344,2459850.633702,3.519,24705.0,11.5102,6364.0,1.32,341.854293,37.691036,2023-03-30 21:13:37,2024-09-02 12:03:01,0,ok,True,1,16,validation,2098,83,success,0,0,17330,0.0,0.0,0.0,c:\Users\user\Documents\HSFlensburgMaster\Sommersemester2026\AdvancedDeepLearning\Projekt\Exoplanets\data\interim\spoc120_dataset_generation\samples\toi_6133_01.npz
2009,614.01,118021229,FP,0.88501,2458518.2814,1.622,820.279,9.947331,5362.0,2.15,128.475094,-20.940646,2019-04-13 05:20:07,2021-10-29 12:59:15,0,ok,True,1,4,train,2099,34,success,0,0,16865,0.0,0.0,0.0,c:\Users\user\Documents\HSFlensburgMaster\Sommersemester2026\AdvancedDeepLearning\Projekt\Exoplanets\data\interim\spoc120_dataset_generation\samples\toi_614_01.npz
2010,6143.01,423903685,FP,4.0938735,2459845.510624,4.537,16964.0,12.266,5489.0,1.55,329.69363,22.952813,2023-03-30 21:13:38,2024-09-02 12:03:01,0,ok,True,2,6,train,2100,82,success,0,0,18138,0.0,0.0,0.0,c:\Users\user\Documents\HSFlensburgMaster\Sommersemester2026\AdvancedDeepLearning\Projekt\Exoplanets\data\interim\spoc120_dataset_generation\samples\toi_6143_01.npz
2011,6147.01,402740809,FA,1.5801759,2459851.468348,0.645,6187.0,12.95,4547.0,0.98,352.024332,23.749185,2023-03-30 21:13:39,2025-02-12 12:03:37,0,ok,True,1,12,train,2101,83,success,0,0,17330,0.0,0.0,0.0,c:\Users\user\Documents\HSFlensburgMaster\Sommersemester2026\AdvancedDeepLearning\Projekt\Exoplanets\data\interim\spoc120_dataset_generation\samples\toi_6147_01.npz
2012,615.01,190496853,CP,4.6616079,2460010.013606,4.007,11972.0,10.3015,7437.0,1.7,133.408689,-40.543701,2019-04-13 05:20:07,2023-04-12 16:02:02,1,ok,True,3,18,test,2102,35,success,0,0,13762,0.0,0.0,0.0,c:\Users\user\Documents\HSFlensburgMaster\Sommersemester2026\AdvancedDeepLearning\Projekt\Exoplanets\data\interim\spoc120_dataset_generation\samples\toi_615_01.npz
2013,6398.01,353586703,FP,3.0043128,2459961.599204,0.714,6000.0,12.1953,6405.0,1.17,96.518294,39.794575,2023-05-03 22:25:19,2024-08-22 10:08:01,0,ok,True,1,17,test,2103,73,success,0,0,12468,0.0,0.0,0.0,c:\Users\user\Documents\HSFlensburgMaster\Sommersemester2026\AdvancedDeepLearning\Projekt\Exoplanets\data\interim\spoc120_dataset_generation\samples\toi_6398_01.npz
2014,640.01,147977348,CP,5.0037758,2459250.338129,3.439,7390.0,10.0367,6442.0,2.09,99.734594,-36.64613,2019-05-06 17:51:17,2024-09-08 10:08:02,1,ok,True,3,3,train,2104,33,success,0,0,17456,0.0,0.0,0.0,c:\Users\user\Documents\HSFlensburgMaster\Sommersemester2026\AdvancedDeepLearning\Projekt\Exoplanets\data\interim\spoc120_dataset_generation\samples\toi_640_01.npz
2015,667.01,101955023,KP,1.6289322,2459280.989404,0.809276,2512.1192447,10.8372,3202.0,0.226407,153.70907,-47.154936,2019-05-07 15:39:33,2021-10-29 12:59:15,1,ok,True,6,5,train,2106,9,success,0,0,15869,0.0,0.0,0.0,c:\Users\user\Documents\HSFlensburgMaster\Sommersemester2026\AdvancedDeepLearning\Projekt\Exoplanets\data\interim\spoc120_dataset_generation\samples\toi_667_01.npz
2016,5908.01,452483795,FP,2.4515393,2459823.08489,3.005,7520.0,13.0008,7143.0,1.32,303.89385,24.521157,2022-11-08 19:58:15,2024-08-22 10:08:01,0,ok,True,1,12,train,2107,82,success,0,0,18137,0.0,0.0,0.0,c:\Users\user\Documents\HSFlensburgMaster\Sommersemester2026\AdvancedDeepLearning\Projekt\Exoplanets\data\interim\spoc120_dataset_generation\samples\toi_5908_01.npz
2017,5910.01,273774284,FP,17.2182695,2459821.923032,7.888,4810.0,13.4177,6330.0,1.29,297.982441,42.754529,2022-11-08 19:58:16,2024-08-22 10:08:01,0,ok,True,4,17,test,2108,74,success,3,0,18603,1.4925373134328357,0.0,1.4925373134328357,c:\Users\user\Documents\HSFlensburgMaster\Sommersemester2026\AdvancedDeepLearning\Projekt\Exoplanets\data\interim\spoc120_dataset_generation\samples\toi_5910_01.npz
2018,5915.01,329709756,FP,12.5482879,2459849.154995,3.396,49260.0,14.3196,3923.0,0.59,314.751697,47.54196,2022-11-08 19:58:18,2024-08-22 10:08:01,0,ok,True,3,1,train,2109,75,success,0,0,19473,0.0,0.0,0.0,c:\Users\user\Documents\HSFlensburgMaster\Sommersemester2026\AdvancedDeepLearning\Projekt\Exoplanets\data\interim\spoc120_dataset_generation\samples\toi_5915_01.npz
2019,5916.01,305506996,CP,2.3682389,2459817.689666,1.866,48700.0,14.5249,3504.0,0.49,325.299511,9.599053,2022-11-08 19:58:19,2025-10-16 12:03:52,1,ok,True,1,10,train,2110,82,success,0,0,16986,0.0,0.0,0.0,c:\Users\user\Documents\HSFlensburgMaster\Sommersemester2026\AdvancedDeepLearning\Projekt\Exoplanets\data\interim\spoc120_dataset_generation\samples\toi_5916_01.npz
2020,592.01,196286587,FP,10.4137962,2459974.937344,3.482,1948.0,10.1985,6439.3,1.97,125.557166,-25.06947,2019-04-13 05:20:07,2023-03-23 16:02:01,0,ok,True,2,15,validation,2111,34,success,0,0,16843,0.0,0.0,0.0,c:\Users\user\Documents\HSFlensburgMaster\Sommersemester2026\AdvancedDeepLearning\Projekt\Exoplanets\data\interim\spoc120_dataset_generation\samples\toi_592_01.npz
2021,6152.01,117068362,FP,4.2005957,2459849.027362,2.587,4448.0,12.1566,7803.0,1.67,319.267299,33.138041,2023-03-30 21:13:40,2024-08-22 10:08:01,0,ok,True,1,5,train,2112,82,success,0,0,17849,0.0,0.0,0.0,c:\Users\user\Documents\HSFlensburgMaster\Sommersemester2026\AdvancedDeepLearning\Projekt\Exoplanets\data\interim\spoc120_dataset_generation\samples\toi_6152_01.npz
2022,6157.01,86005116,FP,0.4916402,2459852.547945,0.453,29113.0,14.9131,3522.0,0.46,327.043547,23.112359,2023-03-30 21:13:40,2024-08-22 10:08:01,0,ok,True,1,13,train,2113,82,success,0,0,18137,0.0,0.0,0.0,c:\Users\user\Documents\HSFlensburgMaster\Sommersemester2026\AdvancedDeepLearning\Projekt\Exoplanets\data\interim\spoc120_dataset_generation\samples\toi_6157_01.npz
2023,6158.01,404456775,CP,3.0444485,2459851.207721,0.916,30036.0,14.5372,3413.0,0.47,333.894406,16.285392,2023-03-30 21:13:40,2025-10-16 12:03:52,1,ok,True,2,12,train,2114,82,success,0,0,16607,0.0,0.0,0.0,c:\Users\user\Documents\HSFlensburgMaster\Sommersemester2026\AdvancedDeepLearning\Projekt\Exoplanets\data\interim\spoc120_dataset_generation\samples\toi_6158_01.npz
2024,744.01,437242640,KP,4.3176859,2460031.706114,1.822,11283.0,9.7566,5700.0,1.11,165.399368,-23.860946,2019-05-15 18:24:37,2023-05-11 16:02:02,1,ok,True,5,2,train,2115,9,success,0,0,16023,0.0,0.0,0.0,c:\Users\user\Documents\HSFlensburgMaster\Sommersemester2026\AdvancedDeepLearning\Projekt\Exoplanets\data\interim\spoc120_dataset_generation\samples\toi_744_01.npz
2025,718.01,150247134,FA,12.8650769,2459144.828069,3.979,1070.0,11.4845,5031.0,0.81,94.167445,-62.648403,2019-05-24 15:54:20,2021-10-29 12:59:15,0,ok,True,23,18,test,2117,4,success,3,0,14630,1.4925373134328357,0.0,1.4925373134328357,c:\Users\user\Documents\HSFlensburgMaster\Sommersemester2026\AdvancedDeepLearning\Projekt\Exoplanets\data\interim\spoc120_dataset_generation\samples\toi_718_01.npz
2026,719.01,184952758,FP,4.109953,2460007.695053,4.641,434.0,9.0349,5653.0,0.97,128.144178,-36.346818,2019-05-24 15:54:20,2023-03-29 16:02:02,0,ok,True,2,8,train,2118,8,success,0,0,12953,0.0,0.0,0.0,c:\Users\user\Documents\HSFlensburgMaster\Sommersemester2026\AdvancedDeepLearning\Projekt\Exoplanets\data\interim\spoc120_dataset_generation\samples\toi_719_01.npz
2027,7457.01,272840455,KP,6.8733768,2459424.944384,6.5660399,3501.1631364,14.1348,6014.0,2.3646801,296.813688,47.526545,2025-06-05 20:40:12,2025-06-05 16:00:01,1,ok,True,8,14,validation,2119,41,success,0,0,18322,0.0,0.0,0.0,c:\Users\user\Documents\HSFlensburgMaster\Sommersemester2026\AdvancedDeepLearning\Projekt\Exoplanets\data\interim\spoc120_dataset_generation\samples\toi_7457_01.npz
2028,7458.01,169081296,KP,16.2385246,2458690.156638,3.2716962,684.9090611,9.85155,5740.0,0.952085,297.069826,40.525204,2025-06-05 20:40:12,2025-06-05 16:00:01,1,ok,True,7,11,train,2120,14,success,41,0,12559,20.398009950248756,0.0,20.398009950248756,c:\Users\user\Documents\HSFlensburgMaster\Sommersemester2026\AdvancedDeepLearning\Projekt\Exoplanets\data\interim\spoc120_dataset_generation\samples\toi_7458_01.npz
2029,765.01,219401954,FA,0.861484,2458570.226021,1.293669,286.708078,9.647,5724.7,1.45505,78.165188,-53.743438,2019-06-11 20:03:40,2026-07-25 16:00:02,0,ok,True,14,12,train,2121,3,success,0,0,12948,0.0,0.0,0.0,c:\Users\user\Documents\HSFlensburgMaster\Sommersemester2026\AdvancedDeepLearning\Projekt\Exoplanets\data\interim\spoc120_dataset_generation\samples\toi_765_01.npz
2030,766.01,219698950,KP,3.4464529,2458570.564724,2.462599,16320.7911726,11.5122,5870.0,0.913091,175.52524,-23.354845,2019-06-11 20:03:40,2024-04-25 10:08:01,1,ok,True,6,4,train,2122,10,success,0,0,14372,0.0,0.0,0.0,c:\Users\user\Documents\HSFlensburgMaster\Sommersemester2026\AdvancedDeepLearning\Projekt\Exoplanets\data\interim\spoc120_dataset_generation\samples\toi_766_01.npz
2031,696.01,77156829,CP,0.8602406,2458411.473627,0.5124345,719.5357708,10.4276,3450.0,0.33819,68.178987,-39.790874,2019-05-17 19:12:59,2024-09-10 10:08:02,1,ok,True,5,18,test,2123,4,success,0,0,14751,0.0,0.0,0.0,c:\Users\user\Documents\HSFlensburgMaster\Sommersemester2026\AdvancedDeepLearning\Projekt\Exoplanets\data\interim\spoc120_dataset_generation\samples\toi_696_01.npz
2032,696.02,77156829,CP,3.6942604,2458411.067517,1.1278521,832.8225921,10.4276,3450.0,0.33819,68.178987,-39.790874,2019-05-17 19:12:59,2021-10-29 12:59:15,1,ok,True,5,18,test,2124,4,success,0,0,14751,0.0,0.0,0.0,c:\Users\user\Documents\HSFlensburgMaster\Sommersemester2026\AdvancedDeepLearning\Projekt\Exoplanets\data\interim\spoc120_dataset_generation\samples\toi_696_02.npz
2033,720.01,131419878,FP,3.16043,2458494.08915,1.922,203.33,8.8154,6482.3,1.52,118.037196,-37.799016,2019-05-24 15:54:20,2021-12-07 16:02:02,0,ok,True,5,17,test,2125,7,success,0,0,16342,0.0,0.0,0.0,c:\Users\user\Documents\HSFlensburgMaster\Sommersemester2026\AdvancedDeepLearning\Projekt\Exoplanets\data\interim\spoc120_dataset_generation\samples\toi_720_01.npz
2034,7461.01,271052158,KP,5.9605542,2458713.371243,2.7022064,737.904182,11.9838,5219.54,0.943064,294.674151,42.075604,2025-06-05 20:40:12,2025-06-05 16:00:01,1,ok,True,9,11,train,2126,15,success,0,0,14481,0.0,0.0,0.0,c:\Users\user\Documents\HSFlensburgMaster\Sommersemester2026\AdvancedDeepLearning\Projekt\Exoplanets\data\interim\spoc120_dataset_generation\samples\toi_7461_01.npz
2035,7463.01,274198407,KP,4.662632,2459419.9931,2.8167212,1943.3492565,12.7994,5940.12,0.948492,298.482834,46.793636,2025-06-05 20:40:12,2025-06-05 16:00:01,1,ok,True,7,12,train,2127,41,success,0,0,18321,0.0,0.0,0.0,c:\Users\user\Documents\HSFlensburgMaster\Sommersemester2026\AdvancedDeepLearning\Projekt\Exoplanets\data\interim\spoc120_dataset_generation\samples\toi_7463_01.npz
2036,7469.01,187309502,KP,3.5868547,2460776.225269,2.1273101,13809.758268,14.1986,5036.0,0.980071,207.07829,-11.588988,2025-08-21 21:04:24,2025-08-27 12:03:56,1,ok,True,1,1,train,2128,91,success,0,0,11424,0.0,0.0,0.0,c:\Users\user\Documents\HSFlensburgMaster\Sommersemester2026\AdvancedDeepLearning\Projekt\Exoplanets\data\interim\spoc120_dataset_generation\samples\toi_7469_01.npz
2037,747.01,15445551,KP,1.6827917,2458569.66758,3.0314666,8131.4342611,10.349,6271.0,1.56803,185.324682,-52.840816,2019-06-05 19:57:31,2024-09-19 10:08:01,1,ok,True,6,9,train,2129,10,success,0,0,15046,0.0,0.0,0.0,c:\Users\user\Documents\HSFlensburgMaster\Sommersemester2026\AdvancedDeepLearning\Projekt\Exoplanets\data\interim\spoc120_dataset_generation\samples\toi_747_01.npz
2038,7471.01,46020827,KP,9.3911326,2460794.2165,4.5117643,6074.3894093,10.4725,5708.0,1.76693,214.059579,-19.542306,2025-08-21 21:04:24,2025-08-27 12:03:56,1,ok,True,1,16,validation,2131,91,success,0,0,11060,0.0,0.0,0.0,c:\Users\user\Documents\HSFlensburgMaster\Sommersemester2026\AdvancedDeepLearning\Projekt\Exoplanets\data\interim\spoc120_dataset_generation\samples\toi_7471_01.npz
2039,767.01,229047362,KP,3.764873,2458572.990673,2.759996,22257.118447,11.2175,5703.0,0.92,195.359758,-27.522227,2019-06-11 20:03:40,2021-10-29 12:59:15,1,ok,True,2,1,train,2132,10,success,0,0,14806,0.0,0.0,0.0,c:\Users\user\Documents\HSFlensburgMaster\Sommersemester2026\AdvancedDeepLearning\Projekt\Exoplanets\data\interim\spoc120_dataset_generation\samples\toi_767_01.npz
2040,696.03,77156829,CP,4.9652069,2458414.562933,0.9361524,633.0580849,10.4276,3450.0,0.33819,68.178987,-39.790874,2021-07-08 23:15:54,2024-09-10 10:08:02,1,ok,True,5,18,test,2133,4,success,0,0,14751,0.0,0.0,0.0,c:\Users\user\Documents\HSFlensburgMaster\Sommersemester2026\AdvancedDeepLearning\Projekt\Exoplanets\data\interim\spoc120_dataset_generation\samples\toi_696_03.npz
2041,6962.01,435339558,KP,21.9903619,2459456.138592,3.8732381,1122.3021089,11.2235,5294.0,1.33417,55.255931,13.519187,2024-04-03 22:41:11,2024-04-03 18:04:50,1,ok,True,5,1,train,2134,43,recovered,24,0,15611,11.940298507462686,0.0,11.940298507462686,c:\Users\user\Documents\HSFlensburgMaster\Sommersemester2026\AdvancedDeepLearning\Projekt\Exoplanets\data\interim\spoc120_dataset_generation\samples\toi_6962_01.npz
2042,6963.01,56658270,CP,8.8349261,2459475.615758,6.2442811,6132.2553437,12.8131,3303.0,1.1499799,63.928339,29.166542,2024-04-03 22:41:11,2025-04-21 12:03:49,1,ok,True,6,11,train,2135,43,success,0,0,15589,0.0,0.0,0.0,c:\Users\user\Documents\HSFlensburgMaster\Sommersemester2026\AdvancedDeepLearning\Projekt\Exoplanets\data\interim\spoc120_dataset_generation\samples\toi_6963_01.npz
2043,6967.01,27635334,KP,4.7335575,2459502.375963,3.2089234,930.2503519,11.6736,5496.0,1.75896,123.381848,16.419516,2024-04-03 22:41:12,2024-04-03 18:04:50,1,ok,True,5,2,train,2136,44,success,0,0,15238,0.0,0.0,0.0,c:\Users\user\Documents\HSFlensburgMaster\Sommersemester2026\AdvancedDeepLearning\Projekt\Exoplanets\data\interim\spoc120_dataset_generation\samples\toi_6967_01.npz
2044,6969.01,17129975,FP,1.5142292,2460340.479242,1.7190416,5271.4558635,12.367,6616.0,1.39196,308.160533,40.778443,2024-04-03 22:50:31,2025-03-24 12:04:03,0,ok,True,1,9,train,2137,75,success,0,0,19474,0.0,0.0,0.0,c:\Users\user\Documents\HSFlensburgMaster\Sommersemester2026\AdvancedDeepLearning\Projekt\Exoplanets\data\interim\spoc120_dataset_generation\samples\toi_6969_01.npz
2045,6970.01,271749758,KP,11.714447,2460342.99711,3.5131822,12763.9935022,13.9354,5165.0,0.885629,295.49671,42.537932,2024-04-03 22:50:32,2024-04-03 18:04:50,1,ok,True,4,2,train,2138,74,success,0,0,18604,0.0,0.0,0.0,c:\Users\user\Documents\HSFlensburgMaster\Sommersemester2026\AdvancedDeepLearning\Projekt\Exoplanets\data\interim\spoc120_dataset_generation\samples\toi_6970_01.npz
2046,7472.01,145368316,KP,1.6096874,2460775.659327,2.2918133,15269.5334453,11.6123,6472.0,1.14583,256.537555,-10.413007,2025-08-21 21:04:24,2025-08-27 12:03:56,1,ok,True,1,14,validation,2139,91,success,0,0,12513,0.0,0.0,0.0,c:\Users\user\Documents\HSFlensburgMaster\Sommersemester2026\AdvancedDeepLearning\Projekt\Exoplanets\data\interim\spoc120_dataset_generation\samples\toi_7472_01.npz
2047,7474.01,50171060,KP,1.257813,2460775.325905,0.979333,7385.3106816,10.0198,5340.0,1.02904,245.440553,-23.548273,2025-08-21 21:04:24,2025-08-27 12:03:56,1,ok,True,1,17,test,2140,91,success,0,0,12250,0.0,0.0,0.0,c:\Users\user\Documents\HSFlensburgMaster\Sommersemester2026\AdvancedDeepLearning\Projekt\Exoplanets\data\interim\spoc120_dataset_generation\samples\toi_7474_01.npz
2048,7476.01,442530946,KP,3.7130279,2460804.77465,3.3859417,10664.9875098,10.5959,5808.0,1.20191,315.477191,-13.433382,2025-09-03 20:59:10,2025-09-09 12:04:04,1,ok,True,1,14,validation,2141,92,success,0,0,15676,0.0,0.0,0.0,c:\Users\user\Documents\HSFlensburgMaster\Sommersemester2026\AdvancedDeepLearning\Projekt\Exoplanets\data\interim\spoc120_dataset_generation\samples\toi_7476_01.npz
2049,7477.01,126325985,KP,3.312816,2460804.314174,3.0522559,9473.166386,12.5192,5909.0,1.23194,294.306839,-22.204487,2025-09-03 20:59:10,2025-09-09 12:04:04,1,ok,True,1,13,train,2142,92,success,0,0,15538,0.0,0.0,0.0,c:\Users\user\Documents\HSFlensburgMaster\Sommersemester2026\AdvancedDeepLearning\Projekt\Exoplanets\data\interim\spoc120_dataset_generation\samples\toi_7477_01.npz
2050,7478.01,11270200,KP,3.1432403,2460806.062159,4.3767436,4968.9753741,12.2994,5780.0,,289.202402,-19.355923,2025-09-03 20:59:10,2025-09-09 12:04:04,1,ok,True,1,5,train,2143,92,success,0,0,15305,0.0,0.0,0.0,c:\Users\user\Documents\HSFlensburgMaster\Sommersemester2026\AdvancedDeepLearning\Projekt\Exoplanets\data\interim\spoc120_dataset_generation\samples\toi_7478_01.npz
2051,7479.01,77202722,KP,3.3566052,2460805.31211,2.4455576,17292.2979757,12.4035,5012.0,0.916939,313.900026,-18.971408,2025-09-03 20:59:10,2025-09-09 12:04:04,1,ok,True,1,11,train,2144,92,success,0,0,16128,0.0,0.0,0.0,c:\Users\user\Documents\HSFlensburgMaster\Sommersemester2026\AdvancedDeepLearning\Projekt\Exoplanets\data\interim\spoc120_dataset_generation\samples\toi_7479_01.npz
2052,748.01,104024556,KP,2.0219583,2460064.168409,2.681,10040.0,10.3182,7000.0,1.94,196.043793,-35.549529,2019-06-11 20:03:40,2023-06-28 10:10:02,1,ok,True,5,9,train,2145,10,success,0,0,15106,0.0,0.0,0.0,c:\Users\user\Documents\HSFlensburgMaster\Sommersemester2026\AdvancedDeepLearning\Projekt\Exoplanets\data\interim\spoc120_dataset_generation\samples\toi_748_01.npz
2053,7480.01,71841620,KP,5.084334,2460803.446331,5.0844391,5787.6432946,9.9543,5692.5,1.73938,305.095724,-19.314727,2025-09-03 20:59:10,2025-09-09 12:04:04,1,ok,True,1,17,test,2146,92,success,0,0,15461,0.0,0.0,0.0,c:\Users\user\Documents\HSFlensburgMaster\Sommersemester2026\AdvancedDeepLearning\Projekt\Exoplanets\data\interim\spoc120_dataset_generation\samples\toi_7480_01.npz
2054,7484.01,68952448,KP,4.6144478,2460803.328685,1.8613266,15541.995749,11.355,5417.0,0.831063,295.743849,-19.949731,2025-09-03 20:59:10,2025-09-09 12:04:04,1,ok,True,1,10,train,2147,92,success,0,0,15463,0.0,0.0,0.0,c:\Users\user\Documents\HSFlensburgMaster\Sommersemester2026\AdvancedDeepLearning\Projekt\Exoplanets\data\interim\spoc120_dataset_generation\samples\toi_7484_01.npz
2055,7683.01,441422655,KP,1.5435057,2460883.407275,1.9863723,25465.6222993,14.5499,4650.0,0.828853,311.258311,-35.427841,2026-01-15 22:17:54,2026-02-01 12:04:04,1,ok,True,2,11,train,2148,95,success,0,0,14985,0.0,0.0,0.0,c:\Users\user\Documents\HSFlensburgMaster\Sommersemester2026\AdvancedDeepLearning\Projekt\Exoplanets\data\interim\spoc120_dataset_generation\samples\toi_7683_01.npz
2056,6977.01,436575927,KP,5.0957983,2460250.885968,1.772,714.0,11.4398,4197.0,0.7,71.110002,16.518582,2024-04-25 22:44:01,2024-04-28 12:03:30,1,ok,True,4,7,train,2149,43,success,0,0,15605,0.0,0.0,0.0,c:\Users\user\Documents\HSFlensburgMaster\Sommersemester2026\AdvancedDeepLearning\Projekt\Exoplanets\data\interim\spoc120_dataset_generation\samples\toi_6977_01.npz
2057,6979.01,26078330,KP,8.754708,2459451.225412,3.4644403,1527.6748939,11.584,5888.0,0.889347,52.888852,22.434819,2024-05-30 23:28:24,2024-06-02 12:03:05,1,ok,True,5,4,train,2150,42,success,0,0,12319,0.0,0.0,0.0,c:\Users\user\Documents\HSFlensburgMaster\Sommersemester2026\AdvancedDeepLearning\Projekt\Exoplanets\data\interim\spoc120_dataset_generation\samples\toi_6979_01.npz
2058,7486.01,336732544,KP,3.2771118,2460805.293336,2.6850132,15566.1440892,13.3102,5451.0,0.944511,312.449308,-24.303506,2025-09-03 20:59:10,2025-09-09 12:04:04,1,ok,True,1,7,train,2152,92,success,0,0,15484,0.0,0.0,0.0,c:\Users\user\Documents\HSFlensburgMaster\Sommersemester2026\AdvancedDeepLearning\Projekt\Exoplanets\data\interim\spoc120_dataset_generation\samples\toi_7486_01.npz
2059,7487.01,301258470,KP,12.4563692,2460812.205917,3.6674288,10352.6423902,11.9039,5278.0,0.843307,351.135378,-5.164145,2025-09-03 20:59:10,2025-09-09 12:04:04,1,ok,True,2,9,train,2153,42,success,35,0,9332,17.412935323383085,0.0,17.412935323383085,c:\Users\user\Documents\HSFlensburgMaster\Sommersemester2026\AdvancedDeepLearning\Projekt\Exoplanets\data\interim\spoc120_dataset_generation\samples\toi_7487_01.npz
2060,7490.01,250977648,KP,4.6080854,2460807.332477,8.9037215,435.5578168,9.9735,4911.0,3.1205699,338.368209,-9.022941,2025-09-03 20:59:10,2025-09-09 12:04:04,1,ok,True,2,3,train,2154,42,success,0,0,9666,0.0,0.0,0.0,c:\Users\user\Documents\HSFlensburgMaster\Sommersemester2026\AdvancedDeepLearning\Projekt\Exoplanets\data\interim\spoc120_dataset_generation\samples\toi_7490_01.npz
2061,7491.01,119262291,KP,4.1747143,2460804.961676,3.8092867,14026.6940585,13.7805,5859.0,1.08854,291.478701,-23.202818,2025-09-03 20:59:11,2025-09-09 12:04:04,1,ok,True,1,2,train,2155,92,success,0,0,15242,0.0,0.0,0.0,c:\Users\user\Documents\HSFlensburgMaster\Sommersemester2026\AdvancedDeepLearning\Projekt\Exoplanets\data\interim\spoc120_dataset_generation\samples\toi_7491_01.npz
2062,7492.01,102068384,KP,2.5001361,2460804.761801,2.4822655,13027.0636057,12.9376,5160.0,0.998401,328.975921,-14.06844,2025-09-03 20:59:11,2025-09-09 12:04:04,1,ok,True,1,12,train,2156,92,success,0,0,16226,0.0,0.0,0.0,c:\Users\user\Documents\HSFlensburgMaster\Sommersemester2026\AdvancedDeepLearning\Projekt\Exoplanets\data\interim\spoc120_dataset_generation\samples\toi_7492_01.npz
2063,7493.01,12611594,KP,1.9155258,2460803.361443,3.5663951,7383.1867077,12.5866,5494.0,1.58042,290.81017,-20.166377,2025-09-03 20:59:11,2025-09-09 12:04:04,1,ok,True,1,6,train,2157,92,success,0,0,15001,0.0,0.0,0.0,c:\Users\user\Documents\HSFlensburgMaster\Sommersemester2026\AdvancedDeepLearning\Projekt\Exoplanets\data\interim\spoc120_dataset_generation\samples\toi_7493_01.npz
2064,7496.01,96847781,KP,3.5841,2460804.332152,2.689763,7727.5058354,13.8205,5553.0,1.11542,294.941689,-25.748366,2025-09-03 20:59:11,2025-09-09 12:04:04,1,ok,True,1,8,train,2158,92,success,0,0,15647,0.0,0.0,0.0,c:\Users\user\Documents\HSFlensburgMaster\Sommersemester2026\AdvancedDeepLearning\Projekt\Exoplanets\data\interim\spoc120_dataset_generation\samples\toi_7496_01.npz
2065,7497.01,130633912,KP,5.2913602,2460807.717198,3.5122145,11253.2758897,11.8543,5555.0,1.03676,289.391796,-16.871727,2025-09-03 20:59:11,2025-09-09 12:04:04,1,ok,True,1,6,train,2159,92,success,0,0,15183,0.0,0.0,0.0,c:\Users\user\Documents\HSFlensburgMaster\Sommersemester2026\AdvancedDeepLearning\Projekt\Exoplanets\data\interim\spoc120_dataset_generation\samples\toi_7497_01.npz
2066,7499.01,301031110,KP,3.8304162,2460803.441097,3.1251205,12299.893921,13.4041,5770.0,1.2148,300.428076,-26.077564,2025-09-03 20:59:11,2025-09-09 12:04:04,1,ok,True,1,15,validation,2160,92,success,0,0,15541,0.0,0.0,0.0,c:\Users\user\Documents\HSFlensburgMaster\Sommersemester2026\AdvancedDeepLearning\Projekt\Exoplanets\data\interim\spoc120_dataset_generation\samples\toi_7499_01.npz
2067,769.01,248075138,KP,4.9816784,2459332.02995,2.733,18110.0,11.3728,5315.0,0.79,192.981203,-42.073617,2019-06-11 20:03:40,2023-01-25 10:10:01,1,ok,True,4,3,train,2161,10,success,0,0,14928,0.0,0.0,0.0,c:\Users\user\Documents\HSFlensburgMaster\Sommersemester2026\AdvancedDeepLearning\Projekt\Exoplanets\data\interim\spoc120_dataset_generation\samples\toi_769_01.npz
2068,6989.01,261141602,FP,1.4956727,2460310.065308,1.965,3708.0,11.9409,4812.0,1.06,76.241952,43.258963,2024-05-30 23:38:57,2024-10-28 12:03:05,0,ok,True,1,16,validation,2162,86,success,0,0,11103,0.0,0.0,0.0,c:\Users\user\Documents\HSFlensburgMaster\Sommersemester2026\AdvancedDeepLearning\Projekt\Exoplanets\data\interim\spoc120_dataset_generation\samples\toi_6989_01.npz
2069,700.01,150428135,CP,16.051106,2459303.157062,1.3968229,2768.5212418,10.9102,3482.0,0.419457,97.095717,-65.578615,2019-04-30 13:04:28,2024-02-15 10:08:02,1,ok,True,37,13,train,2164,1,success,14,0,18279,6.965174129353234,0.0,6.965174129353234,c:\Users\user\Documents\HSFlensburgMaster\Sommersemester2026\AdvancedDeepLearning\Projekt\Exoplanets\data\interim\spoc120_dataset_generation\samples\toi_700_01.npz
2070,700.02,150428135,CP,37.4236838,2458330.486155,3.3650101,737.5519387,10.9102,3482.0,0.419457,97.095717,-65.578615,2019-04-30 13:04:28,2024-02-15 10:08:02,1,ok,True,37,13,train,2165,1,success,55,0,18279,27.363184079601986,0.0,27.363184079601986,c:\Users\user\Documents\HSFlensburgMaster\Sommersemester2026\AdvancedDeepLearning\Projekt\Exoplanets\data\interim\spoc120_dataset_generation\samples\toi_700_02.npz
2071,725.01,410245915,FP,0.9889446,2459986.360794,1.681,979.0,10.2658,6173.3,1.5,133.964876,-20.274779,2019-05-24 18:24:57,2023-03-08 10:10:02,0,ok,True,2,8,train,2166,8,success,0,0,12936,0.0,0.0,0.0,c:\Users\user\Documents\HSFlensburgMaster\Sommersemester2026\AdvancedDeepLearning\Projekt\Exoplanets\data\interim\spoc120_dataset_generation\samples\toi_725_01.npz
2072,726.01,174143743,FP,0.46132,2458492.31313,1.32,220.0,10.1007,6629.0,1.21,113.88333,-36.386962,2019-05-24 18:24:57,2021-10-29 12:59:15,0,ok,True,1,16,validation,2167,8,success,0,0,13006,0.0,0.0,0.0,c:\Users\user\Documents\HSFlensburgMaster\Sommersemester2026\AdvancedDeepLearning\Projekt\Exoplanets\data\interim\spoc120_dataset_generation\samples\toi_726_01.npz
2073,750.01,14614418,KP,0.8378453,2458569.538097,2.1590096,21355.7850721,13.3898,5600.0,1.01656,173.95742,-29.156064,2019-06-11 20:03:40,2024-09-19 10:08:01,1,ok,True,6,8,train,2168,10,success,0,0,13617,0.0,0.0,0.0,c:\Users\user\Documents\HSFlensburgMaster\Sommersemester2026\AdvancedDeepLearning\Projekt\Exoplanets\data\interim\spoc120_dataset_generation\samples\toi_750_01.npz
2074,7501.01,271898990,KP,1.747633,2460803.105262,2.1850556,16779.7987149,14.0739,5122.0,1.61423,311.092004,-19.437527,2025-09-03 20:59:11,2025-09-09 12:04:04,1,ok,True,1,5,train,2169,92,success,0,0,15385,0.0,0.0,0.0,c:\Users\user\Documents\HSFlensburgMaster\Sommersemester2026\AdvancedDeepLearning\Projekt\Exoplanets\data\interim\spoc120_dataset_generation\samples\toi_7501_01.npz
2075,7502.01,169504920,KP,3.1052319,2460803.114126,2.8083392,13036.1538292,11.9801,6297.0,1.29988,292.939782,-26.740202,2025-09-03 20:59:11,2025-09-09 12:04:04,1,ok,True,1,0,train,2170,92,success,0,0,15622,0.0,0.0,0.0,c:\Users\user\Documents\HSFlensburgMaster\Sommersemester2026\AdvancedDeepLearning\Projekt\Exoplanets\data\interim\spoc120_dataset_generation\samples\toi_7502_01.npz
2076,7503.01,11439959,KP,3.6188769,2460805.763535,4.3583808,12658.2718767,13.3735,5871.0,1.46198,289.40076,-22.390009,2025-09-03 20:59:11,2025-09-09 12:04:04,1,ok,True,1,0,train,2171,92,success,0,0,15389,0.0,0.0,0.0,c:\Users\user\Documents\HSFlensburgMaster\Sommersemester2026\AdvancedDeepLearning\Projekt\Exoplanets\data\interim\spoc120_dataset_generation\samples\toi_7503_01.npz
2077,751.01,14661418,KP,4.722816,2458570.990969,2.1894174,22675.3812671,12.4806,4803.0,0.793235,174.009869,-29.543364,2019-06-11 20:03:40,2024-09-19 10:08:01,1,ok,True,6,1,train,2172,10,success,0,0,13571,0.0,0.0,0.0,c:\Users\user\Documents\HSFlensburgMaster\Sommersemester2026\AdvancedDeepLearning\Projekt\Exoplanets\data\interim\spoc120_dataset_generation\samples\toi_751_01.npz
2078,7510.01,118798035,CP,11.5317273,2460847.17609,4.8139956,3881.313889,11.2937,5586.0,1.079,273.728188,-54.434055,2025-10-16 23:07:41,2025-10-17 12:03:54,1,ok,True,2,17,test,2173,103,success,0,0,15309,0.0,0.0,0.0,c:\Users\user\Documents\HSFlensburgMaster\Sommersemester2026\AdvancedDeepLearning\Projekt\Exoplanets\data\interim\spoc120_dataset_generation\samples\toi_7510_01.npz
2079,7510.02,118798035,CP,22.5709991,2460830.759391,5.2019019,5726.0209964,11.2937,5586.0,1.079,273.728188,-54.434055,2025-10-16 23:07:41,2025-10-17 12:03:54,1,ok,True,2,17,test,2174,103,success,21,0,15309,10.44776119402985,0.0,10.44776119402985,c:\Users\user\Documents\HSFlensburgMaster\Sommersemester2026\AdvancedDeepLearning\Projekt\Exoplanets\data\interim\spoc120_dataset_generation\samples\toi_7510_02.npz
2080,7718.01,37348844,KP,0.7668221,2460989.040876,1.1630505,27011.2228725,13.605,5780.0,1.0,91.87228,-25.594896,2026-04-09 21:15:49,2026-04-10 09:02:27,1,ok,True,2,9,train,2175,87,success,0,0,13832,0.0,0.0,0.0,c:\Users\user\Documents\HSFlensburgMaster\Sommersemester2026\AdvancedDeepLearning\Projekt\Exoplanets\data\interim\spoc120_dataset_generation\samples\toi_7718_01.npz
2081,7719.01,1333933,KP,3.2757945,2460989.988472,2.391701,11304.975042,13.9636,5620.0,0.955708,73.35531,-32.800348,2026-04-09 21:15:49,2026-04-10 09:02:27,1,ok,True,1,4,train,2176,98,success,0,0,30147,0.0,0.0,0.0,c:\Users\user\Documents\HSFlensburgMaster\Sommersemester2026\AdvancedDeepLearning\Projekt\Exoplanets\data\interim\spoc120_dataset_generation\samples\toi_7719_01.npz
2082,700.03,150428135,CP,9.977273,2458331.349645,2.2583631,459.8525479,10.9102,3482.0,0.419457,97.095717,-65.578615,2019-07-23 18:22:48,2024-02-15 10:08:02,1,ok,True,37,13,train,2177,1,success,0,0,18279,0.0,0.0,0.0,c:\Users\user\Documents\HSFlensburgMaster\Sommersemester2026\AdvancedDeepLearning\Projekt\Exoplanets\data\interim\spoc120_dataset_generation\samples\toi_700_03.npz
2083,700.04,150428135,CP,27.8096898,2458352.99952,2.9558823,406.8232517,10.9102,3482.0,0.419457,97.095717,-65.578615,2021-11-19 01:00:23,2024-02-15 10:08:02,1,ok,True,37,13,train,2178,1,success,8,0,18279,3.9800995024875623,0.0,3.9800995024875623,c:\Users\user\Documents\HSFlensburgMaster\Sommersemester2026\AdvancedDeepLearning\Projekt\Exoplanets\data\interim\spoc120_dataset_generation\samples\toi_700_04.npz
2084,701.01,219239945,FP,13.697384,2458389.366552,4.783848,1061.94658,10.966,5837.0,1.10089,64.52165,-53.80127,2019-05-17 19:12:59,2021-10-29 12:59:15,0,ok,True,7,13,train,2179,3,success,38,0,12553,18.90547263681592,0.0,18.90547263681592,c:\Users\user\Documents\HSFlensburgMaster\Sommersemester2026\AdvancedDeepLearning\Projekt\Exoplanets\data\interim\spoc120_dataset_generation\samples\toi_701_01.npz
2085,7511.01,146364192,KP,2.3691651,2459090.174433,2.2926887,316.0727654,10.4222,5394.0,0.930331,342.031649,-14.494779,2025-10-16 23:09:47,2025-10-17 10:08:01,1,ok,True,4,2,train,2181,29,success,0,0,14889,0.0,0.0,0.0,c:\Users\user\Documents\HSFlensburgMaster\Sommersemester2026\AdvancedDeepLearning\Projekt\Exoplanets\data\interim\spoc120_dataset_generation\samples\toi_7511_01.npz
2086,7512.01,380255458,KP,6.569208,2459559.04535,3.6617022,14456.0192142,12.0213,5712.0,1.01702,188.137317,-9.607611,2025-10-16 23:10:53,2025-10-17 10:08:01,1,ok,True,2,8,train,2182,46,success,0,0,15676,0.0,0.0,0.0,c:\Users\user\Documents\HSFlensburgMaster\Sommersemester2026\AdvancedDeepLearning\Projekt\Exoplanets\data\interim\spoc120_dataset_generation\samples\toi_7512_01.npz
2087,7513.01,56815340,KP,9.5802888,2459554.243825,3.1392827,354.2093066,8.56338,6498.0,1.2427,183.472474,-0.393436,2025-10-16 23:10:53,2025-10-17 10:08:01,1,ok,True,2,2,train,2183,46,success,0,0,16386,0.0,0.0,0.0,c:\Users\user\Documents\HSFlensburgMaster\Sommersemester2026\AdvancedDeepLearning\Projekt\Exoplanets\data\interim\spoc120_dataset_generation\samples\toi_7513_01.npz
2088,752.01,61538902,KP,5.7481323,2458573.686954,2.6600483,12259.4473284,11.3743,5900.0,1.12783,176.299052,-42.063958,2019-06-11 20:03:40,2024-09-19 10:08:01,1,ok,True,8,19,test,2185,10,success,0,0,14903,0.0,0.0,0.0,c:\Users\user\Documents\HSFlensburgMaster\Sommersemester2026\AdvancedDeepLearning\Projekt\Exoplanets\data\interim\spoc120_dataset_generation\samples\toi_752_01.npz
2089,776.01,306996324,CP,15.6653322,2458572.599749,2.9937799,1317.653048,9.73597,3806.0,0.533024,178.577997,-37.553357,2019-06-11 20:03:40,2024-10-03 10:08:02,1,ok,True,6,14,validation,2186,10,success,41,0,15207,20.398009950248756,0.0,20.398009950248756,c:\Users\user\Documents\HSFlensburgMaster\Sommersemester2026\AdvancedDeepLearning\Projekt\Exoplanets\data\interim\spoc120_dataset_generation\samples\toi_776_01.npz
2090,776.02,306996324,CP,8.2466133,2458571.415963,2.4120909,1071.2067848,9.73597,3806.0,0.533024,178.577997,-37.553357,2019-06-11 20:03:40,2024-10-03 10:08:02,1,ok,True,6,14,validation,2187,10,success,0,0,15207,0.0,0.0,0.0,c:\Users\user\Documents\HSFlensburgMaster\Sommersemester2026\AdvancedDeepLearning\Projekt\Exoplanets\data\interim\spoc120_dataset_generation\samples\toi_776_02.npz
2091,728.01,96097215,FA,1.60245,2458518.94089,0.312,890.0,10.5656,5648.0,0.98,146.891712,-7.33087,2019-05-24 18:24:57,2026-07-25 16:00:02,0,ok,True,2,6,train,2189,8,success,0,0,12978,0.0,0.0,0.0,c:\Users\user\Documents\HSFlensburgMaster\Sommersemester2026\AdvancedDeepLearning\Projekt\Exoplanets\data\interim\spoc120_dataset_generation\samples\toi_728_01.npz
2092,770.01,248111245,KP,4.6370479,2459310.764623,4.8238322,7765.9973286,12.3335,6438.0,1.68054,193.55246,-46.587716,2019-06-05 19:57:34,2022-03-30 10:10:02,1,ok,True,5,13,train,2190,10,success,0,0,14696,0.0,0.0,0.0,c:\Users\user\Documents\HSFlensburgMaster\Sommersemester2026\AdvancedDeepLearning\Projekt\Exoplanets\data\interim\spoc120_dataset_generation\samples\toi_770_01.npz
2093,771.01,277634430,CP,2.3260077,2459335.352285,0.9960868,3279.7891318,12.0874,3231.0,0.241857,164.11389,-72.985174,2019-06-05 19:57:34,2025-04-21 12:03:49,1,ok,True,7,5,train,2191,10,success,0,0,15541,0.0,0.0,0.0,c:\Users\user\Documents\HSFlensburgMaster\Sommersemester2026\AdvancedDeepLearning\Projekt\Exoplanets\data\interim\spoc120_dataset_generation\samples\toi_771_01.npz
2094,704.01,260004324,CP,3.8143009,2458327.416979,1.3793952,457.7909152,10.1428,3625.0,0.504068,91.089986,-55.311538,2019-04-30 13:04:28,2024-09-19 10:08:01,1,ok,True,42,1,train,2192,1,success,0,0,18278,0.0,0.0,0.0,c:\Users\user\Documents\HSFlensburgMaster\Sommersemester2026\AdvancedDeepLearning\Projekt\Exoplanets\data\interim\spoc120_dataset_generation\samples\toi_704_01.npz
2095,7041.01,201175570,CP,9.6994666,2460160.362835,15.7960068,512.9617961,10.264,4696.0,4.2105899,357.802172,-50.869862,2024-08-28 20:46:14,2024-10-16 12:02:49,1,ok,True,6,5,train,2193,68,success,0,0,13738,0.0,0.0,0.0,c:\Users\user\Documents\HSFlensburgMaster\Sommersemester2026\AdvancedDeepLearning\Projekt\Exoplanets\data\interim\spoc120_dataset_generation\samples\toi_7041_01.npz
2096,730.01,11561667,CP,3.0876297,2458543.868539,2.2386246,40411.8142459,14.9181,4105.0,0.69386,149.823667,-27.392817,2019-06-06 16:40:58,2024-02-15 10:08:02,1,ok,True,5,2,train,2194,9,success,0,0,15272,0.0,0.0,0.0,c:\Users\user\Documents\HSFlensburgMaster\Sommersemester2026\AdvancedDeepLearning\Projekt\Exoplanets\data\interim\spoc120_dataset_generation\samples\toi_730_01.npz
2097,731.01,34068865,CP,0.3219233,2460013.7131,0.199,204.0,8.031941,3518.0,0.46,146.121464,-45.779016,2019-06-06 16:40:58,2023-04-12 16:02:02,1,ok,True,7,5,train,2195,9,success,0,0,16524,0.0,0.0,0.0,c:\Users\user\Documents\HSFlensburgMaster\Sommersemester2026\AdvancedDeepLearning\Projekt\Exoplanets\data\interim\spoc120_dataset_generation\samples\toi_731_01.npz
2098,773.01,286865921,KP,4.971298,2459329.250355,3.283,12130.0,11.5037,5510.0,1.09,190.151956,-19.284353,2019-06-11 20:03:40,2023-01-25 10:10:01,1,ok,True,4,6,train,2196,10,success,0,0,14792,0.0,0.0,0.0,c:\Users\user\Documents\HSFlensburgMaster\Sommersemester2026\AdvancedDeepLearning\Projekt\Exoplanets\data\interim\spoc120_dataset_generation\samples\toi_773_01.npz
2099,775.01,304042899,FP,12.4458741,2459313.56423,11.5424587,7049.3777392,9.5369,6746.0,1.5288,164.799978,-59.23397,2019-06-05 19:57:34,2021-10-29 12:59:15,0,ok,True,3,15,validation,2197,10,success,0,0,16457,0.0,0.0,0.0,c:\Users\user\Documents\HSFlensburgMaster\Sommersemester2026\AdvancedDeepLearning\Projekt\Exoplanets\data\interim\spoc120_dataset_generation\samples\toi_775_01.npz
2100,7055.01,167227214,KP,3.1290476,2460482.92975,3.409295,13426.2063185,11.6961,5585.0,1.4505399,274.37327,-3.381059,2024-09-24 23:12:39,2024-10-02 12:02:55,1,ok,True,1,15,validation,2198,80,success,0,0,11801,0.0,0.0,0.0,c:\Users\user\Documents\HSFlensburgMaster\Sommersemester2026\AdvancedDeepLearning\Projekt\Exoplanets\data\interim\spoc120_dataset_generation\samples\toi_7055_01.npz
2101,7056.01,110178537,KP,2.993282,2460481.443181,2.5766956,14780.3009546,12.419,6343.0,1.58601,280.6873,5.937659,2024-09-24 23:12:39,2024-10-02 12:02:55,1,ok,True,1,2,train,2199,80,success,0,0,11952,0.0,0.0,0.0,c:\Users\user\Documents\HSFlensburgMaster\Sommersemester2026\AdvancedDeepLearning\Projekt\Exoplanets\data\interim\spoc120_dataset_generation\samples\toi_7056_01.npz
2102,7057.01,325670253,KP,3.3777419,2460480.135888,2.8147435,17290.4349881,12.8999,5080.0,1.0408,269.57207,5.761371,2024-09-24 23:12:39,2024-10-02 12:02:55,1,ok,True,1,3,train,2200,80,success,0,0,11594,0.0,0.0,0.0,c:\Users\user\Documents\HSFlensburgMaster\Sommersemester2026\AdvancedDeepLearning\Projekt\Exoplanets\data\interim\spoc120_dataset_generation\samples\toi_7057_01.npz
2103,7058.01,317520667,KP,2.4651801,2460480.429067,3.5668145,11993.572763,10.1154,6848.0,1.51554,274.743418,10.597197,2024-09-24 23:12:39,2024-10-02 12:02:55,1,ok,True,1,2,train,2201,80,success,0,0,11537,0.0,0.0,0.0,c:\Users\user\Documents\HSFlensburgMaster\Sommersemester2026\AdvancedDeepLearning\Projekt\Exoplanets\data\interim\spoc120_dataset_generation\samples\toi_7058_01.npz
2104,7059.01,104866616,KP,4.4626647,2460481.357046,3.0802705,7983.8270519,11.1323,7587.0,1.3951401,270.444183,-2.97098,2024-09-24 23:12:39,2024-10-02 12:02:55,1,ok,True,1,4,train,2202,80,success,0,0,11722,0.0,0.0,0.0,c:\Users\user\Documents\HSFlensburgMaster\Sommersemester2026\AdvancedDeepLearning\Projekt\Exoplanets\data\interim\spoc120_dataset_generation\samples\toi_7059_01.npz
2105,732.01,36724087,CP,0.7683904,2459988.468158,1.0241242,903.9933214,10.5848,3329.0,0.374139,154.644903,-11.717801,2019-06-06 16:40:58,2023-10-05 14:31:09,1,ok,True,5,17,test,2203,9,success,0,0,15578,0.0,0.0,0.0,c:\Users\user\Documents\HSFlensburgMaster\Sommersemester2026\AdvancedDeepLearning\Projekt\Exoplanets\data\interim\spoc120_dataset_generation\samples\toi_732_01.npz
2106,732.02,36724087,CP,12.2534308,2459992.612785,1.369949,3729.6347091,10.5848,3329.0,0.374139,154.644903,-11.717801,2019-06-06 16:40:58,2023-10-02 16:02:02,1,ok,True,5,17,test,2204,9,success,7,0,15578,3.482587064676617,0.0,3.482587064676617,c:\Users\user\Documents\HSFlensburgMaster\Sommersemester2026\AdvancedDeepLearning\Projekt\Exoplanets\data\interim\spoc120_dataset_generation\samples\toi_732_02.npz
2107,7324.01,210337597,FP,0.5257499,2460557.747746,0.864,1028.0,11.8096,4649.0,0.73,311.477076,21.453583,2025-03-06 22:41:36,2025-10-26 12:03:41,0,ok,True,1,11,train,2205,14,success,0,0,12611,0.0,0.0,0.0,c:\Users\user\Documents\HSFlensburgMaster\Sommersemester2026\AdvancedDeepLearning\Projekt\Exoplanets\data\interim\spoc120_dataset_generation\samples\toi_7324_01.npz
2108,755.01,73228647,CP,2.5404679,2460066.437431,2.154,572.0,9.4628,6003.0,0.99,190.036564,-44.312078,2019-06-11 20:03:40,2023-06-28 10:10:02,1,ok,True,5,6,train,2206,10,success,0,0,15416,0.0,0.0,0.0,c:\Users\user\Documents\HSFlensburgMaster\Sommersemester2026\AdvancedDeepLearning\Projekt\Exoplanets\data\interim\spoc120_dataset_generation\samples\toi_755_01.npz
2109,755.02,73228647,KP,6.7418796,2458576.159251,1.3710857,450.5420649,9.4628,6003.0,0.986649,190.036564,-44.312078,2024-02-01 22:49:16,2024-02-01 16:02:02,1,ok,True,5,6,train,2207,10,success,0,0,15416,0.0,0.0,0.0,c:\Users\user\Documents\HSFlensburgMaster\Sommersemester2026\AdvancedDeepLearning\Projekt\Exoplanets\data\interim\spoc120_dataset_generation\samples\toi_755_02.npz
2110,774.01,294301883,KP,4.4656306,2458573.614654,3.4927618,17361.1064238,11.3473,6070.0,1.09036,203.758195,-17.503496,2019-06-11 20:03:40,2026-01-15 16:00:02,1,ok,True,3,11,train,2208,10,success,0,0,15007,0.0,0.0,0.0,c:\Users\user\Documents\HSFlensburgMaster\Sommersemester2026\AdvancedDeepLearning\Projekt\Exoplanets\data\interim\spoc120_dataset_generation\samples\toi_774_01.npz
2111,7061.01,244089109,KP,2.1376682,2460532.279247,1.879,8819.0,9.13055,5806.0,1.6,304.538843,-1.076003,2024-10-03 21:17:07,2024-10-04 10:08:02,1,ok,True,1,16,validation,2209,81,success,0,0,14259,0.0,0.0,0.0,c:\Users\user\Documents\HSFlensburgMaster\Sommersemester2026\AdvancedDeepLearning\Projekt\Exoplanets\data\interim\spoc120_dataset_generation\samples\toi_7061_01.npz
2112,7066.01,405010127,KP,13.2341261,2460509.503679,2.3705157,18389.5092472,13.8215,5025.0,0.548929,291.063681,0.746014,2024-10-24 17:26:52,2024-11-13 12:03:28,1,ok,True,2,0,train,2210,81,recovered,3,0,14887,1.4925373134328357,0.0,1.4925373134328357,c:\Users\user\Documents\HSFlensburgMaster\Sommersemester2026\AdvancedDeepLearning\Projekt\Exoplanets\data\interim\spoc120_dataset_generation\samples\toi_7066_01.npz
2113,7067.01,139158696,KP,15.3573522,2460509.909088,3.5894467,21072.3970721,14.5293,5462.0,0.915391,295.287232,41.222003,2024-10-24 17:26:53,2024-11-13 12:03:28,1,ok,True,2,4,train,2211,81,success,6,0,18410,2.9850746268656714,0.0,2.9850746268656714,c:\Users\user\Documents\HSFlensburgMaster\Sommersemester2026\AdvancedDeepLearning\Projekt\Exoplanets\data\interim\spoc120_dataset_generation\samples\toi_7067_01.npz
2114,733.01,106402532,CP,4.8847937,2460030.757093,2.51,478.0,8.8411,5969.0,0.94,159.409318,-40.888259,2019-06-06 16:40:58,2023-05-05 16:02:01,1,ok,True,6,7,train,2212,9,success,0,0,15864,0.0,0.0,0.0,c:\Users\user\Documents\HSFlensburgMaster\Sommersemester2026\AdvancedDeepLearning\Projekt\Exoplanets\data\interim\spoc120_dataset_generation\samples\toi_733_01.npz
2115,734.01,146846569,FP,4.7535388,2458545.448428,1.0905965,225793.1060958,15.173,3010.0,0.20128,160.889636,-44.621815,2019-06-06 16:40:58,2025-09-04 16:00:02,0,ok,True,5,8,train,2213,9,success,0,0,15862,0.0,0.0,0.0,c:\Users\user\Documents\HSFlensburgMaster\Sommersemester2026\AdvancedDeepLearning\Projekt\Exoplanets\data\interim\spoc120_dataset_generation\samples\toi_734_01.npz
2116,756.01,73649615,CP,1.2392569,2458570.647157,1.0860452,2917.3714571,12.5554,3614.0,0.507628,192.103738,-45.470471,2019-06-05 19:57:31,2025-10-17 12:03:54,1,ok,True,5,19,test,2214,10,success,0,0,14909,0.0,0.0,0.0,c:\Users\user\Documents\HSFlensburgMaster\Sommersemester2026\AdvancedDeepLearning\Projekt\Exoplanets\data\interim\spoc120_dataset_generation\samples\toi_756_01.npz
2117,757.01,130924120,CP,17.4682298,2460039.192903,3.491,926.0,9.0498,5499.0,0.76,187.994843,-35.554452,2019-06-11 20:03:40,2025-04-21 12:03:49,1,ok,True,4,7,train,2215,10,success,38,0,15104,18.90547263681592,0.0,18.90547263681592,c:\Users\user\Documents\HSFlensburgMaster\Sommersemester2026\AdvancedDeepLearning\Projekt\Exoplanets\data\interim\spoc120_dataset_generation\samples\toi_757_01.npz
2118,6833.01,4610830,KP,8.2616616,2460219.144796,2.862,1343.0,11.5018,5281.0,0.86,348.949031,-10.849739,2023-12-07 19:23:07,2023-12-09 12:02:53,1,ok,True,2,6,train,2216,42,success,0,0,9029,0.0,0.0,0.0,c:\Users\user\Documents\HSFlensburgMaster\Sommersemester2026\AdvancedDeepLearning\Projekt\Exoplanets\data\interim\spoc120_dataset_generation\samples\toi_6833_01.npz
2119,6834.01,49735922,KP,6.3392677,2460226.787328,3.02,1739.0,12.1093,5289.0,0.93,352.713934,-11.077356,2023-12-07 19:23:07,2023-12-09 12:02:53,1,ok,True,3,3,train,2217,42,success,0,0,9338,0.0,0.0,0.0,c:\Users\user\Documents\HSFlensburgMaster\Sommersemester2026\AdvancedDeepLearning\Projekt\Exoplanets\data\interim\spoc120_dataset_generation\samples\toi_6834_01.npz
2120,6835.01,301235044,KP,0.2803246,2460232.513071,0.868,507.0,10.0298,4477.0,0.72,350.917046,-1.189183,2023-12-07 19:23:07,2023-12-09 12:02:53,1,ok,True,3,0,train,2218,42,success,0,0,11236,0.0,0.0,0.0,c:\Users\user\Documents\HSFlensburgMaster\Sommersemester2026\AdvancedDeepLearning\Projekt\Exoplanets\data\interim\spoc120_dataset_generation\samples\toi_6835_01.npz
2121,6836.01,422618449,KP,9.100412,2460229.092386,2.181,1085.0,9.3742,5013.7,0.77,353.954352,0.444704,2023-12-07 19:23:31,2023-12-09 12:02:53,1,ok,True,3,8,train,2219,42,success,0,0,11275,0.0,0.0,0.0,c:\Users\user\Documents\HSFlensburgMaster\Sommersemester2026\AdvancedDeepLearning\Projekt\Exoplanets\data\interim\spoc120_dataset_generation\samples\toi_6836_01.npz
2122,6838.01,278892590,KP,1.5109447,2460209.808352,0.6401499,10693.4881603,13.8529,5780.0,0.114827,346.626392,-5.043462,2023-12-07 19:23:48,2023-12-09 12:02:53,1,ok,True,1,15,validation,2220,70,success,0,0,13559,0.0,0.0,0.0,c:\Users\user\Documents\HSFlensburgMaster\Sommersemester2026\AdvancedDeepLearning\Projekt\Exoplanets\data\interim\spoc120_dataset_generation\samples\toi_6838_01.npz
2123,708.01,391821647,FP,1.995837,2458327.629889,6.5277544,442.0829981,10.8623,6636.0,0.975121,82.764859,-70.357179,2019-04-30 13:04:30,2026-04-15 10:08:02,0,ok,True,12,19,test,2221,1,success,0,0,18278,0.0,0.0,0.0,c:\Users\user\Documents\HSFlensburgMaster\Sommersemester2026\AdvancedDeepLearning\Projekt\Exoplanets\data\interim\spoc120_dataset_generation\samples\toi_708_01.npz
2124,735.01,150271680,FP,2.593694,2458543.967327,3.054429,526.784827,9.5215,5316.6,1.28725,94.754704,-63.864708,2019-05-15 18:24:34,2026-04-23 16:00:02,0,ok,True,31,13,train,2222,1,success,0,0,18277,0.0,0.0,0.0,c:\Users\user\Documents\HSFlensburgMaster\Sommersemester2026\AdvancedDeepLearning\Projekt\Exoplanets\data\interim\spoc120_dataset_generation\samples\toi_735_01.npz
2125,736.01,181804752,CP,4.9899176,2458546.508066,1.3819654,18931.4105812,13.5571,2940.0,0.17143,165.690484,-16.406444,2019-06-06 16:40:58,2024-02-15 10:08:02,1,ok,True,5,4,train,2223,9,success,0,0,15814,0.0,0.0,0.0,c:\Users\user\Documents\HSFlensburgMaster\Sommersemester2026\AdvancedDeepLearning\Projekt\Exoplanets\data\interim\spoc120_dataset_generation\samples\toi_736_01.npz
2126,736.02,181804752,CP,0.9479945,2458543.558006,0.564663,4200.52889,13.5571,2940.0,0.17143,165.690484,-16.406444,2019-06-06 16:40:58,2024-01-17 10:08:02,1,ok,True,5,4,train,2224,9,success,0,0,15814,0.0,0.0,0.0,c:\Users\user\Documents\HSFlensburgMaster\Sommersemester2026\AdvancedDeepLearning\Projekt\Exoplanets\data\interim\spoc120_dataset_generation\samples\toi_736_02.npz
2127,758.01,131081852,FP,13.2735914,2458575.745477,6.6959309,21146.5262939,9.957501,6072.0,1.26126,189.76217,-31.992266,2019-06-11 20:03:40,2025-12-11 10:08:01,0,ok,True,4,11,train,2225,10,success,32,0,14992,15.92039800995025,0.0,15.92039800995025,c:\Users\user\Documents\HSFlensburgMaster\Sommersemester2026\AdvancedDeepLearning\Projekt\Exoplanets\data\interim\spoc120_dataset_generation\samples\toi_758_01.npz
2128,685.01,281731203,KP,11.6332127,2460268.402363,5.081,3480.0,9.9623,5287.7,1.73,163.032312,0.493167,2019-05-07 15:39:33,2024-02-01 16:02:02,1,ok,True,5,5,train,2226,9,success,0,0,15782,0.0,0.0,0.0,c:\Users\user\Documents\HSFlensburgMaster\Sommersemester2026\AdvancedDeepLearning\Projekt\Exoplanets\data\interim\spoc120_dataset_generation\samples\toi_685_01.npz
2129,737.01,219189765,CP,1.7318529,2458544.430655,1.6919639,36359.4301748,14.7599,3394.0,0.615219,171.014792,-19.556959,2019-06-06 16:40:58,2024-02-13 10:08:02,1,ok,True,5,0,train,2228,9,success,0,0,15460,0.0,0.0,0.0,c:\Users\user\Documents\HSFlensburgMaster\Sommersemester2026\AdvancedDeepLearning\Projekt\Exoplanets\data\interim\spoc120_dataset_generation\samples\toi_737_01.npz
2130,6872.01,150096001,KP,11.0248821,2460251.64402,2.917,1943.0,12.3252,3798.0,0.46,70.149378,25.009813,2023-12-21 22:10:58,2024-01-07 12:02:46,1,ok,True,4,16,validation,2229,43,success,0,0,15288,0.0,0.0,0.0,c:\Users\user\Documents\HSFlensburgMaster\Sommersemester2026\AdvancedDeepLearning\Projekt\Exoplanets\data\interim\spoc120_dataset_generation\samples\toi_6872_01.npz
2131,6874.01,4426490,FP,2.668957,2460235.021932,2.7508738,17029.8720026,12.1616,5983.3,1.19683,116.578612,30.776661,2023-12-21 22:11:12,2024-01-31 12:03:06,0,ok,True,2,18,test,2230,71,success,0,0,14564,0.0,0.0,0.0,c:\Users\user\Documents\HSFlensburgMaster\Sommersemester2026\AdvancedDeepLearning\Projekt\Exoplanets\data\interim\spoc120_dataset_generation\samples\toi_6874_01.npz
2132,688.01,339636032,FP,6.8787507,2459986.414867,2.599,359.0,8.5885,6636.0,1.98,110.194274,-55.379531,2019-04-30 16:55:01,2023-03-08 16:02:02,0,ok,True,10,5,train,2232,6,success,0,0,14583,0.0,0.0,0.0,c:\Users\user\Documents\HSFlensburgMaster\Sommersemester2026\AdvancedDeepLearning\Projekt\Exoplanets\data\interim\spoc120_dataset_generation\samples\toi_688_01.npz
2133,712.01,150151262,CP,9.5313801,2460978.080561,1.6426425,910.0370283,9.9059,4504.0,0.72,92.936106,-65.825839,2019-05-20 19:32:04,2026-04-09 16:00:01,1,ok,True,30,7,train,2233,3,success,0,1,12651,0.0,1.639344262295082,1.639344262295082,c:\Users\user\Documents\HSFlensburgMaster\Sommersemester2026\AdvancedDeepLearning\Projekt\Exoplanets\data\interim\spoc120_dataset_generation\samples\toi_712_01.npz
2134,7383.01,11755687,KP,3.0522686,2460663.454963,2.2564388,15853.2048135,12.4821,5370.0,0.962287,90.643666,-0.57711,2025-04-10 23:13:18,2025-04-14 12:03:26,1,ok,True,1,15,validation,2237,87,success,0,0,14094,0.0,0.0,0.0,c:\Users\user\Documents\HSFlensburgMaster\Sommersemester2026\AdvancedDeepLearning\Projekt\Exoplanets\data\interim\spoc120_dataset_generation\samples\toi_7383_01.npz
2135,6882.01,293075732,FP,0.5666806,2460098.202957,0.722,1530.0,12.7726,5517.0,1.65,254.242045,-68.709846,2024-02-01 21:36:43,2024-09-10 10:08:02,0,ok,True,1,3,train,2238,66,success,0,0,14106,0.0,0.0,0.0,c:\Users\user\Documents\HSFlensburgMaster\Sommersemester2026\AdvancedDeepLearning\Projekt\Exoplanets\data\interim\spoc120_dataset_generation\samples\toi_6882_01.npz
2136,689.01,445822015,FP,1.66402,2458545.05695,3.397,7964.45,10.7014,4841.3,0.78,147.005591,-48.320751,2019-05-07 15:39:33,2026-04-15 16:00:01,0,ok,True,2,7,train,2240,9,success,0,0,16235,0.0,0.0,0.0,c:\Users\user\Documents\HSFlensburgMaster\Sommersemester2026\AdvancedDeepLearning\Projekt\Exoplanets\data\interim\spoc120_dataset_generation\samples\toi_689_01.npz
2137,6894.01,67512645,CP,3.3706303,2459639.258654,1.5183944,166589.9107386,14.9046,3133.0,0.222121,173.469142,12.451091,2024-02-01 21:37:10,2025-07-22 12:04:25,1,ok,True,1,16,validation,2241,72,success,0,0,14609,0.0,0.0,0.0,c:\Users\user\Documents\HSFlensburgMaster\Sommersemester2026\AdvancedDeepLearning\Projekt\Exoplanets\data\interim\spoc120_dataset_generation\samples\toi_6894_01.npz
2138,6895.01,252537013,FP,7.0469712,2460600.030798,2.551,1020.0,10.4505,5940.0,1.2,344.835029,52.066799,2024-02-01 22:28:20,2024-12-04 16:02:02,0,ok,True,2,2,train,2242,77,success,3,3,11770,1.4925373134328357,4.918032786885246,4.918032786885246,c:\Users\user\Documents\HSFlensburgMaster\Sommersemester2026\AdvancedDeepLearning\Projekt\Exoplanets\data\interim\spoc120_dataset_generation\samples\toi_6895_01.npz
2139,7137.01,161687209,FP,1.2529962,2460556.902324,1.083,14080.0,12.8161,4220.0,0.75,236.054241,58.553688,2024-10-24 17:30:22,2025-04-29 16:00:02,0,ok,True,4,14,validation,2243,76,success,0,0,12087,0.0,0.0,0.0,c:\Users\user\Documents\HSFlensburgMaster\Sommersemester2026\AdvancedDeepLearning\Projekt\Exoplanets\data\interim\spoc120_dataset_generation\samples\toi_7137_01.npz
2140,7393.01,165598669,CP,3.3370666,2460369.408442,1.4698923,31534.6212557,13.4832,3846.77,0.696696,227.359837,55.981056,2025-05-01 19:36:00,2026-05-01 12:03:35,1,ok,True,2,4,train,2244,76,success,0,0,13339,0.0,0.0,0.0,c:\Users\user\Documents\HSFlensburgMaster\Sommersemester2026\AdvancedDeepLearning\Projekt\Exoplanets\data\interim\spoc120_dataset_generation\samples\toi_7393_01.npz
2141,7394.01,161687211,CP,1.2529966,2460556.902315,1.2067305,31852.8076269,13.7088,3722.0,0.593558,236.055193,58.552762,2025-05-01 19:36:00,2026-05-01 12:03:35,1,ok,True,4,13,train,2245,76,success,0,0,12087,0.0,0.0,0.0,c:\Users\user\Documents\HSFlensburgMaster\Sommersemester2026\AdvancedDeepLearning\Projekt\Exoplanets\data\interim\spoc120_dataset_generation\samples\toi_7394_01.npz
2142,7396.01,273690178,KP,14.8589888,2458690.740709,2.8916037,4164.2633575,12.9879,5359.0,0.951815,298.079445,44.746248,2025-05-01 19:36:00,2025-05-01 16:00:02,1,ok,True,6,17,test,2247,14,success,12,0,18423,5.970149253731343,0.0,5.970149253731343,c:\Users\user\Documents\HSFlensburgMaster\Sommersemester2026\AdvancedDeepLearning\Projekt\Exoplanets\data\interim\spoc120_dataset_generation\samples\toi_7396_01.npz
2143,762.01,178709444,CP,3.4716808,2459329.505631,1.3816978,30624.6434599,13.6615,3399.0,0.426785,166.074742,-47.821496,2019-06-11 20:03:40,2025-04-21 12:03:49,1,ok,True,7,14,validation,2248,10,success,0,0,13789,0.0,0.0,0.0,c:\Users\user\Documents\HSFlensburgMaster\Sommersemester2026\AdvancedDeepLearning\Projekt\Exoplanets\data\interim\spoc120_dataset_generation\samples\toi_762_01.npz
2144,690.01,101497191,FP,3.64376,2458547.35119,3.38,3632.91,10.298,5463.2,,149.225807,-33.799397,2019-05-07 15:39:33,2026-04-15 16:00:01,0,ok,True,3,5,train,2249,9,success,0,0,15621,0.0,0.0,0.0,c:\Users\user\Documents\HSFlensburgMaster\Sommersemester2026\AdvancedDeepLearning\Projekt\Exoplanets\data\interim\spoc120_dataset_generation\samples\toi_690_01.npz
2145,691.01,156991337,FP,6.9055908,2460684.183192,1.7156097,803.795684,10.234,5846.0,,99.953812,-42.045199,2019-05-02 15:06:42,2025-05-02 16:00:02,0,ok,True,3,12,train,2250,6,success,0,0,14584,0.0,0.0,0.0,c:\Users\user\Documents\HSFlensburgMaster\Sommersemester2026\AdvancedDeepLearning\Projekt\Exoplanets\data\interim\spoc120_dataset_generation\samples\toi_691_01.npz
2146,715.01,271971130,CP,19.2879579,2458327.552087,2.1841643,4773.5508832,13.5308,3075.0,0.229824,113.852328,-73.577409,2019-05-24 15:31:12,2025-07-09 16:00:02,1,ok,True,43,1,train,2251,1,success,11,0,18279,5.472636815920398,0.0,5.472636815920398,c:\Users\user\Documents\HSFlensburgMaster\Sommersemester2026\AdvancedDeepLearning\Projekt\Exoplanets\data\interim\spoc120_dataset_generation\samples\toi_715_01.npz
2147,741.01,359271092,CP,7.5768334,2460006.41417,2.073,289.0,7.66874,3766.0,0.53,140.399376,-60.281169,2019-06-06 16:40:58,2025-04-21 12:03:49,1,ok,True,7,19,test,2252,9,success,0,0,16170,0.0,0.0,0.0,c:\Users\user\Documents\HSFlensburgMaster\Sommersemester2026\AdvancedDeepLearning\Projekt\Exoplanets\data\interim\spoc120_dataset_generation\samples\toi_741_01.npz
2148,742.01,373424049,FP,0.961917,2460745.307622,2.378514,363.5801833,8.6333,8688.0,1.82039,140.056794,-53.119685,2019-06-06 16:40:58,2025-10-21 16:00:01,0,ok,True,4,17,test,2253,9,success,0,0,16520,0.0,0.0,0.0,c:\Users\user\Documents\HSFlensburgMaster\Sommersemester2026\AdvancedDeepLearning\Projekt\Exoplanets\data\interim\spoc120_dataset_generation\samples\toi_742_01.npz
2149,763.01,178819686,CP,5.6057748,2460046.424157,3.0213897,701.1882316,9.5275,5767.0,0.906761,194.468098,-39.758061,2019-06-11 20:03:40,2024-01-30 16:02:02,1,ok,True,5,5,train,2254,10,success,0,0,15416,0.0,0.0,0.0,c:\Users\user\Documents\HSFlensburgMaster\Sommersemester2026\AdvancedDeepLearning\Projekt\Exoplanets\data\interim\spoc120_dataset_generation\samples\toi_763_01.npz
2150,763.02,178819686,CP,12.2772444,2460046.212045,3.8398889,869.4629182,9.5275,5767.0,0.906761,194.468098,-39.758061,2019-06-11 20:03:40,2024-01-30 16:02:02,1,ok,True,5,5,train,2255,10,success,0,0,15416,0.0,0.0,0.0,c:\Users\user\Documents\HSFlensburgMaster\Sommersemester2026\AdvancedDeepLearning\Projekt\Exoplanets\data\interim\spoc120_dataset_generation\samples\toi_763_02.npz
2151,692.01,320417762,FA,1.03604,2458491.74051,1.855,250.0,9.0188,9622.0,2.74,118.004229,10.249288,2019-05-17 19:12:59,2021-10-29 12:59:15,0,ok,True,8,16,validation,2256,7,success,0,0,16334,0.0,0.0,0.0,c:\Users\user\Documents\HSFlensburgMaster\Sommersemester2026\AdvancedDeepLearning\Projekt\Exoplanets\data\interim\spoc120_dataset_generation\samples\toi_692_01.npz
2152,6921.01,58474992,FP,25.714253,2460195.279658,6.373,33131.0,12.1157,5677.8,0.86,65.839526,24.897315,2024-02-29 23:27:22,2025-07-16 16:00:01,0,ok,True,2,12,train,2257,43,success,29,0,15609,14.427860696517413,0.0,14.427860696517413,c:\Users\user\Documents\HSFlensburgMaster\Sommersemester2026\AdvancedDeepLearning\Projekt\Exoplanets\data\interim\spoc120_dataset_generation\samples\toi_6921_01.npz
2153,716.01,119081096,FP,0.83707,2458518.10991,2.497,2745.5,12.4268,3776.0,0.52,136.238912,-18.502674,2019-05-24 15:54:20,2021-10-29 12:59:15,0,ok,True,2,14,validation,2258,8,success,0,0,12904,0.0,0.0,0.0,c:\Users\user\Documents\HSFlensburgMaster\Sommersemester2026\AdvancedDeepLearning\Projekt\Exoplanets\data\interim\spoc120_dataset_generation\samples\toi_716_01.npz
2154,7165.01,239277658,KP,3.2509657,2460534.504554,3.2261161,7218.2612358,14.1223,5757.0,1.49959,300.102351,45.762192,2024-11-14 22:35:59,2024-11-23 12:03:04,1,ok,True,7,8,train,2260,41,success,0,0,18320,0.0,0.0,0.0,c:\Users\user\Documents\HSFlensburgMaster\Sommersemester2026\AdvancedDeepLearning\Projekt\Exoplanets\data\interim\spoc120_dataset_generation\samples\toi_7165_01.npz
2155,7166.01,288421619,CP,12.9228111,2460537.646846,1.5980207,8723.2564459,13.123,3166.0,0.223377,320.680636,8.889398,2024-11-14 22:35:59,2025-12-09 12:03:42,1,ok,True,1,15,validation,2261,82,success,2,0,17191,0.9950248756218906,0.0,0.9950248756218906,c:\Users\user\Documents\HSFlensburgMaster\Sommersemester2026\AdvancedDeepLearning\Projekt\Exoplanets\data\interim\spoc120_dataset_generation\samples\toi_7166_01.npz
2156,7168.01,427685831,KP,1.7497746,2460560.085062,1.8691036,29973.7051609,11.3819,5087.0,0.856841,348.494793,8.761079,2024-11-14 22:37:14,2024-11-23 12:03:04,1,ok,True,1,6,train,2262,83,success,0,0,17329,0.0,0.0,0.0,c:\Users\user\Documents\HSFlensburgMaster\Sommersemester2026\AdvancedDeepLearning\Projekt\Exoplanets\data\interim\spoc120_dataset_generation\samples\toi_7168_01.npz
2157,717.01,275248683,FP,0.53079,2458518.26617,1.238,1113.07,11.4407,3788.4,,147.970536,2.116647,2019-05-24 15:54:20,2021-12-07 16:02:02,0,ok,True,5,17,test,2263,8,success,0,0,13005,0.0,0.0,0.0,c:\Users\user\Documents\HSFlensburgMaster\Sommersemester2026\AdvancedDeepLearning\Projekt\Exoplanets\data\interim\spoc120_dataset_generation\samples\toi_717_01.npz
2158,7173.01,268727719,FP,0.6257352,2460584.788484,0.8361985,13403.1636987,13.3892,3718.0,0.593043,347.956369,65.229824,2024-12-13 00:35:54,2025-09-12 12:03:35,0,ok,True,2,10,train,2264,84,success,0,0,16718,0.0,0.0,0.0,c:\Users\user\Documents\HSFlensburgMaster\Sommersemester2026\AdvancedDeepLearning\Projekt\Exoplanets\data\interim\spoc120_dataset_generation\samples\toi_7173_01.npz
2159,7852.01,951438622,KP,0.2359467,2461100.832208,0.5,284760.9684006,18.8086,5780.0,1.0,187.568931,-26.930961,2026-06-25 22:56:38,2026-07-06 15:29:20,1,ok,True,1,4,train,2265,101,success,0,0,15269,0.0,0.0,0.0,c:\Users\user\Documents\HSFlensburgMaster\Sommersemester2026\AdvancedDeepLearning\Projekt\Exoplanets\data\interim\spoc120_dataset_generation\samples\toi_7852_01.npz
2160,971.01,177722855,FP,2.3960724,2459225.430047,4.53,680.0,10.5224,5743.0,1.37,107.42144,-11.328877,2019-07-24 15:58:33,2024-09-09 10:08:01,0,ok,True,1,0,train,2267,33,success,0,0,17458,0.0,0.0,0.0,c:\Users\user\Documents\HSFlensburgMaster\Sommersemester2026\AdvancedDeepLearning\Projekt\Exoplanets\data\interim\spoc120_dataset_generation\samples\toi_971_01.npz
2161,972.01,125894957,FP,2.67425,2458493.15026,3.779,1920.0,10.5484,4770.0,36.51,115.280389,-26.070939,2019-07-24 15:58:33,2022-07-11 16:02:02,0,ok,True,1,10,train,2268,34,success,0,0,16817,0.0,0.0,0.0,c:\Users\user\Documents\HSFlensburgMaster\Sommersemester2026\AdvancedDeepLearning\Projekt\Exoplanets\data\interim\spoc120_dataset_generation\samples\toi_972_01.npz
2162,973.01,409459226,FP,1.27997,2458491.82839,2.425,790.0,10.5816,3435.0,102.03,109.950322,-11.942687,2019-07-24 15:58:33,2022-07-11 16:02:02,0,ok,True,2,15,validation,2269,33,success,0,0,17457,0.0,0.0,0.0,c:\Users\user\Documents\HSFlensburgMaster\Sommersemester2026\AdvancedDeepLearning\Projekt\Exoplanets\data\interim\spoc120_dataset_generation\samples\toi_973_01.npz
2163,974.01,333821572,FP,2.8259491,2459985.027628,2.409,2206.0,10.4337,8192.0,1.84,116.274911,-17.17511,2019-07-24 15:58:33,2023-03-08 16:02:02,0,ok,True,1,1,train,2270,34,success,0,0,16900,0.0,0.0,0.0,c:\Users\user\Documents\HSFlensburgMaster\Sommersemester2026\AdvancedDeepLearning\Projekt\Exoplanets\data\interim\spoc120_dataset_generation\samples\toi_974_01.npz
2164,975.01,133654092,FP,1.97353,2458493.1271,2.169,867.428,10.4527,2828.0,,121.185099,-41.559812,2019-07-24 15:58:33,2021-10-29 12:59:15,0,ok,True,2,7,train,2271,34,success,0,0,16941,0.0,0.0,0.0,c:\Users\user\Documents\HSFlensburgMaster\Sommersemester2026\AdvancedDeepLearning\Projekt\Exoplanets\data\interim\spoc120_dataset_generation\samples\toi_975_01.npz
2165,976.01,347098457,FP,3.1510408,2459230.210781,2.9657375,2025.1072724,10.4856,4240.0,49.1612,117.470237,-16.023413,2019-07-24 15:58:33,2021-10-29 12:59:15,0,ok,True,1,16,validation,2272,34,success,0,0,16875,0.0,0.0,0.0,c:\Users\user\Documents\HSFlensburgMaster\Sommersemester2026\AdvancedDeepLearning\Projekt\Exoplanets\data\interim\spoc120_dataset_generation\samples\toi_976_01.npz
2166,977.01,268371979,FP,2.78102,2458492.39581,1.657,748.64,10.5153,4538.0,0.74,105.063071,-2.347448,2019-07-24 15:58:33,2021-10-29 12:59:15,0,ok,True,1,2,train,2273,33,success,0,0,17386,0.0,0.0,0.0,c:\Users\user\Documents\HSFlensburgMaster\Sommersemester2026\AdvancedDeepLearning\Projekt\Exoplanets\data\interim\spoc120_dataset_generation\samples\toi_977_01.npz
2167,979.01,5772442,FP,1.10578,2458492.50181,1.87,672.523,10.351,5650.4,2.62,111.766458,-7.129696,2019-07-24 15:58:33,2021-10-29 12:59:15,0,ok,True,1,4,train,2274,34,success,0,0,16716,0.0,0.0,0.0,c:\Users\user\Documents\HSFlensburgMaster\Sommersemester2026\AdvancedDeepLearning\Projekt\Exoplanets\data\interim\spoc120_dataset_generation\samples\toi_979_01.npz
2168,980.01,93594834,FP,1.3387555,2459228.778145,3.2413088,357.2449276,10.3138,5322.0,1.96337,114.420797,-7.33674,2019-07-24 15:58:33,2024-09-09 10:08:01,0,ok,True,1,17,test,2275,34,success,0,0,16772,0.0,0.0,0.0,c:\Users\user\Documents\HSFlensburgMaster\Sommersemester2026\AdvancedDeepLearning\Projekt\Exoplanets\data\interim\spoc120_dataset_generation\samples\toi_980_01.npz
2169,981.01,127476180,FP,1.6038093,2460715.502404,2.253,1190.6782952,10.2957,6711.0,1.48129,117.113226,-28.204828,2019-07-24 15:58:33,2025-07-31 10:39:19,0,ok,True,1,19,test,2276,61,success,0,0,15779,0.0,0.0,0.0,c:\Users\user\Documents\HSFlensburgMaster\Sommersemester2026\AdvancedDeepLearning\Projekt\Exoplanets\data\interim\spoc120_dataset_generation\samples\toi_981_01.npz
2170,982.01,177126182,FP,6.3037582,2459216.0127,3.757,1700.0,10.3075,8502.0,3.08,106.405063,-11.979855,2019-07-24 15:58:33,2024-09-09 10:08:01,0,ok,True,1,17,test,2277,33,success,0,0,17458,0.0,0.0,0.0,c:\Users\user\Documents\HSFlensburgMaster\Sommersemester2026\AdvancedDeepLearning\Projekt\Exoplanets\data\interim\spoc120_dataset_generation\samples\toi_982_01.npz
2171,983.01,148659924,FP,7.3816254,2459973.559152,4.696,2546.0,10.3437,9260.2,,114.864422,-32.903754,2019-07-24 15:58:33,2023-03-08 10:10:02,0,ok,True,1,13,train,2278,34,success,0,0,16818,0.0,0.0,0.0,c:\Users\user\Documents\HSFlensburgMaster\Sommersemester2026\AdvancedDeepLearning\Projekt\Exoplanets\data\interim\spoc120_dataset_generation\samples\toi_983_01.npz
2172,984.01,33091633,FP,7.52118,2458495.71336,6.133,50623.3,10.2763,6184.6,0.52,104.87593,-4.812169,2019-07-24 15:58:33,2021-10-29 12:59:15,0,ok,True,2,15,validation,2279,33,success,0,0,17399,0.0,0.0,0.0,c:\Users\user\Documents\HSFlensburgMaster\Sommersemester2026\AdvancedDeepLearning\Projekt\Exoplanets\data\interim\spoc120_dataset_generation\samples\toi_984_01.npz
2173,986.01,320536216,FP,0.5476699,2460716.58341,1.038,2886.4723578,10.1796,8274.5,1.65,120.105441,10.343871,2019-07-24 15:58:33,2025-12-11 10:08:01,0,ok,True,8,9,train,2280,34,success,0,0,16845,0.0,0.0,0.0,c:\Users\user\Documents\HSFlensburgMaster\Sommersemester2026\AdvancedDeepLearning\Projekt\Exoplanets\data\interim\spoc120_dataset_generation\samples\toi_986_01.npz
2174,987.01,52548453,FP,5.2146757,2460686.110094,4.9830634,3754.150648,10.1887,6080.0,2.27,100.9257,-30.491967,2019-07-24 15:58:33,2025-05-16 16:00:02,0,ok,True,1,18,test,2281,33,success,0,0,17456,0.0,0.0,0.0,c:\Users\user\Documents\HSFlensburgMaster\Sommersemester2026\AdvancedDeepLearning\Projekt\Exoplanets\data\interim\spoc120_dataset_generation\samples\toi_987_01.npz
2175,988.01,113553629,FP,4.30438,2458491.91542,3.037,672.002,10.1989,6056.9,4.82,113.424039,-30.996054,2019-07-24 15:58:33,2021-10-29 12:59:15,0,ok,True,1,15,validation,2282,34,success,0,0,16817,0.0,0.0,0.0,c:\Users\user\Documents\HSFlensburgMaster\Sommersemester2026\AdvancedDeepLearning\Projekt\Exoplanets\data\interim\spoc120_dataset_generation\samples\toi_988_01.npz
2176,7856.01,417679385,KP,0.6535255,2460313.089924,1.1193935,5602.2704545,14.987,4571.0,0.734657,290.96621,51.504766,2026-07-23 23:57:56,2026-07-24 15:12:51,1,ok,True,6,8,train,2283,74,success,0,0,14317,0.0,0.0,0.0,c:\Users\user\Documents\HSFlensburgMaster\Sommersemester2026\AdvancedDeepLearning\Projekt\Exoplanets\data\interim\spoc120_dataset_generation\samples\toi_7856_01.npz
2177,7858.01,158490401,KP,12.7137939,2459394.331975,2.4993204,66412.7085907,11.034,3678.9,0.48,287.559807,46.95726,2026-07-23 23:57:56,2026-07-24 15:12:51,1,ok,True,10,4,train,2284,40,success,0,0,18094,0.0,0.0,0.0,c:\Users\user\Documents\HSFlensburgMaster\Sommersemester2026\AdvancedDeepLearning\Projekt\Exoplanets\data\interim\spoc120_dataset_generation\samples\toi_7858_01.npz
2178,7860.01,299161524,KP,12.611812,2460298.278657,4.7520365,5274.0385549,14.6048,5462.0,1.9405299,289.11222,51.737359,2026-07-23 23:57:56,2026-07-24 15:12:51,1,ok,True,8,6,train,2285,73,success,46,0,11258,22.885572139303484,0.0,22.885572139303484,c:\Users\user\Documents\HSFlensburgMaster\Sommersemester2026\AdvancedDeepLearning\Projekt\Exoplanets\data\interim\spoc120_dataset_generation\samples\toi_7860_01.npz
2179,992.01,108835813,FP,4.76516,2458494.06581,2.892,647.689,10.0813,9412.5,,112.616704,-26.080682,2019-07-24 15:58:33,2021-10-29 12:59:15,0,ok,True,1,8,train,2286,34,success,0,0,16785,0.0,0.0,0.0,c:\Users\user\Documents\HSFlensburgMaster\Sommersemester2026\AdvancedDeepLearning\Projekt\Exoplanets\data\interim\spoc120_dataset_generation\samples\toi_992_01.npz
2180,994.01,93963408,FP,2.396722,2459229.899754,3.9453168,384.8985474,10.0267,10393.0,1.87739,115.046333,-9.084269,2019-07-24 15:58:33,2021-10-29 12:59:15,0,ok,True,1,0,train,2287,34,success,0,0,16900,0.0,0.0,0.0,c:\Users\user\Documents\HSFlensburgMaster\Sommersemester2026\AdvancedDeepLearning\Projekt\Exoplanets\data\interim\spoc120_dataset_generation\samples\toi_994_01.npz
2181,995.01,317951248,FP,3.4438,2458493.5283,2.572,7260.75,10.0781,4805.2,,110.811443,5.56285,2019-07-24 15:58:33,2021-10-29 12:59:15,0,ok,True,1,10,train,2288,33,success,0,0,17387,0.0,0.0,0.0,c:\Users\user\Documents\HSFlensburgMaster\Sommersemester2026\AdvancedDeepLearning\Projekt\Exoplanets\data\interim\spoc120_dataset_generation\samples\toi_995_01.npz
2182,996.01,142918609,FP,14.5378,2458494.77797,6.826,4040.0,9.7925,8007.0,2.05,119.349948,-19.516015,2019-07-24 15:58:33,2021-10-29 12:59:15,0,ok,True,1,17,test,2289,34,success,20,0,16899,9.950248756218906,0.0,9.950248756218906,c:\Users\user\Documents\HSFlensburgMaster\Sommersemester2026\AdvancedDeepLearning\Projekt\Exoplanets\data\interim\spoc120_dataset_generation\samples\toi_996_01.npz
2183,997.01,341729521,FP,8.4134856,2459230.149086,3.5568334,17479.6053306,9.7727,5786.0,0.926261,121.319521,-59.579798,2019-07-24 15:58:33,2024-09-09 10:08:01,0,ok,True,4,4,train,2290,34,success,0,0,16836,0.0,0.0,0.0,c:\Users\user\Documents\HSFlensburgMaster\Sommersemester2026\AdvancedDeepLearning\Projekt\Exoplanets\data\interim\spoc120_dataset_generation\samples\toi_997_01.npz
2184,998.01,54390047,FP,0.941436,2459229.569561,1.3606996,339.9126618,9.6952,8322.0,2.34986,118.319555,-14.218823,2019-07-24 15:58:33,2024-09-09 10:08:01,0,ok,True,1,17,test,2291,34,success,0,0,16897,0.0,0.0,0.0,c:\Users\user\Documents\HSFlensburgMaster\Sommersemester2026\AdvancedDeepLearning\Projekt\Exoplanets\data\interim\spoc120_dataset_generation\samples\toi_998_01.npz
2185,999.01,341186896,FP,1.5078959,2459985.987965,2.759,1839.0,9.6171,6635.0,1.3,118.864086,-58.22206,2019-07-24 15:58:33,2024-09-09 10:08:01,0,ok,True,5,3,train,2292,27,success,0,0,10562,0.0,0.0,0.0,c:\Users\user\Documents\HSFlensburgMaster\Sommersemester2026\AdvancedDeepLearning\Projekt\Exoplanets\data\interim\spoc120_dataset_generation\samples\toi_999_01.npz
2186,792.01,294780517,FP,15.6477055,2458416.495917,1.336067,1515.1689468,11.7345,5107.98,0.835807,71.245764,-67.98105,2019-06-14 18:35:01,2023-04-04 16:02:02,0,ok,True,30,17,test,2295,4,success,31,0,14714,15.422885572139302,0.0,15.422885572139302,c:\Users\user\Documents\HSFlensburgMaster\Sommersemester2026\AdvancedDeepLearning\Projekt\Exoplanets\data\interim\spoc120_dataset_generation\samples\toi_792_01.npz
2187,796.01,277099925,FA,0.8086308,2458325.966891,3.0190282,889.7191222,10.721,5780.0,1.0,83.986551,-67.459594,2019-05-24 18:30:47,2021-10-29 12:59:15,0,ok,True,35,17,test,2297,1,success,0,0,18277,0.0,0.0,0.0,c:\Users\user\Documents\HSFlensburgMaster\Sommersemester2026\AdvancedDeepLearning\Projekt\Exoplanets\data\interim\spoc120_dataset_generation\samples\toi_796_01.npz
2188,803.01,143526444,FP,15.3050693,2459974.31761,3.872,770.0,9.3309,5370.0,4.16,125.645029,-19.254613,2019-06-14 18:35:01,2023-03-08 16:02:02,0,ok,True,3,13,train,2298,7,success,21,0,16343,10.44776119402985,0.0,10.44776119402985,c:\Users\user\Documents\HSFlensburgMaster\Sommersemester2026\AdvancedDeepLearning\Projekt\Exoplanets\data\interim\spoc120_dataset_generation\samples\toi_803_01.npz
2189,804.01,41227743,FP,1.4188153,2458326.243939,4.5754288,136.3471608,10.714,5988.0,,91.519783,-69.420238,2019-06-14 18:35:01,2025-12-11 10:08:01,0,ok,True,35,7,train,2299,1,success,0,0,18276,0.0,0.0,0.0,c:\Users\user\Documents\HSFlensburgMaster\Sommersemester2026\AdvancedDeepLearning\Projekt\Exoplanets\data\interim\spoc120_dataset_generation\samples\toi_804_01.npz
2190,814.01,255760319,FP,7.21048,2458359.73394,2.671,250.094,8.9944,5920.4,2.14,99.714619,-53.107598,2019-06-21 19:17:58,2021-12-07 16:02:02,0,ok,True,9,14,validation,2301,6,success,0,0,14652,0.0,0.0,0.0,c:\Users\user\Documents\HSFlensburgMaster\Sommersemester2026\AdvancedDeepLearning\Projekt\Exoplanets\data\interim\spoc120_dataset_generation\samples\toi_814_01.npz
2191,815.01,102840239,CP,11.1972769,2460026.624284,3.061,1301.0,9.36,4953.9,0.76,155.871938,-43.834925,2019-06-21 19:21:00,2025-03-25 12:03:48,1,ok,True,5,15,validation,2302,36,success,0,0,15315,0.0,0.0,0.0,c:\Users\user\Documents\HSFlensburgMaster\Sommersemester2026\AdvancedDeepLearning\Projekt\Exoplanets\data\interim\spoc120_dataset_generation\samples\toi_815_01.npz
2192,816.01,175180796,FP,1.55747,2458493.44312,2.714,3127.94,11.143,4146.6,0.62,116.010481,-36.996503,2019-06-21 19:23:11,2021-10-29 12:59:15,0,ok,True,3,17,test,2304,7,success,0,0,16342,0.0,0.0,0.0,c:\Users\user\Documents\HSFlensburgMaster\Sommersemester2026\AdvancedDeepLearning\Projekt\Exoplanets\data\interim\spoc120_dataset_generation\samples\toi_816_01.npz
2193,817.01,30312676,FP,1.10223,2459126.7692,2.598,1015.0,11.3029,8747.0,2.23767,74.286788,-66.390334,2019-06-17 17:15:50,2022-02-15 16:02:02,0,ok,True,41,1,train,2305,1,success,0,0,18256,0.0,0.0,0.0,c:\Users\user\Documents\HSFlensburgMaster\Sommersemester2026\AdvancedDeepLearning\Projekt\Exoplanets\data\interim\spoc120_dataset_generation\samples\toi_817_01.npz
2194,818.01,46096489,KP,3.118536,2458598.072777,2.043274,12242.731322,10.6481,5700.0,0.95,214.683011,-20.275437,2019-06-17 17:15:50,2024-09-09 10:08:01,1,ok,True,2,1,train,2306,11,success,0,0,13807,0.0,0.0,0.0,c:\Users\user\Documents\HSFlensburgMaster\Sommersemester2026\AdvancedDeepLearning\Projekt\Exoplanets\data\interim\spoc120_dataset_generation\samples\toi_818_01.npz
2195,819.01,73717937,KP,16.2546802,2459301.040554,4.74,4950.0,11.7528,5846.0,1.32,192.189568,-47.613679,2019-06-17 17:15:50,2023-01-24 16:02:02,1,ok,True,7,10,train,2307,10,success,42,0,14969,20.8955223880597,0.0,20.8955223880597,c:\Users\user\Documents\HSFlensburgMaster\Sommersemester2026\AdvancedDeepLearning\Projekt\Exoplanets\data\interim\spoc120_dataset_generation\samples\toi_819_01.npz
2196,820.01,111991770,KP,3.752062,2458599.445086,3.680056,9500.430305,10.4445,6300.0,1.48,208.928011,-32.159712,2019-06-17 17:15:51,2024-09-09 10:08:01,1,ok,True,2,19,test,2308,11,success,0,0,11005,0.0,0.0,0.0,c:\Users\user\Documents\HSFlensburgMaster\Sommersemester2026\AdvancedDeepLearning\Projekt\Exoplanets\data\interim\spoc120_dataset_generation\samples\toi_820_01.npz
2197,821.01,125405602,FA,13.8233035,2458606.784642,1.365217,2556.532346,11.1825,3669.0,0.477,209.615851,-23.277572,2019-06-17 17:15:51,2026-07-25 16:00:02,0,ok,True,2,9,train,2309,11,success,53,0,13714,26.368159203980102,0.0,26.368159203980102,c:\Users\user\Documents\HSFlensburgMaster\Sommersemester2026\AdvancedDeepLearning\Projekt\Exoplanets\data\interim\spoc120_dataset_generation\samples\toi_821_01.npz
2198,822.01,127530399,KP,7.1335149,2458602.855939,3.1376265,18037.5300175,11.1116,4775.0,0.789877,217.6092,-46.159516,2019-06-17 17:15:51,2024-09-09 10:08:01,1,ok,True,4,18,test,2310,11,success,0,0,13722,0.0,0.0,0.0,c:\Users\user\Documents\HSFlensburgMaster\Sommersemester2026\AdvancedDeepLearning\Projekt\Exoplanets\data\interim\spoc120_dataset_generation\samples\toi_822_01.npz
2199,822.02,127530399,CP,1.0115336,2458597.575673,1.6201453,640.6892788,11.1116,4775.0,0.789877,217.6092,-46.159516,2021-10-28 01:48:14,2022-06-01 12:04:12,1,ok,True,4,18,test,2311,11,success,0,0,13722,0.0,0.0,0.0,c:\Users\user\Documents\HSFlensburgMaster\Sommersemester2026\AdvancedDeepLearning\Projekt\Exoplanets\data\interim\spoc120_dataset_generation\samples\toi_822_02.npz
2200,824.01,193641523,CP,1.3929721,2458597.813432,1.0799517,1576.0776119,10.0732,4452.0,0.729635,222.16547,-57.588867,2019-06-17 17:15:52,2024-02-15 10:08:02,1,ok,True,8,18,test,2312,11,success,0,0,15409,0.0,0.0,0.0,c:\Users\user\Documents\HSFlensburgMaster\Sommersemester2026\AdvancedDeepLearning\Projekt\Exoplanets\data\interim\spoc120_dataset_generation\samples\toi_824_01.npz
2201,825.01,220029715,KP,3.1853186,2458598.749132,2.2396998,4917.3378908,12.4284,4944.0,0.781959,208.856746,-21.207859,2019-06-17 17:15:52,2024-03-14 16:54:32,1,ok,True,4,8,train,2313,11,success,0,0,13245,0.0,0.0,0.0,c:\Users\user\Documents\HSFlensburgMaster\Sommersemester2026\AdvancedDeepLearning\Projekt\Exoplanets\data\interim\spoc120_dataset_generation\samples\toi_825_01.npz
2202,826.01,243200602,KP,11.5509742,2460063.00836,3.571,10842.0,10.491,5625.0,1.06,203.106019,-42.475273,2019-06-17 17:15:52,2023-06-28 10:10:02,1,ok,True,5,11,train,2314,11,success,0,0,14308,0.0,0.0,0.0,c:\Users\user\Documents\HSFlensburgMaster\Sommersemester2026\AdvancedDeepLearning\Projekt\Exoplanets\data\interim\spoc120_dataset_generation\samples\toi_826_01.npz
2203,828.01,271168962,KP,5.3220505,2460043.844612,3.8815964,6562.7794806,9.47199,6030.0,1.95757,210.193571,-30.583608,2019-06-17 17:15:53,2023-06-15 16:02:02,1,ok,True,3,13,train,2315,11,success,0,0,11992,0.0,0.0,0.0,c:\Users\user\Documents\HSFlensburgMaster\Sommersemester2026\AdvancedDeepLearning\Projekt\Exoplanets\data\interim\spoc120_dataset_generation\samples\toi_828_01.npz
2204,832.01,350332997,FP,1.9160221,2459357.079526,1.405,2430.0,11.7611,5623.0,2.09,84.081627,-54.191199,2019-06-17 17:15:54,2024-09-09 10:08:01,0,ok,True,11,11,train,2316,11,success,0,0,12376,0.0,0.0,0.0,c:\Users\user\Documents\HSFlensburgMaster\Sommersemester2026\AdvancedDeepLearning\Projekt\Exoplanets\data\interim\spoc120_dataset_generation\samples\toi_832_01.npz
2205,833.01,362249359,CP,1.041889,2458544.120496,1.2737667,465.3854112,10.1461,3965.0,0.603336,145.645472,-62.475886,2019-06-17 17:15:55,2024-02-15 10:08:02,1,ok,True,8,6,train,2317,9,success,0,0,16170,0.0,0.0,0.0,c:\Users\user\Documents\HSFlensburgMaster\Sommersemester2026\AdvancedDeepLearning\Projekt\Exoplanets\data\interim\spoc120_dataset_generation\samples\toi_833_01.npz
2206,834.01,404340025,KP,2.6755521,2458597.038666,3.2277336,14340.9908648,10.7036,6783.0,1.3441499,195.828164,-49.639773,2019-06-27 18:48:45,2024-09-09 10:08:01,1,ok,True,6,7,train,2318,11,success,0,0,13631,0.0,0.0,0.0,c:\Users\user\Documents\HSFlensburgMaster\Sommersemester2026\AdvancedDeepLearning\Projekt\Exoplanets\data\interim\spoc120_dataset_generation\samples\toi_834_01.npz
2207,836.01,440887364,CP,8.5954792,2459356.164023,2.47,1140.0,8.6486,4476.0,0.69,225.079883,-24.454202,2019-06-17 17:15:56,2024-09-09 10:08:01,1,ok,True,3,8,train,2319,11,success,0,0,14185,0.0,0.0,0.0,c:\Users\user\Documents\HSFlensburgMaster\Sommersemester2026\AdvancedDeepLearning\Projekt\Exoplanets\data\interim\spoc120_dataset_generation\samples\toi_836_01.npz
2208,836.02,440887364,CP,3.8167262,2459355.705342,1.602,580.0,8.6486,4476.0,0.69,225.079883,-24.454202,2019-06-17 17:15:56,2024-09-09 10:08:01,1,ok,True,3,8,train,2320,11,success,0,0,14185,0.0,0.0,0.0,c:\Users\user\Documents\HSFlensburgMaster\Sommersemester2026\AdvancedDeepLearning\Projekt\Exoplanets\data\interim\spoc120_dataset_generation\samples\toi_836_02.npz
2209,837.01,460205581,CP,8.3249172,2460022.80686,1.406,4535.0,9.9322,6513.0,1.01,157.037281,-64.505211,2019-06-17 17:15:57,2023-05-05 16:02:01,1,ok,True,7,17,test,2321,10,success,0,0,16004,0.0,0.0,0.0,c:\Users\user\Documents\HSFlensburgMaster\Sommersemester2026\AdvancedDeepLearning\Projekt\Exoplanets\data\interim\spoc120_dataset_generation\samples\toi_837_01.npz
2210,838.01,461271719,FP,7.6246239,2458603.195906,2.0328127,1256.0632059,8.7823,7313.0,2.6298299,203.166643,-38.845947,2019-06-27 18:48:45,2024-09-09 10:08:01,0,ok,True,3,0,train,2322,11,success,0,0,13387,0.0,0.0,0.0,c:\Users\user\Documents\HSFlensburgMaster\Sommersemester2026\AdvancedDeepLearning\Projekt\Exoplanets\data\interim\spoc120_dataset_generation\samples\toi_838_01.npz
2211,839.01,466840711,KP,2.4855428,2458571.553691,2.7385746,17549.6797518,14.1491,6933.0,1.59944,166.979879,-61.14625,2019-06-17 17:15:57,2026-03-13 10:08:01,1,ok,True,7,13,train,2323,10,success,0,0,16458,0.0,0.0,0.0,c:\Users\user\Documents\HSFlensburgMaster\Sommersemester2026\AdvancedDeepLearning\Projekt\Exoplanets\data\interim\spoc120_dataset_generation\samples\toi_839_01.npz
2212,840.01,287563610,KP,3.7993182,2459328.560231,2.302,7590.0,13.0546,5318.0,0.97,198.132842,-45.590574,2019-06-17 17:15:53,2023-01-24 16:02:02,1,ok,True,5,7,train,2324,11,success,0,0,14259,0.0,0.0,0.0,c:\Users\user\Documents\HSFlensburgMaster\Sommersemester2026\AdvancedDeepLearning\Projekt\Exoplanets\data\interim\spoc120_dataset_generation\samples\toi_840_01.npz
2213,843.01,437333618,KP,4.2986466,2458598.424853,3.1434483,15275.7584547,12.472,5715.0,1.11852,207.907675,-23.78124,2019-06-17 17:15:56,2024-09-09 10:08:01,1,ok,True,3,9,train,2325,11,success,0,0,13594,0.0,0.0,0.0,c:\Users\user\Documents\HSFlensburgMaster\Sommersemester2026\AdvancedDeepLearning\Projekt\Exoplanets\data\interim\spoc120_dataset_generation\samples\toi_843_01.npz
2214,844.01,380886535,FP,8.9066251,2459451.724033,1.9618338,2178.8336338,11.7952,5829.6,1.51595,19.461136,0.346971,2019-07-10 19:36:45,2022-03-11 12:02:52,0,ok,True,4,10,train,2326,30,success,0,0,16074,0.0,0.0,0.0,c:\Users\user\Documents\HSFlensburgMaster\Sommersemester2026\AdvancedDeepLearning\Projekt\Exoplanets\data\interim\spoc120_dataset_generation\samples\toi_844_01.npz
2215,845.01,32283946,FP,7.06181,2458389.0024,5.853,22745.5,11.7582,5818.3,1.49,24.172722,-31.670795,2019-07-10 19:36:45,2026-04-15 10:08:02,0,ok,True,1,10,train,2327,30,success,0,0,16584,0.0,0.0,0.0,c:\Users\user\Documents\HSFlensburgMaster\Sommersemester2026\AdvancedDeepLearning\Projekt\Exoplanets\data\interim\spoc120_dataset_generation\samples\toi_845_01.npz
2216,848.01,42015200,FP,9.77742,2458391.66318,6.713,6740.0,11.6818,4513.0,2.87,24.216097,-39.142583,2019-07-10 19:36:45,2022-07-28 10:10:02,0,ok,True,5,16,validation,2329,29,success,0,0,14361,0.0,0.0,0.0,c:\Users\user\Documents\HSFlensburgMaster\Sommersemester2026\AdvancedDeepLearning\Projekt\Exoplanets\data\interim\spoc120_dataset_generation\samples\toi_848_01.npz
2217,849.01,33595516,CP,0.76566,2458384.01956,1.452,1410.0,11.5485,5311.0,0.92,28.715796,-29.421709,2019-07-10 19:36:45,2021-10-29 12:59:15,1,ok,True,3,14,validation,2330,97,success,0,0,29581,0.0,0.0,0.0,c:\Users\user\Documents\HSFlensburgMaster\Sommersemester2026\AdvancedDeepLearning\Projekt\Exoplanets\data\interim\spoc120_dataset_generation\samples\toi_849_01.npz
2218,857.01,404467699,KP,3.9080236,2459137.830843,3.292,8100.0,10.2676,6143.0,1.63,25.871364,-14.149185,2019-07-10 19:36:45,2025-08-29 16:00:02,1,ok,True,1,3,train,2331,30,success,0,0,15739,0.0,0.0,0.0,c:\Users\user\Documents\HSFlensburgMaster\Sommersemester2026\AdvancedDeepLearning\Projekt\Exoplanets\data\interim\spoc120_dataset_generation\samples\toi_857_01.npz
2219,858.01,198008005,CP,3.2797206,2459088.312108,3.5795839,11148.420202,10.6444,5857.0,1.29747,60.199826,-54.592918,2019-07-10 19:36:45,2025-06-04 10:08:01,1,ok,True,5,0,train,2332,29,success,0,0,14827,0.0,0.0,0.0,c:\Users\user\Documents\HSFlensburgMaster\Sommersemester2026\AdvancedDeepLearning\Projekt\Exoplanets\data\interim\spoc120_dataset_generation\samples\toi_858_01.npz
2220,861.01,372913430,FP,6.7391601,2460894.248512,2.537,3040.0,8.3502,10341.0,3.39,119.533518,-60.780499,2019-07-12 15:24:44,2026-03-11 16:00:02,0,ok,True,5,18,test,2333,27,success,0,0,13964,0.0,0.0,0.0,c:\Users\user\Documents\HSFlensburgMaster\Sommersemester2026\AdvancedDeepLearning\Projekt\Exoplanets\data\interim\spoc120_dataset_generation\samples\toi_861_01.npz
2221,866.01,381976956,FA,22.338916,2458330.873539,3.4122327,605.5453887,9.0099,4866.0,7.56825,77.546589,-57.586679,2019-07-12 16:20:28,2024-09-09 10:08:01,0,ok,True,32,10,train,2334,1,success,9,0,18275,4.477611940298507,0.0,4.477611940298507,c:\Users\user\Documents\HSFlensburgMaster\Sommersemester2026\AdvancedDeepLearning\Projekt\Exoplanets\data\interim\spoc120_dataset_generation\samples\toi_866_01.npz
2222,868.01,271596418,FP,0.556109,2458325.748771,1.096708,172.860189,10.7109,5670.45,1.18329,108.568016,-74.970528,2019-07-12 16:20:28,2021-10-29 12:59:15,0,ok,True,32,9,train,2335,1,success,0,0,18278,0.0,0.0,0.0,c:\Users\user\Documents\HSFlensburgMaster\Sommersemester2026\AdvancedDeepLearning\Projekt\Exoplanets\data\interim\spoc120_dataset_generation\samples\toi_868_01.npz
2223,869.01,200807066,FA,26.2588239,2458404.072952,4.4279477,251.0105068,8.9043,5908.0,1.24841,53.178982,-51.788532,2019-07-12 16:20:28,2024-09-09 10:08:01,0,ok,True,4,6,train,2336,3,success,59,0,12982,29.35323383084577,0.0,29.35323383084577,c:\Users\user\Documents\HSFlensburgMaster\Sommersemester2026\AdvancedDeepLearning\Projekt\Exoplanets\data\interim\spoc120_dataset_generation\samples\toi_869_01.npz
2224,871.01,219344917,CP,14.362738,2458417.051084,3.2043798,541.9770506,9.7607,4939.0,0.732189,74.737626,-50.627415,2019-07-12 16:20:28,2025-04-21 12:03:49,1,ok,True,7,3,train,2337,4,success,31,0,14445,15.422885572139302,0.0,15.422885572139302,c:\Users\user\Documents\HSFlensburgMaster\Sommersemester2026\AdvancedDeepLearning\Projekt\Exoplanets\data\interim\spoc120_dataset_generation\samples\toi_871_01.npz
2225,878.01,219380235,FA,3.9773904,2459196.628398,2.82,1134.0,10.8239,5518.3,1.77,76.761786,-51.766957,2019-07-12 19:27:36,2021-10-29 12:59:15,0,ok,True,4,6,train,2338,30,success,0,0,16626,0.0,0.0,0.0,c:\Users\user\Documents\HSFlensburgMaster\Sommersemester2026\AdvancedDeepLearning\Projekt\Exoplanets\data\interim\spoc120_dataset_generation\samples\toi_878_01.npz
2226,879.01,37084932,FP,6.58454,2458470.64431,3.395,5500.94,9.5254,8829.0,,98.123772,-3.54484,2019-07-12 19:27:36,2021-10-29 12:59:15,0,ok,True,1,0,train,2339,33,success,0,0,17457,0.0,0.0,0.0,c:\Users\user\Documents\HSFlensburgMaster\Sommersemester2026\AdvancedDeepLearning\Projekt\Exoplanets\data\interim\spoc120_dataset_generation\samples\toi_879_01.npz
2227,880.02,34077285,CP,2.5735943,2460663.874669,2.4810064,739.6008283,9.2563,4935.0,0.816999,94.164473,-13.987337,2021-02-19 00:26:39,2025-05-28 16:00:02,1,ok,True,2,2,train,2340,33,success,0,0,17458,0.0,0.0,0.0,c:\Users\user\Documents\HSFlensburgMaster\Sommersemester2026\AdvancedDeepLearning\Projekt\Exoplanets\data\interim\spoc120_dataset_generation\samples\toi_880_02.npz
2228,881.01,237808867,FP,0.56708,2458468.86467,1.253,980.0,9.792,5274.0,9.78,104.479884,5.748028,2019-07-12 19:27:36,2021-10-29 12:59:15,0,ok,True,1,1,train,2341,33,success,0,0,17456,0.0,0.0,0.0,c:\Users\user\Documents\HSFlensburgMaster\Sommersemester2026\AdvancedDeepLearning\Projekt\Exoplanets\data\interim\spoc120_dataset_generation\samples\toi_881_01.npz
2229,882.01,92013169,FP,2.3552639,2460282.512522,1.033,912.0,9.73965,7069.0,2.37,89.16524,14.785575,2019-07-12 19:27:36,2024-01-17 16:02:04,0,ok,True,6,11,train,2342,33,success,0,0,17446,0.0,0.0,0.0,c:\Users\user\Documents\HSFlensburgMaster\Sommersemester2026\AdvancedDeepLearning\Projekt\Exoplanets\data\interim\spoc120_dataset_generation\samples\toi_882_01.npz
2230,884.01,167031605,FP,2.7809,2458468.69741,1.803,2990.0,9.9534,11246.0,5.45,93.921031,11.832621,2019-07-12 19:27:36,2022-07-11 16:02:02,0,ok,True,1,16,validation,2343,33,success,0,0,17383,0.0,0.0,0.0,c:\Users\user\Documents\HSFlensburgMaster\Sommersemester2026\AdvancedDeepLearning\Projekt\Exoplanets\data\interim\spoc120_dataset_generation\samples\toi_884_01.npz
2231,778.01,335630746,CP,4.6336155,2459574.942709,3.557,7660.0,8.69009,6780.0,1.68,199.33385,-15.273705,2019-06-11 20:03:40,2024-09-10 10:08:02,1,ok,True,3,2,train,2344,10,success,0,0,15061,0.0,0.0,0.0,c:\Users\user\Documents\HSFlensburgMaster\Sommersemester2026\AdvancedDeepLearning\Projekt\Exoplanets\data\interim\spoc120_dataset_generation\samples\toi_778_01.npz
2232,886.01,120269103,FP,20.4276727,2459203.108337,5.1878327,2988.5020776,8.26522,8844.0,3.25795,101.693856,-6.144778,2019-07-12 19:27:36,2024-09-09 10:08:01,0,ok,True,1,7,train,2345,33,success,15,0,17405,7.462686567164178,0.0,7.462686567164178,c:\Users\user\Documents\HSFlensburgMaster\Sommersemester2026\AdvancedDeepLearning\Projekt\Exoplanets\data\interim\spoc120_dataset_generation\samples\toi_886_01.npz
2233,888.01,438295981,FP,3.96643,2458472.15837,2.025,828.371,9.52621,6565.2,1.9,96.666044,13.29938,2019-07-12 19:27:36,2021-10-29 12:59:15,0,ok,True,4,14,validation,2346,33,success,0,0,17388,0.0,0.0,0.0,c:\Users\user\Documents\HSFlensburgMaster\Sommersemester2026\AdvancedDeepLearning\Projekt\Exoplanets\data\interim\spoc120_dataset_generation\samples\toi_888_01.npz
2234,889.01,284288080,FP,1.83485,2458469.90719,2.673,1200.0,10.8457,6466.0,1.68,106.649775,-53.546434,2019-07-12 19:27:36,2021-10-29 12:59:15,0,ok,True,4,9,train,2347,33,success,0,0,17458,0.0,0.0,0.0,c:\Users\user\Documents\HSFlensburgMaster\Sommersemester2026\AdvancedDeepLearning\Projekt\Exoplanets\data\interim\spoc120_dataset_generation\samples\toi_889_01.npz
2235,891.01,33690636,FP,4.99915,2458468.9545,5.256,684.271,11.0427,4696.0,0.79,93.122299,-16.792043,2019-07-12 19:27:36,2024-09-09 10:08:01,0,ok,True,1,18,test,2348,33,success,0,0,17457,0.0,0.0,0.0,c:\Users\user\Documents\HSFlensburgMaster\Sommersemester2026\AdvancedDeepLearning\Projekt\Exoplanets\data\interim\spoc120_dataset_generation\samples\toi_891_01.npz
2236,892.01,66561343,CP,10.6265837,2459219.552074,5.415,7530.0,10.9739,7723.0,1.35,86.738228,-11.23534,2019-07-12 19:27:36,2021-10-29 12:59:15,1,ok,True,2,6,train,2349,33,success,0,0,17458,0.0,0.0,0.0,c:\Users\user\Documents\HSFlensburgMaster\Sommersemester2026\AdvancedDeepLearning\Projekt\Exoplanets\data\interim\spoc120_dataset_generation\samples\toi_892_01.npz
2237,894.01,42755801,FP,4.3433389,2459225.901334,4.514,1100.0,9.1672,9900.0,3.83,96.793934,-4.7801,2019-07-12 19:27:36,2024-09-09 10:08:01,0,ok,True,1,19,test,2350,33,success,0,0,17458,0.0,0.0,0.0,c:\Users\user\Documents\HSFlensburgMaster\Sommersemester2026\AdvancedDeepLearning\Projekt\Exoplanets\data\interim\spoc120_dataset_generation\samples\toi_894_01.npz
2238,895.01,250484865,FP,0.76189,2458468.75811,1.904,190.0,8.7973,5998.0,1.11,94.205654,-2.92914,2019-07-12 19:27:36,2021-10-29 12:59:15,0,ok,True,1,14,validation,2351,33,success,0,0,17455,0.0,0.0,0.0,c:\Users\user\Documents\HSFlensburgMaster\Sommersemester2026\AdvancedDeepLearning\Projekt\Exoplanets\data\interim\spoc120_dataset_generation\samples\toi_895_01.npz
2239,896.01,102283403,FA,3.52985,2458471.13285,1.907,560.0,9.08959,6627.0,1.37,89.15458,10.551759,2019-07-12 19:27:36,2026-07-25 16:00:02,0,ok,True,1,16,validation,2352,33,success,0,0,17446,0.0,0.0,0.0,c:\Users\user\Documents\HSFlensburgMaster\Sommersemester2026\AdvancedDeepLearning\Projekt\Exoplanets\data\interim\spoc120_dataset_generation\samples\toi_896_01.npz
2240,897.01,229384040,FP,1.2980202,2459211.72088,3.007,250.0,9.11269,6128.0,1.62,98.59774,8.413625,2019-07-12 19:27:36,2024-09-09 10:08:01,0,ok,True,1,13,train,2353,33,success,0,0,17444,0.0,0.0,0.0,c:\Users\user\Documents\HSFlensburgMaster\Sommersemester2026\AdvancedDeepLearning\Projekt\Exoplanets\data\interim\spoc120_dataset_generation\samples\toi_897_01.npz
2241,780.01,398943781,KP,3.0524018,2459329.902022,2.483,22270.0,10.7875,5545.0,0.88,190.618803,-30.639818,2019-06-11 20:03:40,2023-01-25 10:10:01,1,ok,True,4,16,validation,2354,10,success,0,0,14775,0.0,0.0,0.0,c:\Users\user\Documents\HSFlensburgMaster\Sommersemester2026\AdvancedDeepLearning\Projekt\Exoplanets\data\interim\spoc120_dataset_generation\samples\toi_780_01.npz
2242,904.01,261257684,CP,10.8772748,2458626.968411,2.6829533,1827.2189379,10.846,3992.0,0.532439,89.371273,-83.129726,2019-07-15 19:20:08,2024-08-15 10:08:02,1,ok,True,12,4,train,2355,12,success,0,0,11776,0.0,0.0,0.0,c:\Users\user\Documents\HSFlensburgMaster\Sommersemester2026\AdvancedDeepLearning\Projekt\Exoplanets\data\interim\spoc120_dataset_generation\samples\toi_904_01.npz
2243,905.01,261867566,CP,3.7395716,2458628.349689,2.0436597,15256.9023477,10.5721,5565.0,1.00018,227.658675,-71.361632,2019-07-15 19:20:08,2024-02-15 10:08:02,1,ok,True,10,15,validation,2357,12,success,0,0,13088,0.0,0.0,0.0,c:\Users\user\Documents\HSFlensburgMaster\Sommersemester2026\AdvancedDeepLearning\Projekt\Exoplanets\data\interim\spoc120_dataset_generation\samples\toi_905_01.npz
2244,907.01,305424003,CP,4.5849129,2458627.05684,5.2493974,2101.0682794,9.9444,6272.0,2.0597899,262.183407,-62.840383,2019-07-15 19:20:10,2025-04-21 12:03:49,1,ok,True,7,6,train,2358,12,success,0,0,15174,0.0,0.0,0.0,c:\Users\user\Documents\HSFlensburgMaster\Sommersemester2026\AdvancedDeepLearning\Projekt\Exoplanets\data\interim\spoc120_dataset_generation\samples\toi_907_01.npz
2245,908.01,350153977,CP,3.1837789,2458626.550518,2.3252968,850.2084133,10.6513,5500.0,1.0523601,53.159427,-81.250745,2019-07-15 19:20:11,2024-03-14 16:54:32,1,ok,True,11,2,train,2359,12,success,0,0,14676,0.0,0.0,0.0,c:\Users\user\Documents\HSFlensburgMaster\Sommersemester2026\AdvancedDeepLearning\Projekt\Exoplanets\data\interim\spoc120_dataset_generation\samples\toi_908_01.npz
2246,909.01,364107753,FP,3.9043855,2460119.573617,3.525,255.0,7.0514,6059.06,1.31,251.362526,-71.839588,2019-07-15 19:20:12,2023-08-07 16:02:01,0,ok,True,6,5,train,2360,12,success,0,0,14232,0.0,0.0,0.0,c:\Users\user\Documents\HSFlensburgMaster\Sommersemester2026\AdvancedDeepLearning\Projekt\Exoplanets\data\interim\spoc120_dataset_generation\samples\toi_909_01.npz
2247,910.01,369327947,CP,2.0291067,2458626.204389,0.7339561,954.52078,10.1508,3194.0,0.287497,290.23794,-82.559788,2019-07-15 19:20:12,2024-08-15 10:08:02,1,ok,True,10,8,train,2361,12,success,0,0,16364,0.0,0.0,0.0,c:\Users\user\Documents\HSFlensburgMaster\Sommersemester2026\AdvancedDeepLearning\Projekt\Exoplanets\data\interim\spoc120_dataset_generation\samples\toi_910_01.npz
2248,912.01,406941612,CP,4.678059,2458628.407636,1.8117452,2029.239148,10.4904,3566.0,0.426465,229.328567,-80.473345,2019-07-22 19:45:36,2025-09-18 12:03:32,1,ok,True,8,5,train,2362,12,success,0,0,16343,0.0,0.0,0.0,c:\Users\user\Documents\HSFlensburgMaster\Sommersemester2026\AdvancedDeepLearning\Projekt\Exoplanets\data\interim\spoc120_dataset_generation\samples\toi_912_01.npz
2249,913.01,407126408,CP,11.099348,2458625.210727,3.2464373,1159.3892018,9.6181,4948.0,0.732535,234.572324,-80.803427,2019-07-15 19:20:13,2024-11-14 17:22:21,1,ok,True,8,18,test,2363,12,success,0,0,16633,0.0,0.0,0.0,c:\Users\user\Documents\HSFlensburgMaster\Sommersemester2026\AdvancedDeepLearning\Projekt\Exoplanets\data\interim\spoc120_dataset_generation\samples\toi_913_01.npz
2250,914.01,153027658,FP,2.3374921,2458384.9247,2.279,760.0,10.2413,5963.4,1.54,48.726093,-44.961855,2019-07-23 18:22:48,2021-10-29 12:59:15,0,ok,True,2,9,train,2364,30,success,0,0,16854,0.0,0.0,0.0,c:\Users\user\Documents\HSFlensburgMaster\Sommersemester2026\AdvancedDeepLearning\Projekt\Exoplanets\data\interim\spoc120_dataset_generation\samples\toi_914_01.npz
2251,915.01,259389219,FP,2.3250156,2459199.865578,1.775,1130.0,11.2486,5753.0,2.05,68.803771,-51.396562,2019-07-23 18:22:48,2024-09-09 10:08:01,0,ok,True,3,13,train,2365,30,success,0,0,16159,0.0,0.0,0.0,c:\Users\user\Documents\HSFlensburgMaster\Sommersemester2026\AdvancedDeepLearning\Projekt\Exoplanets\data\interim\spoc120_dataset_generation\samples\toi_915_01.npz
2252,781.01,413376180,KP,1.3541342,2458570.772731,2.0812883,20039.5506701,12.7492,5227.0,0.931471,176.738826,-22.56301,2019-06-11 20:03:40,2024-09-19 10:08:01,1,ok,True,4,6,train,2367,10,success,0,0,14220,0.0,0.0,0.0,c:\Users\user\Documents\HSFlensburgMaster\Sommersemester2026\AdvancedDeepLearning\Projekt\Exoplanets\data\interim\spoc120_dataset_generation\samples\toi_781_01.npz
2253,918.01,294869729,FP,1.1140067,2459199.904943,3.072,410.0,11.2716,5614.0,2.94,71.799228,-68.985641,2019-07-23 18:22:48,2025-07-10 10:08:01,0,ok,True,12,5,train,2368,27,success,0,0,16640,0.0,0.0,0.0,c:\Users\user\Documents\HSFlensburgMaster\Sommersemester2026\AdvancedDeepLearning\Projekt\Exoplanets\data\interim\spoc120_dataset_generation\samples\toi_918_01.npz
2254,920.01,271722899,FP,19.2998,2458335.23411,3.17,1864.78,11.191,3818.0,,110.312488,-73.453234,2019-07-23 18:22:48,2021-10-29 12:59:15,0,ok,True,21,3,train,2369,27,success,23,10,15179,11.442786069651742,16.39344262295082,16.39344262295082,c:\Users\user\Documents\HSFlensburgMaster\Sommersemester2026\AdvancedDeepLearning\Projekt\Exoplanets\data\interim\spoc120_dataset_generation\samples\toi_920_01.npz
2255,922.01,278199349,FP,9.46516,2458418.21857,3.951,10952.3,11.499,4120.0,,110.890427,-79.504188,2019-07-23 18:22:48,2021-10-29 12:59:15,0,ok,True,5,16,validation,2370,27,success,0,0,16153,0.0,0.0,0.0,c:\Users\user\Documents\HSFlensburgMaster\Sommersemester2026\AdvancedDeepLearning\Projekt\Exoplanets\data\interim\spoc120_dataset_generation\samples\toi_922_01.npz
2256,923.01,301051430,FP,3.2744665,2459117.395284,1.5496651,918.0803144,11.0264,6049.0,1.2460999,50.036337,-45.061851,2019-07-23 18:22:48,2024-08-15 10:08:02,0,ok,True,2,16,validation,2371,30,success,0,0,16836,0.0,0.0,0.0,c:\Users\user\Documents\HSFlensburgMaster\Sommersemester2026\AdvancedDeepLearning\Projekt\Exoplanets\data\interim\spoc120_dataset_generation\samples\toi_923_01.npz
2257,925.01,300599466,FP,13.17741,2458331.86537,2.75,1750.0,11.3377,5027.7,10.05,113.047662,-68.012289,2019-07-23 18:22:48,2022-07-11 16:02:02,0,ok,True,20,16,validation,2372,27,success,50,0,13614,24.875621890547265,0.0,24.875621890547265,c:\Users\user\Documents\HSFlensburgMaster\Sommersemester2026\AdvancedDeepLearning\Projekt\Exoplanets\data\interim\spoc120_dataset_generation\samples\toi_925_01.npz
2258,927.01,261258875,FP,2.5852,2458327.45003,1.963,290.0,9.2691,6639.0,2.66,89.730768,-79.743374,2019-07-09 14:50:03,2021-10-29 12:59:15,0,ok,True,7,6,train,2373,28,success,0,0,15193,0.0,0.0,0.0,c:\Users\user\Documents\HSFlensburgMaster\Sommersemester2026\AdvancedDeepLearning\Projekt\Exoplanets\data\interim\spoc120_dataset_generation\samples\toi_927_01.npz
2259,782.01,429358906,CP,8.0239811,2458577.042174,1.7082731,4010.0577601,12.2875,3331.0,0.406516,183.920361,-18.910338,2019-06-11 20:03:40,2025-04-21 12:03:49,1,ok,True,5,13,train,2375,10,success,0,0,13364,0.0,0.0,0.0,c:\Users\user\Documents\HSFlensburgMaster\Sommersemester2026\AdvancedDeepLearning\Projekt\Exoplanets\data\interim\spoc120_dataset_generation\samples\toi_782_01.npz
2260,935.01,260476837,FP,2.23294,2458327.85012,2.032,16930.0,12.7918,4814.0,0.804149,96.248202,-59.804574,2019-07-15 19:20:08,2024-09-07 10:08:02,0,ok,True,22,2,train,2376,11,success,0,0,10448,0.0,0.0,0.0,c:\Users\user\Documents\HSFlensburgMaster\Sommersemester2026\AdvancedDeepLearning\Projekt\Exoplanets\data\interim\spoc120_dataset_generation\samples\toi_935_01.npz
2261,942.01,146520535,CP,4.32765,2458441.57167,3.181,1480.0,11.0462,4945.0,0.91,76.649617,-20.245613,2019-07-24 14:30:01,2021-10-29 12:59:15,1,ok,True,2,17,test,2377,32,success,0,0,17493,0.0,0.0,0.0,c:\Users\user\Documents\HSFlensburgMaster\Sommersemester2026\AdvancedDeepLearning\Projekt\Exoplanets\data\interim\spoc120_dataset_generation\samples\toi_942_01.npz
2262,944.01,434234955,FP,6.0588453,2459196.69943,4.084,2740.0,11.3818,7011.0,3.6,63.811095,14.944839,2019-07-24 14:30:01,2024-09-07 10:08:02,0,ok,True,3,14,validation,2378,32,success,0,0,17217,0.0,0.0,0.0,c:\Users\user\Documents\HSFlensburgMaster\Sommersemester2026\AdvancedDeepLearning\Projekt\Exoplanets\data\interim\spoc120_dataset_generation\samples\toi_944_01.npz
2263,946.01,219205407,FP,6.1253092,2459356.387875,1.992,39400.0,10.8732,5008.3,1.05,92.833906,-51.466622,2019-04-01 16:52:00,2024-09-07 10:08:02,0,ok,True,5,15,validation,2379,28,success,0,0,14373,0.0,0.0,0.0,c:\Users\user\Documents\HSFlensburgMaster\Sommersemester2026\AdvancedDeepLearning\Projekt\Exoplanets\data\interim\spoc120_dataset_generation\samples\toi_946_01.npz
2264,949.01,189013222,FP,1.3228701,2459199.159811,1.589,720.0,10.2892,5136.1,0.84,79.101853,-15.512686,2019-07-24 14:30:01,2022-01-25 16:02:02,0,ok,True,2,9,train,2380,32,success,0,0,17606,0.0,0.0,0.0,c:\Users\user\Documents\HSFlensburgMaster\Sommersemester2026\AdvancedDeepLearning\Projekt\Exoplanets\data\interim\spoc120_dataset_generation\samples\toi_949_01.npz
2265,950.01,245947683,FA,1.14288,2458439.35452,1.699,2270.0,10.2098,6706.0,1.51,70.375099,14.815533,2019-07-24 14:30:01,2021-10-29 12:59:15,0,ok,True,4,13,train,2381,43,success,0,0,15625,0.0,0.0,0.0,c:\Users\user\Documents\HSFlensburgMaster\Sommersemester2026\AdvancedDeepLearning\Projekt\Exoplanets\data\interim\spoc120_dataset_generation\samples\toi_950_01.npz
2266,951.01,449050247,FP,2.96845,2458441.2993,3.707,17064.8,10.0938,5761.5,1.4,67.551337,5.298825,2019-07-24 14:30:01,2021-12-07 16:02:02,0,ok,True,1,13,train,2382,32,success,0,0,17256,0.0,0.0,0.0,c:\Users\user\Documents\HSFlensburgMaster\Sommersemester2026\AdvancedDeepLearning\Projekt\Exoplanets\data\interim\spoc120_dataset_generation\samples\toi_951_01.npz
2267,784.01,460984940,CP,2.7970316,2460038.66554,2.185,481.0,8.7537,5849.0,0.9,159.341221,-63.655692,2019-06-05 19:57:36,2023-06-29 12:02:52,1,ok,True,7,6,train,2383,10,success,0,0,16457,0.0,0.0,0.0,c:\Users\user\Documents\HSFlensburgMaster\Sommersemester2026\AdvancedDeepLearning\Projekt\Exoplanets\data\interim\spoc120_dataset_generation\samples\toi_784_01.npz
2268,953.01,449050248,FP,2.96844,2458441.29935,3.663,13028.0,9.87405,5772.0,1.54,67.552495,5.298431,2019-07-24 14:30:01,2023-03-15 12:03:11,0,ok,True,2,8,train,2384,32,success,0,0,17250,0.0,0.0,0.0,c:\Users\user\Documents\HSFlensburgMaster\Sommersemester2026\AdvancedDeepLearning\Projekt\Exoplanets\data\interim\spoc120_dataset_generation\samples\toi_953_01.npz
2269,954.01,44792534,CP,3.68497,2459167.32483,4.536,2070.0,9.77919,5756.0,1.93,61.941059,-25.208803,2019-07-24 14:30:01,2024-04-25 10:08:01,1,ok,True,1,14,validation,2385,31,success,0,0,16302,0.0,0.0,0.0,c:\Users\user\Documents\HSFlensburgMaster\Sommersemester2026\AdvancedDeepLearning\Projekt\Exoplanets\data\interim\spoc120_dataset_generation\samples\toi_954_01.npz
2270,955.01,146467675,FP,1.6375303,2459199.705849,1.606,770.0,9.70467,5888.8,1.72,76.081839,-20.731341,2019-07-24 14:30:01,2024-09-07 10:08:02,0,ok,True,1,17,test,2386,32,success,0,0,17496,0.0,0.0,0.0,c:\Users\user\Documents\HSFlensburgMaster\Sommersemester2026\AdvancedDeepLearning\Projekt\Exoplanets\data\interim\spoc120_dataset_generation\samples\toi_955_01.npz
2271,957.01,249067445,FP,0.8317937,2459198.9042,1.875,200.0,8.95699,8897.0,1.82,79.432431,-0.370122,2019-07-24 14:30:01,2024-09-07 10:08:02,0,ok,True,1,6,train,2387,32,success,0,0,17157,0.0,0.0,0.0,c:\Users\user\Documents\HSFlensburgMaster\Sommersemester2026\AdvancedDeepLearning\Projekt\Exoplanets\data\interim\spoc120_dataset_generation\samples\toi_957_01.npz
2272,959.01,279999655,FP,1.54104,2458492.69541,1.686,30644.8,10.649,8264.0,,114.012456,4.715116,2019-07-24 15:58:33,2021-10-29 12:59:15,0,ok,True,1,3,train,2388,34,success,0,0,16784,0.0,0.0,0.0,c:\Users\user\Documents\HSFlensburgMaster\Sommersemester2026\AdvancedDeepLearning\Projekt\Exoplanets\data\interim\spoc120_dataset_generation\samples\toi_959_01.npz
2273,960.01,5109298,FP,1.6187107,2459202.960241,4.739749,1352.1697973,10.6698,9385.0,2.22468,107.59809,-5.432679,2019-07-24 15:58:33,2023-08-10 16:02:02,0,ok,True,1,17,test,2389,33,success,0,0,17400,0.0,0.0,0.0,c:\Users\user\Documents\HSFlensburgMaster\Sommersemester2026\AdvancedDeepLearning\Projekt\Exoplanets\data\interim\spoc120_dataset_generation\samples\toi_960_01.npz
2274,961.01,265077027,FP,4.79586,2458496.16829,2.132,26891.1,10.6596,5782.5,1.3,127.178328,4.038553,2019-07-24 15:58:33,2021-10-29 12:59:15,0,ok,True,1,12,train,2390,34,success,0,0,16877,0.0,0.0,0.0,c:\Users\user\Documents\HSFlensburgMaster\Sommersemester2026\AdvancedDeepLearning\Projekt\Exoplanets\data\interim\spoc120_dataset_generation\samples\toi_961_01.npz
2275,962.01,141776043,FP,4.06269,2458493.35787,4.299,4210.0,11.2295,,,117.712497,-21.015735,2019-07-24 15:58:33,2021-10-29 12:59:15,0,ok,True,1,6,train,2391,34,success,0,0,16894,0.0,0.0,0.0,c:\Users\user\Documents\HSFlensburgMaster\Sommersemester2026\AdvancedDeepLearning\Projekt\Exoplanets\data\interim\spoc120_dataset_generation\samples\toi_962_01.npz
2276,964.01,179155220,FP,0.60274,2458491.88882,1.834,16763.6,10.6659,5146.2,0.83,109.106905,-8.329732,2019-07-24 15:58:33,2021-10-29 12:59:15,0,ok,True,1,16,validation,2392,33,success,0,0,17457,0.0,0.0,0.0,c:\Users\user\Documents\HSFlensburgMaster\Sommersemester2026\AdvancedDeepLearning\Projekt\Exoplanets\data\interim\spoc120_dataset_generation\samples\toi_964_01.npz
2277,965.01,179159972,FP,1.37101,2458491.95227,2.379,1561.43,10.6124,5947.5,1.15,109.056276,-9.893473,2019-07-24 15:58:33,2021-10-29 12:59:15,0,ok,True,1,3,train,2393,33,success,0,0,17458,0.0,0.0,0.0,c:\Users\user\Documents\HSFlensburgMaster\Sommersemester2026\AdvancedDeepLearning\Projekt\Exoplanets\data\interim\spoc120_dataset_generation\samples\toi_965_01.npz
2278,966.01,178367144,KP,3.4091568,2459965.700001,3.2067861,16294.3969402,10.5572,6316.0,1.21069,123.392246,-1.982787,2019-07-24 15:58:33,2023-08-10 16:02:02,1,ok,True,3,14,validation,2394,34,success,0,0,16770,0.0,0.0,0.0,c:\Users\user\Documents\HSFlensburgMaster\Sommersemester2026\AdvancedDeepLearning\Projekt\Exoplanets\data\interim\spoc120_dataset_generation\samples\toi_966_01.npz
2279,967.01,445586472,FP,1.7393631,2459230.004598,3.6069028,428.8811939,10.5704,7051.0,2.40368,117.084021,-57.236311,2019-07-24 15:58:33,2021-10-29 12:59:15,0,ok,True,5,12,train,2395,27,success,0,0,11946,0.0,0.0,0.0,c:\Users\user\Documents\HSFlensburgMaster\Sommersemester2026\AdvancedDeepLearning\Projekt\Exoplanets\data\interim\spoc120_dataset_generation\samples\toi_967_01.npz
2280,968.01,453209605,FP,2.80944,2458493.61746,3.151,1606.43,10.5766,4968.3,,116.914289,11.980797,2019-07-24 15:58:33,2021-10-29 12:59:15,0,ok,True,4,0,train,2396,34,success,0,0,16845,0.0,0.0,0.0,c:\Users\user\Documents\HSFlensburgMaster\Sommersemester2026\AdvancedDeepLearning\Projekt\Exoplanets\data\interim\spoc120_dataset_generation\samples\toi_968_01.npz
2281,969.01,280437559,CP,1.8237371,2459248.377773,1.347,1890.0,10.5424,4249.1,0.82,115.136686,2.098588,2019-07-24 15:58:33,2022-11-28 12:02:29,1,ok,True,1,15,validation,2397,34,success,0,0,16708,0.0,0.0,0.0,c:\Users\user\Documents\HSFlensburgMaster\Sommersemester2026\AdvancedDeepLearning\Projekt\Exoplanets\data\interim\spoc120_dataset_generation\samples\toi_969_01.npz
